subject,fold,M,config_id,frame_index,raw_start_sample,trace,warmup,measurement_session_id,host_raw_chunk_to_packet_ms,host_raw_chunk_bytes,host_response_bytes,host_raw_chunk_to_lite_ms,host_lite_decoder_ms,raw_end_sample,filter_us,normalize_us,project_us,quantize_us,packet_us,encoder_us,internal_free_bytes,stack_free_bytes
S1,1,51,1051,0,320,True,False,20261005T104005Z_7611453d,413.1715,2304,2416,415.4618,2.061,576,640,80,608,91,34,736,366924,6260
S1,1,51,1051,1,448,True,False,20261005T104005Z_7611453d,258.2252,512,2416,260.731,2.284,704,141,78,584,69,28,683,366924,6260
S1,1,51,1051,2,576,True,False,20261005T104005Z_7611453d,257.9345,512,2416,259.0867,1.0364,832,151,78,585,73,28,688,366924,6260
S1,1,51,1051,3,704,True,False,20261005T104005Z_7611453d,257.7442,512,2416,260.2695,2.333,960,144,77,585,68,27,683,366924,6260
S1,1,51,1051,4,832,True,False,20261005T104005Z_7611453d,257.9215,512,2416,260.0364,1.9037,1088,137,78,577,68,36,682,366924,6260
S1,1,51,1051,5,960,True,False,20261005T104005Z_7611453d,258.1789,512,2416,261.2903,2.8882,1216,141,77,577,75,28,682,366924,6260
S1,1,51,1051,6,1088,True,False,20261005T104005Z_7611453d,257.8649,512,2416,259.7907,1.7502,1344,141,78,584,68,28,682,366924,6260
S1,1,51,1051,7,1216,True,False,20261005T104005Z_7611453d,258.0931,512,2416,259.621,1.4008,1472,138,78,584,68,27,682,366924,6260
S1,1,77,1077,0,320,True,False,20261005T104005Z_7611453d,426.919,2304,2572,428.7553,1.6659,576,650,78,922,108,42,1074,366924,6260
S1,1,77,1077,1,448,True,False,20261005T104005Z_7611453d,271.4941,512,2572,272.4818,0.8561,704,150,85,871,109,40,1021,366924,6260
S1,1,77,1077,2,576,True,False,20261005T104005Z_7611453d,271.3207,512,2572,272.617,1.1756,832,142,77,878,101,47,1029,366924,6260
S1,1,77,1077,3,704,True,False,20261005T104005Z_7611453d,271.8871,512,2572,274.6723,2.5609,960,139,77,878,101,40,1021,366924,6260
S1,1,77,1077,4,832,True,False,20261005T104005Z_7611453d,271.6399,512,2572,273.3938,1.5946,1088,142,78,870,108,40,1021,366924,6260
S1,1,77,1077,5,960,True,False,20261005T104005Z_7611453d,272.1047,512,2572,274.8526,2.2664,1216,139,77,879,101,40,1022,366924,6260
S1,1,77,1077,6,1088,True,False,20261005T104005Z_7611453d,271.8886,512,2572,275.0911,2.9564,1344,142,77,878,101,40,1021,366924,6260
S1,1,77,1077,7,1216,True,False,20261005T104005Z_7611453d,273.6994,512,2572,276.6945,2.7619,1472,141,78,879,101,40,1021,366924,6260
S1,1,128,1128,0,320,True,False,20261005T104005Z_7611453d,454.5086,2304,2878,456.8655,2.1535,576,631,78,1532,174,66,1773,366924,6260
S1,1,128,1128,1,448,True,False,20261005T104005Z_7611453d,299.257,512,2878,302.4088,2.9086,704,144,78,1463,165,64,1694,366924,6260
S1,1,128,1128,2,576,True,False,20261005T104005Z_7611453d,298.7779,512,2878,300.7116,1.7549,832,145,77,1455,164,63,1685,366924,6260
S1,1,128,1128,3,704,True,False,20261005T104005Z_7611453d,298.8655,512,2878,301.6317,2.5685,960,139,77,1462,164,64,1693,366924,6260
S1,1,128,1128,4,832,True,False,20261005T104005Z_7611453d,299.1819,512,2878,301.7769,2.3503,1088,142,78,1462,165,64,1693,366924,6260
S1,1,128,1128,5,960,True,False,20261005T104005Z_7611453d,299.1525,512,2878,301.0268,1.6759,1216,139,77,1455,172,64,1692,366924,6260
S1,1,128,1128,6,1088,True,False,20261005T104005Z_7611453d,299.2056,512,2878,301.6755,2.2378,1344,141,78,1454,173,64,1693,366924,6260
S1,1,128,1128,7,1216,True,False,20261005T104005Z_7611453d,297.5748,512,2878,298.8339,1.1082,1472,140,78,1455,165,63,1685,366924,6260
S4,2,51,2051,0,320,True,False,20261005T104005Z_7611453d,412.5631,2304,2416,413.7841,1.1018,576,635,77,579,75,30,686,366924,6260
S4,2,51,2051,1,448,True,False,20261005T104005Z_7611453d,257.6948,512,2416,259.2671,1.419,704,142,77,585,70,28,684,366924,6260
S4,2,51,2051,2,576,True,False,20261005T104005Z_7611453d,257.388,512,2416,258.405,0.9032,832,149,78,585,68,28,683,366924,6260
S4,2,51,2051,3,704,True,False,20261005T104005Z_7611453d,257.7029,512,2416,259.3032,1.2939,960,141,77,585,68,28,683,366924,6260
S4,2,51,2051,4,832,True,False,20261005T104005Z_7611453d,257.496,512,2416,258.7784,1.1798,1088,144,77,585,68,27,683,366924,6260
S4,2,51,2051,5,960,True,False,20261005T104005Z_7611453d,257.4678,512,2416,258.5257,0.9516,1216,141,78,585,68,28,684,366924,6260
S4,2,51,2051,6,1088,True,False,20261005T104005Z_7611453d,257.3308,512,2416,258.3264,0.8824,1344,140,77,585,69,28,683,366924,6260
S4,2,51,2051,7,1216,True,False,20261005T104005Z_7611453d,257.3976,512,2416,258.3572,0.8489,1472,141,78,585,68,27,683,366924,6260
S4,2,77,2077,0,320,True,False,20261005T104005Z_7611453d,426.4562,2304,2572,427.9498,1.4006,576,629,78,882,107,42,1033,366924,6260
S4,2,77,2077,1,448,True,False,20261005T104005Z_7611453d,271.4023,512,2572,272.3804,0.8725,704,149,78,878,102,40,1023,366924,6260
S4,2,77,2077,2,576,True,False,20261005T104005Z_7611453d,271.6306,512,2572,273.6497,1.8432,832,140,78,879,101,40,1022,366924,6260
S4,2,77,2077,3,704,True,False,20261005T104005Z_7611453d,271.7956,512,2572,273.7009,1.7467,960,141,78,878,100,40,1021,366924,6260
S4,2,77,2077,4,832,True,False,20261005T104005Z_7611453d,271.7651,512,2572,274.0221,2.0565,1088,141,78,879,101,40,1022,366924,6260
S4,2,77,2077,5,960,True,False,20261005T104005Z_7611453d,271.2895,512,2572,272.977,1.5633,1216,138,77,878,101,39,1021,366924,6260
S4,2,77,2077,6,1088,True,False,20261005T104005Z_7611453d,271.5617,512,2572,273.3885,1.6677,1344,140,77,878,101,39,1021,366924,6260
S4,2,77,2077,7,1216,True,False,20261005T104005Z_7611453d,273.54,512,2572,275.7747,2.0358,1472,140,78,878,100,47,1028,366924,6260
S4,2,128,2128,0,320,True,False,20261005T104005Z_7611453d,454.1253,2304,2878,456.4892,2.187,576,636,77,1457,171,73,1704,366924,6260
S4,2,128,2128,1,448,True,False,20261005T104005Z_7611453d,298.887,512,2878,300.9259,1.8651,704,143,77,1462,166,64,1694,366924,6260
S4,2,128,2128,2,576,True,False,20261005T104005Z_7611453d,298.9596,512,2878,300.0011,0.9324,832,142,78,1462,165,64,1693,366924,6260
S4,2,128,2128,3,704,True,False,20261005T104005Z_7611453d,299.327,512,2878,301.8936,2.3534,960,140,78,1455,172,64,1693,366924,6260
S4,2,128,2128,4,832,True,False,20261005T104005Z_7611453d,298.5428,512,2878,299.981,1.3349,1088,143,77,1462,165,64,1693,366924,6260
S4,2,128,2128,5,960,True,False,20261005T104005Z_7611453d,299.1778,512,2878,300.4501,1.0641,1216,142,85,1454,165,64,1685,366924,6260
S4,2,128,2128,6,1088,True,False,20261005T104005Z_7611453d,298.5977,512,2878,300.2364,1.5369,1344,151,77,1462,165,64,1693,366924,6260
S4,2,128,2128,7,1216,True,False,20261005T104005Z_7611453d,297.5503,512,2878,298.4971,0.8418,1472,142,77,1455,164,64,1685,366924,6260
S7,3,51,3051,0,320,True,False,20261005T104005Z_7611453d,412.854,2304,2416,414.767,1.7591,576,653,78,587,76,30,695,366924,6260
S7,3,51,3051,1,448,True,False,20261005T104005Z_7611453d,257.7075,512,2416,258.8318,1.0182,704,142,77,585,69,27,684,366924,6260
S7,3,51,3051,2,576,True,False,20261005T104005Z_7611453d,257.7362,512,2416,259.7347,1.8302,832,141,77,585,68,28,683,366924,6260
S7,3,51,3051,3,704,True,False,20261005T104005Z_7611453d,257.9411,512,2416,259.9835,1.8649,960,142,78,577,68,27,675,366924,6260
S7,3,51,3051,4,832,True,False,20261005T104005Z_7611453d,257.3575,512,2416,259.2376,1.7797,1088,140,77,577,68,28,675,366924,6260
S7,3,51,3051,5,960,True,False,20261005T104005Z_7611453d,257.5565,512,2416,258.7686,1.0887,1216,143,78,585,68,27,683,366924,6260
S7,3,51,3051,6,1088,True,False,20261005T104005Z_7611453d,257.8082,512,2416,259.8809,1.8845,1344,141,77,585,68,28,683,366924,6260
S7,3,51,3051,7,1216,True,False,20261005T104005Z_7611453d,257.9925,512,2416,260.256,2.0624,1472,140,78,584,68,28,682,366924,6260
S7,3,77,3077,0,320,True,False,20261005T104005Z_7611453d,426.5122,2304,2572,428.0342,1.3986,576,641,77,881,107,42,1032,366924,6260
S7,3,77,3077,1,448,True,False,20261005T104005Z_7611453d,271.5671,512,2572,273.2192,1.5124,704,144,77,879,102,40,1022,366924,6260
S7,3,77,3077,2,576,True,False,20261005T104005Z_7611453d,271.4238,512,2572,272.901,1.3406,832,139,78,878,100,40,1020,366924,6260
S7,3,77,3077,3,704,True,False,20261005T104005Z_7611453d,271.4692,512,2572,273.5128,1.8826,960,144,78,878,100,40,1021,366924,6260
S7,3,77,3077,4,832,True,False,20261005T104005Z_7611453d,271.4513,512,2572,273.308,1.6902,1088,140,77,878,101,40,1021,366924,6260
S7,3,77,3077,5,960,True,False,20261005T104005Z_7611453d,271.2703,512,2572,272.412,1.0353,1216,142,77,878,101,40,1021,366924,6260
S7,3,77,3077,6,1088,True,False,20261005T104005Z_7611453d,271.6695,512,2572,272.9419,1.1186,1344,139,77,878,101,39,1021,366924,6260
S7,3,77,3077,7,1216,True,False,20261005T104005Z_7611453d,272.9796,512,2572,274.2791,1.1778,1472,149,78,879,100,40,1022,366924,6260
S7,3,128,3128,0,320,True,False,20261005T104005Z_7611453d,454.3636,2304,2878,457.1682,2.6153,576,637,77,1465,172,65,1705,366924,6260
S7,3,128,3128,1,448,True,False,20261005T104005Z_7611453d,299.4462,512,2878,301.7714,2.0956,704,141,78,1462,166,64,1695,366924,6260
S7,3,128,3128,2,576,True,False,20261005T104005Z_7611453d,299.1354,512,2878,301.4062,2.0841,832,142,77,1462,164,64,1692,366924,6260
S7,3,128,3128,3,704,True,False,20261005T104005Z_7611453d,299.207,512,2878,301.5968,2.1685,960,142,78,1455,164,64,1685,366924,6260
S7,3,128,3128,4,832,True,False,20261005T104005Z_7611453d,299.4051,512,2878,300.5969,1.0431,1088,142,78,1462,165,63,1692,366924,6260
S7,3,128,3128,5,960,True,False,20261005T104005Z_7611453d,299.0619,512,2878,301.1403,1.848,1216,140,77,1462,165,63,1693,366924,6260
S7,3,128,3128,6,1088,True,False,20261005T104005Z_7611453d,298.945,512,2878,300.4897,1.3538,1344,142,78,1462,165,63,1692,366924,6260
S7,3,128,3128,7,1216,True,False,20261005T104005Z_7611453d,298.231,512,2878,300.488,1.9065,1472,141,78,1462,164,64,1693,366924,6260
S10,4,51,4051,0,320,True,False,20261005T104005Z_7611453d,412.8324,2304,2416,414.3105,1.3544,576,639,85,579,75,29,686,366924,6260
S10,4,51,4051,1,448,True,False,20261005T104005Z_7611453d,257.8603,512,2416,260.304,2.1745,704,148,77,585,69,28,684,366924,6260
S10,4,51,4051,2,576,True,False,20261005T104005Z_7611453d,257.557,512,2416,258.8892,1.1995,832,142,78,577,76,28,683,366924,6260
S10,4,51,4051,3,704,True,False,20261005T104005Z_7611453d,257.7563,512,2416,259.5511,1.6466,960,140,85,577,68,28,675,366924,6260
S10,4,51,4051,4,832,True,False,20261005T104005Z_7611453d,257.5799,512,2416,259.1571,1.4489,1088,148,78,577,76,27,683,366924,6260
S10,4,51,4051,5,960,True,False,20261005T104005Z_7611453d,257.4869,512,2416,258.8862,1.276,1216,148,77,577,68,28,676,366924,6260
S10,4,51,4051,6,1088,True,False,20261005T104005Z_7611453d,257.9786,512,2416,260.7933,2.5967,1344,141,78,584,68,28,683,366924,6260
S10,4,51,4051,7,1216,True,False,20261005T104005Z_7611453d,258.2974,512,2416,260.6024,2.0827,1472,140,77,577,68,36,683,366924,6260
S10,4,77,4077,0,320,True,False,20261005T104005Z_7611453d,427.2012,2304,2572,429.5967,2.1931,576,643,78,873,116,42,1033,366924,6260
S10,4,77,4077,1,448,True,False,20261005T104005Z_7611453d,272.0941,512,2572,274.9942,2.6834,704,143,78,878,102,40,1023,366924,6260
S10,4,77,4077,2,576,True,False,20261005T104005Z_7611453d,272.0336,512,2572,274.3477,2.0563,832,148,78,879,101,40,1022,366924,6260
S10,4,77,4077,3,704,True,False,20261005T104005Z_7611453d,271.8083,512,2572,273.5112,1.5424,960,140,78,879,101,40,1022,366924,6260
S10,4,77,4077,4,832,True,False,20261005T104005Z_7611453d,271.5845,512,2572,273.2041,1.4526,1088,150,85,871,109,40,1021,366924,6260
S10,4,77,4077,5,960,True,False,20261005T104005Z_7611453d,271.9558,512,2572,275.0671,2.8656,1216,141,78,878,100,40,1020,366924,6260
S10,4,77,4077,6,1088,True,False,20261005T104005Z_7611453d,271.8018,512,2572,274.852,2.8278,1344,148,77,879,101,39,1021,366924,6260
S10,4,77,4077,7,1216,True,False,20261005T104005Z_7611453d,273.9148,512,2572,276.5761,2.2652,1472,139,78,878,100,40,1021,366924,6260
S10,4,128,4128,0,320,True,False,20261005T104005Z_7611453d,454.2465,2304,2878,456.116,1.6933,576,637,85,1457,171,66,1697,366924,6260
S10,4,128,4128,1,448,True,False,20261005T104005Z_7611453d,298.9838,512,2878,300.7661,1.5845,704,142,77,1462,165,64,1694,366924,6260
S10,4,128,4128,2,576,True,False,20261005T104005Z_7611453d,299.5305,512,2878,302.2609,2.4905,832,139,78,1462,165,64,1692,366924,6260
S10,4,128,4128,3,704,True,False,20261005T104005Z_7611453d,299.2886,512,2878,301.6341,2.1143,960,141,77,1455,164,64,1686,366924,6260
S10,4,128,4128,4,832,True,False,20261005T104005Z_7611453d,298.6664,512,2878,299.7806,0.9867,1088,140,78,1454,165,71,1693,366924,6260
S10,4,128,4128,5,960,True,False,20261005T104005Z_7611453d,299.1817,512,2878,301.3594,1.9781,1216,141,78,1462,165,64,1693,366924,6260
S10,4,128,4128,6,1088,True,False,20261005T104005Z_7611453d,299.8107,512,2878,302.0224,1.9157,1344,141,78,1454,165,64,1685,366924,6260
S10,4,128,4128,7,1216,True,False,20261005T104005Z_7611453d,298.0397,512,2878,300.9543,2.6759,1472,139,77,1462,165,64,1693,366924,6260
S13,5,51,5051,0,320,True,False,20261005T104005Z_7611453d,413.0298,2304,2416,415.1164,1.9034,576,642,78,587,75,29,694,366924,6260
S13,5,51,5051,1,448,True,False,20261005T104005Z_7611453d,258.1316,512,2416,259.2534,0.9447,704,141,77,577,69,27,676,366924,6260
S13,5,51,5051,2,576,True,False,20261005T104005Z_7611453d,257.6378,512,2416,259.5694,1.7596,832,142,77,585,69,27,684,366924,6260
S13,5,51,5051,3,704,True,False,20261005T104005Z_7611453d,258.5916,512,2416,261.0718,2.1805,960,142,77,577,76,27,683,366924,6260
S13,5,51,5051,4,832,True,False,20261005T104005Z_7611453d,258.5734,512,2416,261.4174,2.6071,1088,139,78,584,68,28,682,366924,6260
S13,5,51,5051,5,960,True,False,20261005T104005Z_7611453d,258.0238,512,2416,260.3098,2.004,1216,139,78,585,69,27,683,366924,6260
S13,5,51,5051,6,1088,True,False,20261005T104005Z_7611453d,257.9362,512,2416,259.8495,1.7466,1344,149,85,577,68,28,675,366924,6260
S13,5,51,5051,7,1216,True,False,20261005T104005Z_7611453d,257.9672,512,2416,260.0473,1.9091,1472,138,78,584,68,28,683,366924,6260
S13,5,77,5077,0,320,True,False,20261005T104005Z_7611453d,427.0593,2304,2572,428.5632,1.3671,576,639,78,881,107,42,1033,366924,6260
S13,5,77,5077,1,448,True,False,20261005T104005Z_7611453d,271.7383,512,2572,274.2302,2.2539,704,142,78,878,101,40,1021,366924,6260
S13,5,77,5077,2,576,True,False,20261005T104005Z_7611453d,271.5801,512,2572,273.8285,2.049,832,141,78,878,101,40,1021,366924,6260
S13,5,77,5077,3,704,True,False,20261005T104005Z_7611453d,272.4457,512,2572,275.78,3.1321,960,140,78,879,101,40,1021,366924,6260
S13,5,77,5077,4,832,True,False,20261005T104005Z_7611453d,272.2851,512,2572,274.0655,1.6046,1088,139,78,878,101,39,1021,366924,6260
S13,5,77,5077,5,960,True,False,20261005T104005Z_7611453d,271.4593,512,2572,272.8953,1.2854,1216,142,78,878,101,40,1022,366924,6260
S13,5,77,5077,6,1088,True,False,20261005T104005Z_7611453d,271.7111,512,2572,273.609,1.7291,1344,138,78,878,100,40,1021,366924,6260
S13,5,77,5077,7,1216,True,False,20261005T104005Z_7611453d,273.3501,512,2572,275.4992,1.9531,1472,141,77,878,101,39,1021,366924,6260
S13,5,128,5128,0,320,True,False,20261005T104005Z_7611453d,453.7376,2304,2878,454.7877,0.9393,576,635,78,1465,172,66,1705,366924,6260
S13,5,128,5128,1,448,True,False,20261005T104005Z_7611453d,299.4015,512,2878,301.9244,2.2838,704,149,85,1455,166,63,1686,366924,6260
S13,5,128,5128,2,576,True,False,20261005T104005Z_7611453d,299.0541,512,2878,300.0732,0.9101,832,141,77,1455,166,64,1687,366924,6260
S13,5,128,5128,3,704,True,False,20261005T104005Z_7611453d,298.6963,512,2878,300.5709,1.6973,960,139,78,1462,165,63,1693,366924,6260
S13,5,128,5128,4,832,True,False,20261005T104005Z_7611453d,299.1401,512,2878,301.6001,2.2582,1088,142,77,1455,164,64,1685,366924,6260
S13,5,128,5128,5,960,True,False,20261005T104005Z_7611453d,299.1167,512,2878,301.5886,2.0895,1216,138,78,1455,172,64,1693,366924,6260
S13,5,128,5128,6,1088,True,False,20261005T104005Z_7611453d,299.041,512,2878,300.5914,1.3411,1344,151,85,1454,165,64,1686,366924,6260
S13,5,128,5128,7,1216,True,False,20261005T104005Z_7611453d,297.6254,512,2878,298.8526,1.0886,1472,139,85,1455,165,64,1685,366924,6260
S1,1,51,1051,0,320,False,True,20261005T104005Z_7611453d,217.5932,2304,164,220.333,2.5205,576,647,77,587,75,29,694,366924,6260
S1,1,51,1051,1,448,False,True,20261005T104005Z_7611453d,62.2942,512,164,64.7874,2.0649,704,150,78,585,69,28,684,366924,6260
S1,1,51,1051,2,576,False,True,20261005T104005Z_7611453d,62.8769,512,164,66.15,3.0774,832,141,77,577,68,28,676,366924,6260
S1,1,51,1051,3,704,False,True,20261005T104005Z_7611453d,62.7668,512,164,65.3813,2.4188,960,138,78,585,68,27,683,366924,6260
S1,1,51,1051,4,832,False,True,20261005T104005Z_7611453d,62.5753,512,164,65.4548,2.6718,1088,143,77,577,76,28,683,366924,6260
S1,1,51,1051,5,960,False,True,20261005T104005Z_7611453d,62.3135,512,164,64.2777,1.7754,1216,141,78,577,68,27,675,366924,6260
S1,1,51,1051,6,1088,False,True,20261005T104005Z_7611453d,62.5181,512,164,64.4342,1.7391,1344,140,78,585,68,27,683,366924,6260
S1,1,51,1051,7,1216,False,True,20261005T104005Z_7611453d,62.5012,512,164,65.5872,2.8143,1472,143,77,577,76,28,683,366924,6260
S1,1,51,1051,8,1344,False,True,20261005T104005Z_7611453d,62.3929,512,164,65.0484,2.4176,1600,141,78,577,68,28,675,366924,6260
S1,1,51,1051,9,1472,False,True,20261005T104005Z_7611453d,62.2178,512,164,64.6548,2.253,1728,147,78,584,68,28,683,366924,6260
S1,1,51,1051,10,1600,False,True,20261005T104005Z_7611453d,63.1663,512,164,65.6099,2.2127,1856,141,77,585,69,28,683,366924,6260
S1,1,51,1051,11,1728,False,True,20261005T104005Z_7611453d,62.3854,512,164,65.494,2.8943,1984,142,78,585,68,28,682,366924,6260
S1,1,51,1051,12,1856,False,True,20261005T104005Z_7611453d,62.1002,512,164,63.6037,1.3674,2112,145,78,585,68,27,683,366924,6260
S1,1,51,1051,13,1984,False,True,20261005T104005Z_7611453d,61.9498,512,164,62.9675,0.9046,2240,147,78,577,68,28,676,366924,6260
S1,1,51,1051,14,2112,False,True,20261005T104005Z_7611453d,62.3184,512,164,64.763,2.2252,2368,139,77,577,68,35,683,366924,6260
S1,1,51,1051,15,2240,False,True,20261005T104005Z_7611453d,62.5504,512,164,65.5117,2.7217,2496,142,78,585,68,27,683,366924,6260
S1,1,51,1051,16,2368,False,True,20261005T104005Z_7611453d,62.6347,512,164,64.6268,1.8024,2624,142,78,577,68,35,682,366924,6260
S1,1,51,1051,17,2496,False,True,20261005T104005Z_7611453d,62.2081,512,164,63.3585,1.029,2752,141,77,577,68,27,675,366924,6260
S1,1,51,1051,18,2624,False,True,20261005T104005Z_7611453d,62.394,512,164,64.1762,1.6145,2880,141,77,585,68,28,683,366924,6260
S1,1,51,1051,19,2752,False,True,20261005T104005Z_7611453d,62.799,512,164,65.5455,2.5161,3008,149,78,577,68,27,675,366924,6260
S1,1,51,1051,20,2880,False,True,20261005T104005Z_7611453d,62.7174,512,164,64.6942,1.7914,3136,141,85,577,69,28,675,366924,6260
S1,1,51,1051,21,3008,False,True,20261005T104005Z_7611453d,61.8689,512,164,63.185,1.1957,3264,142,77,585,68,27,683,366924,6260
S1,1,51,1051,22,3136,False,True,20261005T104005Z_7611453d,62.8174,512,164,65.4906,2.4293,3392,141,77,577,76,28,683,366924,6260
S1,1,51,1051,23,3264,False,True,20261005T104005Z_7611453d,62.3181,512,164,64.0054,1.5373,3520,146,77,577,68,27,675,366924,6260
S1,1,51,1051,24,3392,False,True,20261005T104005Z_7611453d,62.0688,512,164,63.6594,1.4099,3648,143,77,585,68,27,683,366924,6260
S1,1,51,1051,25,3520,False,True,20261005T104005Z_7611453d,62.3461,512,164,64.6385,2.0738,3776,141,77,577,68,35,683,366924,6260
S1,1,51,1051,26,3648,False,True,20261005T104005Z_7611453d,61.8606,512,164,63.0185,1.0452,3904,148,77,577,68,28,675,366924,6260
S1,1,51,1051,27,3776,False,True,20261005T104005Z_7611453d,62.3881,512,164,64.8493,2.2405,4032,140,77,585,69,27,683,366924,6260
S1,1,51,1051,28,3904,False,True,20261005T104005Z_7611453d,62.4948,512,164,64.6501,1.9528,4160,149,78,585,68,28,684,366924,6260
S1,1,51,1051,29,4032,False,True,20261005T104005Z_7611453d,62.4263,512,164,63.5527,0.9409,4288,142,78,585,68,28,683,366924,6260
S1,1,51,1051,30,4160,False,True,20261005T104005Z_7611453d,62.5942,512,164,64.9205,2.1279,4416,141,78,577,68,28,675,366924,6260
S1,1,51,1051,31,4288,False,True,20261005T104005Z_7611453d,62.8837,512,164,65.9396,2.8258,4544,143,78,584,68,28,683,366924,6260
S1,1,51,1051,32,4416,False,False,20261005T104005Z_7611453d,62.4918,512,164,64.8431,2.1583,4672,142,77,585,68,27,683,366924,6260
S1,1,51,1051,33,4544,False,False,20261005T104005Z_7611453d,62.5179,512,164,64.5383,1.8515,4800,141,86,577,68,28,675,366924,6260
S1,1,51,1051,34,4672,False,False,20261005T104005Z_7611453d,62.4758,512,164,65.1547,2.4473,4928,144,78,585,69,28,684,366924,6260
S1,1,51,1051,35,4800,False,False,20261005T104005Z_7611453d,62.6881,512,164,64.841,1.9771,5056,148,78,585,68,27,683,366924,6260
S1,1,51,1051,36,4928,False,False,20261005T104005Z_7611453d,62.9592,512,164,65.4143,2.2284,5184,143,78,584,68,28,682,366924,6260
S1,1,51,1051,37,5056,False,False,20261005T104005Z_7611453d,62.5992,512,164,64.8107,1.9786,5312,142,78,577,68,27,675,366924,6260
S1,1,51,1051,38,5184,False,False,20261005T104005Z_7611453d,62.392,512,164,64.3053,1.7272,5440,138,78,585,69,27,683,366924,6260
S1,1,51,1051,39,5312,False,False,20261005T104005Z_7611453d,62.4748,512,164,64.8825,2.2239,5568,137,78,584,68,28,683,366924,6260
S1,1,51,1051,40,5440,False,False,20261005T104005Z_7611453d,62.1918,512,164,63.9039,1.5306,5696,149,78,577,68,27,675,366924,6260
S1,1,51,1051,41,5568,False,False,20261005T104005Z_7611453d,62.4216,512,164,64.5695,1.9697,5824,140,78,577,69,28,675,366924,6260
S1,1,51,1051,42,5696,False,False,20261005T104005Z_7611453d,62.1434,512,164,64.1461,1.851,5952,138,78,577,69,27,676,366924,6260
S1,1,51,1051,43,5824,False,False,20261005T104005Z_7611453d,62.2643,512,164,63.2287,0.8589,6080,142,78,584,68,28,683,366924,6260
S1,1,51,1051,44,5952,False,False,20261005T104005Z_7611453d,62.0162,512,164,63.8314,1.6673,6208,143,77,585,68,28,683,366924,6260
S1,1,51,1051,45,6080,False,False,20261005T104005Z_7611453d,62.0457,512,164,63.4698,1.3082,6336,146,85,577,68,27,675,366924,6260
S1,1,51,1051,46,6208,False,False,20261005T104005Z_7611453d,62.3714,512,164,63.4051,0.8647,6464,139,78,584,68,28,682,366924,6260
S1,1,51,1051,47,6336,False,False,20261005T104005Z_7611453d,61.7793,512,164,62.7101,0.8399,6592,140,78,577,68,27,675,366924,6260
S1,1,51,1051,48,6464,False,False,20261005T104005Z_7611453d,62.5031,512,164,65.2804,2.5618,6720,140,78,577,68,28,676,366924,6260
S1,1,51,1051,49,6592,False,False,20261005T104005Z_7611453d,62.7351,512,164,64.7912,1.847,6848,142,77,585,68,27,683,366924,6260
S1,1,51,1051,50,6720,False,False,20261005T104005Z_7611453d,62.502,512,164,64.7316,2.0348,6976,140,77,585,68,28,683,366924,6260
S1,1,51,1051,51,6848,False,False,20261005T104005Z_7611453d,62.5481,512,164,63.8353,1.1012,7104,139,78,584,68,28,683,366924,6260
S1,1,51,1051,52,6976,False,False,20261005T104005Z_7611453d,62.5229,512,164,64.7782,2.0582,7232,139,77,585,69,27,683,366924,6260
S1,1,51,1051,53,7104,False,False,20261005T104005Z_7611453d,62.3451,512,164,64.4491,1.9257,7360,141,85,577,68,28,676,366924,6260
S1,1,51,1051,54,7232,False,False,20261005T104005Z_7611453d,62.175,512,164,64.5866,2.0153,7488,141,78,584,69,28,683,366924,6260
S1,1,51,1051,55,7360,False,False,20261005T104005Z_7611453d,62.0785,512,164,63.1343,0.9436,7616,149,78,585,68,28,683,366924,6260
S1,1,51,1051,56,7488,False,False,20261005T104005Z_7611453d,62.1635,512,164,64.3989,2.1217,7744,140,77,585,68,28,683,366924,6260
S1,1,51,1051,57,7616,False,False,20261005T104005Z_7611453d,62.1866,512,164,63.837,1.5057,7872,140,78,584,68,28,682,366924,6260
S1,1,51,1051,58,7744,False,False,20261005T104005Z_7611453d,62.0738,512,164,63.3488,1.1674,8000,141,77,585,68,28,682,366924,6260
S1,1,51,1051,59,7872,False,False,20261005T104005Z_7611453d,62.1898,512,164,63.2417,0.9395,8128,139,78,577,69,28,675,366924,6260
S1,1,51,1051,60,8000,False,False,20261005T104005Z_7611453d,61.9231,512,164,62.9612,0.9261,8256,144,77,585,68,27,683,366924,6260
S1,1,51,1051,61,8128,False,False,20261005T104005Z_7611453d,62.0509,512,164,63.7857,1.6041,8384,143,77,585,68,28,683,366924,6260
S1,1,51,1051,62,8256,False,False,20261005T104005Z_7611453d,62.403,512,164,64.4509,1.8687,8512,139,78,584,68,28,683,366924,6260
S1,1,51,1051,63,8384,False,False,20261005T104005Z_7611453d,63.4646,512,164,65.8316,2.1537,8640,139,78,584,68,28,683,366924,6260
S1,1,51,1051,64,8512,False,False,20261005T104005Z_7611453d,62.5575,512,164,64.8224,2.0599,8768,139,77,585,68,28,683,366924,6260
S1,1,51,1051,65,8640,False,False,20261005T104005Z_7611453d,62.3995,512,164,65.3181,2.7519,8896,142,77,585,68,27,683,366924,6260
S1,1,51,1051,66,8768,False,False,20261005T104005Z_7611453d,62.5901,512,164,64.8274,2.0432,9024,139,78,585,68,27,683,366924,6260
S1,1,51,1051,67,8896,False,False,20261005T104005Z_7611453d,62.2968,512,164,64.4125,1.9417,9152,142,78,584,68,28,682,366924,6260
S1,1,51,1051,68,9024,False,False,20261005T104005Z_7611453d,62.0952,512,164,63.4749,1.2176,9280,148,78,584,68,27,682,366924,6260
S1,1,51,1051,69,9152,False,False,20261005T104005Z_7611453d,62.0948,512,164,63.0779,0.883,9408,141,78,577,68,27,675,366924,6260
S1,1,51,1051,70,9280,False,False,20261005T104005Z_7611453d,62.0876,512,164,64.0299,1.7837,9536,148,77,585,68,28,683,366924,6260
S1,1,51,1051,71,9408,False,False,20261005T104005Z_7611453d,62.5128,512,164,64.6352,1.9121,9664,140,77,585,69,28,683,366924,6260
S1,1,51,1051,72,9536,False,False,20261005T104005Z_7611453d,62.4246,512,164,65.0972,2.469,9792,140,78,585,68,27,683,366924,6260
S1,1,51,1051,73,9664,False,False,20261005T104005Z_7611453d,62.4362,512,164,64.6913,2.0586,9920,138,78,577,68,27,675,366924,6260
S1,1,51,1051,74,9792,False,False,20261005T104005Z_7611453d,62.5614,512,164,64.8709,2.109,10048,140,77,577,68,28,675,366924,6260
S1,1,51,1051,75,9920,False,False,20261005T104005Z_7611453d,62.6044,512,164,64.5196,1.7494,10176,140,77,585,68,27,683,366924,6260
S1,1,51,1051,76,10048,False,False,20261005T104005Z_7611453d,62.3769,512,164,64.6135,2.0503,10304,141,77,577,68,27,675,366924,6260
S1,1,51,1051,77,10176,False,False,20261005T104005Z_7611453d,62.541,512,164,65.1636,2.4129,10432,138,78,577,69,28,675,366924,6260
S1,1,51,1051,78,10304,False,False,20261005T104005Z_7611453d,62.3609,512,164,64.7303,2.1606,10560,140,78,585,68,28,684,366924,6260
S1,1,51,1051,79,10432,False,False,20261005T104005Z_7611453d,62.4197,512,164,64.328,1.7498,10688,141,78,584,68,27,682,366924,6260
S1,1,51,1051,80,10560,False,False,20261005T104005Z_7611453d,62.3701,512,164,64.5437,2.006,10816,143,77,577,68,35,683,366924,6260
S1,1,51,1051,81,10688,False,False,20261005T104005Z_7611453d,62.0914,512,164,63.1976,0.9938,10944,142,78,585,68,28,683,366924,6260
S1,1,51,1051,82,10816,False,False,20261005T104005Z_7611453d,62.4143,512,164,64.7091,2.0795,11072,141,78,577,68,36,682,366924,6260
S1,1,51,1051,83,10944,False,False,20261005T104005Z_7611453d,62.3744,512,164,64.316,1.7726,11200,138,78,577,75,28,682,366924,6260
S1,1,51,1051,84,11072,False,False,20261005T104005Z_7611453d,61.994,512,164,63.1131,1.0188,11328,143,77,585,68,27,683,366924,6260
S1,1,51,1051,85,11200,False,False,20261005T104005Z_7611453d,61.8346,512,164,62.8882,0.9487,11456,142,78,577,68,28,675,366924,6260
S1,1,51,1051,86,11328,False,False,20261005T104005Z_7611453d,61.78,512,164,62.8121,0.935,11584,139,78,577,69,28,675,366924,6260
S1,1,51,1051,87,11456,False,False,20261005T104005Z_7611453d,61.8796,512,164,62.8231,0.8488,11712,141,77,577,68,27,675,366924,6260
S1,1,51,1051,88,11584,False,False,20261005T104005Z_7611453d,62.3592,512,164,64.7076,2.1636,11840,139,78,577,68,27,675,366924,6260
S1,1,51,1051,89,11712,False,False,20261005T104005Z_7611453d,62.4593,512,164,65.1625,2.5061,11968,142,78,585,68,28,683,366924,6260
S1,1,51,1051,90,11840,False,False,20261005T104005Z_7611453d,62.5957,512,164,63.9942,1.2151,12096,141,77,585,68,27,683,366924,6260
S1,1,51,1051,91,11968,False,False,20261005T104005Z_7611453d,61.9533,512,164,62.9697,0.9186,12224,143,85,577,68,28,675,366924,6260
S1,1,51,1051,92,12096,False,False,20261005T104005Z_7611453d,62.2601,512,164,63.8373,1.4469,12352,142,78,577,68,27,675,366924,6260
S1,1,51,1051,93,12224,False,False,20261005T104005Z_7611453d,62.4779,512,164,64.6657,1.9654,12480,141,78,577,76,28,682,366924,6260
S1,1,51,1051,94,12352,False,False,20261005T104005Z_7611453d,61.7369,512,164,62.7702,0.9325,12608,144,77,577,68,28,676,366924,6260
S1,1,51,1051,95,12480,False,False,20261005T104005Z_7611453d,61.8847,512,164,62.8548,0.8696,12736,142,86,577,68,28,676,366924,6260
S1,1,51,1051,96,12608,False,False,20261005T104005Z_7611453d,62.1651,512,164,63.2218,0.942,12864,142,85,578,68,28,676,366924,6260
S1,1,51,1051,97,12736,False,False,20261005T104005Z_7611453d,62.0067,512,164,63.1194,1.0071,12992,143,77,585,68,28,684,366924,6260
S1,1,51,1051,98,12864,False,False,20261005T104005Z_7611453d,61.8304,512,164,62.7607,0.834,13120,150,77,585,69,28,683,366924,6260
S1,1,51,1051,99,12992,False,False,20261005T104005Z_7611453d,61.9107,512,164,62.838,0.8338,13248,141,77,585,69,28,683,366924,6260
S1,1,51,1051,100,13120,False,False,20261005T104005Z_7611453d,61.8187,512,164,62.7539,0.8359,13376,139,78,584,69,28,683,366924,6260
S1,1,51,1051,101,13248,False,False,20261005T104005Z_7611453d,61.7419,512,164,62.7382,0.8855,13504,137,77,585,68,28,683,366924,6260
S1,1,51,1051,102,13376,False,False,20261005T104005Z_7611453d,61.9867,512,164,62.9354,0.8552,13632,141,77,577,76,27,683,366924,6260
S1,1,51,1051,103,13504,False,False,20261005T104005Z_7611453d,62.4656,512,164,64.7545,2.0927,13760,141,77,585,68,28,683,366924,6260
S1,1,51,1051,104,13632,False,False,20261005T104005Z_7611453d,62.5467,512,164,64.8123,1.7477,13888,141,77,585,68,28,683,366924,6260
S1,1,51,1051,105,13760,False,False,20261005T104005Z_7611453d,62.3257,512,164,64.4091,1.9038,14016,142,78,584,68,28,682,366924,6260
S1,1,51,1051,106,13888,False,False,20261005T104005Z_7611453d,62.319,512,164,64.3658,1.8672,14144,139,78,585,68,28,683,366924,6260
S1,1,51,1051,107,14016,False,False,20261005T104005Z_7611453d,62.3855,512,164,63.8899,1.3333,14272,146,78,577,68,28,675,366924,6260
S1,1,51,1051,108,14144,False,False,20261005T104005Z_7611453d,61.7956,512,164,63.091,1.1714,14400,147,77,577,68,35,683,366924,6260
S1,1,51,1051,109,14272,False,False,20261005T104005Z_7611453d,62.1166,512,164,64.0632,1.8406,14528,138,78,585,68,27,683,366924,6260
S1,1,51,1051,110,14400,False,False,20261005T104005Z_7611453d,62.2029,512,164,64.0442,1.6748,14656,140,78,585,69,27,683,366924,6260
S1,1,51,1051,111,14528,False,False,20261005T104005Z_7611453d,62.5461,512,164,64.1185,1.2869,14784,141,77,585,68,28,683,366924,6260
S1,1,51,1051,112,14656,False,False,20261005T104005Z_7611453d,62.399,512,164,64.6501,2.0487,14912,145,78,585,68,28,683,366924,6260
S1,1,51,1051,113,14784,False,False,20261005T104005Z_7611453d,62.3363,512,164,63.5604,1.0222,15040,141,78,585,68,27,683,366924,6260
S1,1,51,1051,114,14912,False,False,20261005T104005Z_7611453d,62.674,512,164,65.0677,2.1913,15168,141,77,585,69,27,683,366924,6260
S1,1,51,1051,115,15040,False,False,20261005T104005Z_7611453d,62.3067,512,164,64.4026,1.9213,15296,142,77,585,68,27,683,366924,6260
S1,1,51,1051,116,15168,False,False,20261005T104005Z_7611453d,62.6159,512,164,64.9358,2.1154,15424,140,77,585,68,27,683,366924,6260
S1,1,51,1051,117,15296,False,False,20261005T104005Z_7611453d,61.8921,512,164,63.5953,1.5671,15552,143,77,585,68,27,683,366924,6260
S1,1,51,1051,118,15424,False,False,20261005T104005Z_7611453d,62.3242,512,164,63.3649,0.9329,15680,143,78,584,69,28,683,366924,6260
S1,1,51,1051,119,15552,False,False,20261005T104005Z_7611453d,62.3955,512,164,64.9258,2.1599,15808,143,77,577,68,28,675,366924,6260
S1,1,51,1051,120,15680,False,False,20261005T104005Z_7611453d,62.5298,512,164,65.2798,2.512,15936,144,78,584,69,28,683,366924,6260
S1,1,51,1051,121,15808,False,False,20261005T104005Z_7611453d,62.4828,512,164,64.2715,1.6391,16064,137,78,577,68,28,675,366924,6260
S1,1,51,1051,122,15936,False,False,20261005T104005Z_7611453d,61.8118,512,164,62.8464,0.9383,16192,145,77,585,68,28,683,366924,6260
S1,1,51,1051,123,16064,False,False,20261005T104005Z_7611453d,61.9152,512,164,62.822,0.8157,16320,140,78,584,68,28,682,366924,6260
S1,1,51,1051,124,16192,False,False,20261005T104005Z_7611453d,62.5543,512,164,64.8652,2.1128,16448,138,78,584,69,28,683,366924,6260
S1,1,51,1051,125,16320,False,False,20261005T104005Z_7611453d,62.1511,512,164,64.0286,1.7338,16576,138,78,585,68,28,683,366924,6260
S1,1,51,1051,126,16448,False,False,20261005T104005Z_7611453d,62.5491,512,164,64.8948,2.1296,16704,142,85,577,68,27,675,366924,6260
S1,1,51,1051,127,16576,False,False,20261005T104005Z_7611453d,62.5576,512,164,65.5635,2.7586,16832,146,78,578,76,28,683,366924,6260
S1,1,51,1051,128,16704,False,False,20261005T104005Z_7611453d,62.941,512,164,65.3004,2.1486,16960,139,78,577,68,28,675,366924,6260
S1,1,51,1051,129,16832,False,False,20261005T104005Z_7611453d,62.5866,512,164,65.1806,2.3854,17088,141,78,584,68,28,682,366924,6260
S1,1,51,1051,130,16960,False,False,20261005T104005Z_7611453d,62.1585,512,164,64.6093,2.2583,17216,140,77,585,68,27,683,366924,6260
S1,1,51,1051,131,17088,False,False,20261005T104005Z_7611453d,62.3086,512,164,64.4791,1.9961,17344,150,77,585,68,28,683,366924,6260
S1,1,51,1051,132,17216,False,False,20261005T104005Z_7611453d,62.4955,512,164,64.7788,2.0989,17472,148,78,577,68,28,676,366924,6260
S1,1,51,1051,133,17344,False,False,20261005T104005Z_7611453d,63.2606,512,164,65.4751,2.013,17600,139,78,577,76,28,683,366924,6260
S1,1,51,1051,134,17472,False,False,20261005T104005Z_7611453d,62.9028,512,164,65.5584,2.4282,17728,142,77,577,68,28,675,366924,6260
S1,1,51,1051,135,17600,False,False,20261005T104005Z_7611453d,62.658,512,164,65.0258,1.9718,17856,144,78,584,68,28,682,366924,6260
S1,1,51,1051,136,17728,False,False,20261005T104005Z_7611453d,62.3374,512,164,64.8128,2.117,17984,140,77,577,68,28,675,366924,6260
S1,1,51,1051,137,17856,False,False,20261005T104005Z_7611453d,62.3263,512,164,64.5255,2.0267,18112,142,78,577,76,28,682,366924,6260
S1,1,51,1051,138,17984,False,False,20261005T104005Z_7611453d,62.5687,512,164,63.6963,0.9692,18240,149,78,577,68,28,675,366924,6260
S1,1,51,1051,139,18112,False,False,20261005T104005Z_7611453d,62.68,512,164,64.7798,1.9145,18368,140,77,585,69,28,683,366924,6260
S1,1,51,1051,140,18240,False,False,20261005T104005Z_7611453d,62.8454,512,164,65.7938,2.7162,18496,141,85,577,68,28,676,366924,6260
S1,1,51,1051,141,18368,False,False,20261005T104005Z_7611453d,62.5867,512,164,64.7459,1.9408,18624,137,78,577,68,28,675,366924,6260
S1,1,51,1051,142,18496,False,False,20261005T104005Z_7611453d,62.4003,512,164,64.1415,1.5844,18752,139,78,578,76,27,683,366924,6260
S1,1,51,1051,143,18624,False,False,20261005T104005Z_7611453d,62.6993,512,164,65.4191,2.504,18880,138,77,585,68,27,683,366924,6260
S1,1,51,1051,144,18752,False,False,20261005T104005Z_7611453d,62.7164,512,164,65.2942,2.36,19008,139,77,585,69,28,683,366924,6260
S1,1,51,1051,145,18880,False,False,20261005T104005Z_7611453d,62.6278,512,164,65.1471,2.3424,19136,141,77,585,68,27,683,366924,6260
S1,1,51,1051,146,19008,False,False,20261005T104005Z_7611453d,62.6749,512,164,65.2438,2.3391,19264,138,78,585,68,28,683,366924,6260
S1,1,51,1051,147,19136,False,False,20261005T104005Z_7611453d,62.8358,512,164,65.0088,1.9676,19392,141,77,577,68,27,675,366924,6260
S1,1,51,1051,148,19264,False,False,20261005T104005Z_7611453d,63.1989,512,164,65.7902,2.3832,19520,139,78,584,68,28,683,366924,6260
S1,1,51,1051,149,19392,False,False,20261005T104005Z_7611453d,62.3554,512,164,64.2241,1.692,19648,141,78,584,68,28,683,366924,6260
S1,1,51,1051,150,19520,False,False,20261005T104005Z_7611453d,62.5608,512,164,65.0496,2.2719,19776,147,86,577,68,28,676,366924,6260
S1,1,51,1051,151,19648,False,False,20261005T104005Z_7611453d,62.3225,512,164,64.165,1.6674,19904,149,77,585,68,28,683,366924,6260
S1,1,51,1051,152,19776,False,False,20261005T104005Z_7611453d,62.201,512,164,64.1146,1.7504,20032,137,77,585,69,28,683,366924,6260
S1,1,51,1051,153,19904,False,False,20261005T104005Z_7611453d,62.4326,512,164,64.6114,1.9796,20160,142,77,577,68,27,675,366924,6260
S1,1,51,1051,154,20032,False,False,20261005T104005Z_7611453d,62.1609,512,164,63.4564,1.1509,20288,150,77,577,68,28,675,366924,6260
S1,1,51,1051,155,20160,False,False,20261005T104005Z_7611453d,61.7288,512,164,62.7662,0.9307,20416,140,77,585,68,27,683,366924,6260
S1,1,51,1051,156,20288,False,False,20261005T104005Z_7611453d,62.0569,512,164,63.6545,1.4651,20544,145,77,585,69,28,683,366924,6260
S1,1,51,1051,157,20416,False,False,20261005T104005Z_7611453d,62.4726,512,164,64.7361,2.0632,20672,139,78,584,68,28,682,366924,6260
S1,1,51,1051,158,20544,False,False,20261005T104005Z_7611453d,62.4135,512,164,64.2196,1.6054,20800,141,78,584,68,28,683,366924,6260
S1,1,51,1051,159,20672,False,False,20261005T104005Z_7611453d,62.1298,512,164,64.1796,1.8807,20928,148,85,577,68,28,675,366924,6260
S1,1,51,1051,160,20800,False,False,20261005T104005Z_7611453d,62.6834,512,164,65.048,2.17,21056,140,78,584,68,28,683,366924,6260
S1,1,51,1051,161,20928,False,False,20261005T104005Z_7611453d,63.2639,512,164,65.645,2.1751,21184,141,78,585,69,28,683,366924,6260
S1,1,51,1051,162,21056,False,False,20261005T104005Z_7611453d,62.1838,512,164,64.475,2.1,21312,140,78,584,68,28,682,366924,6260
S1,1,51,1051,163,21184,False,False,20261005T104005Z_7611453d,62.6885,512,164,65.2819,2.4186,21440,141,77,585,68,27,683,366924,6260
S1,1,51,1051,164,21312,False,False,20261005T104005Z_7611453d,62.8188,512,164,65.0696,2.0379,21568,150,77,577,68,27,675,366924,6260
S1,1,51,1051,165,21440,False,False,20261005T104005Z_7611453d,61.9588,512,164,63.0119,0.9548,21696,138,78,584,68,27,682,366924,6260
S1,1,51,1051,166,21568,False,False,20261005T104005Z_7611453d,62.0856,512,164,64.0627,1.8408,21824,143,78,585,68,28,683,366924,6260
S1,1,51,1051,167,21696,False,False,20261005T104005Z_7611453d,62.2059,512,164,63.1755,0.8694,21952,137,78,578,69,28,676,366924,6260
S1,1,51,1051,168,21824,False,False,20261005T104005Z_7611453d,62.1391,512,164,63.8033,1.5222,22080,138,78,577,75,28,682,366924,6260
S1,1,51,1051,169,21952,False,False,20261005T104005Z_7611453d,62.2099,512,164,64.0206,1.6608,22208,142,78,584,68,27,682,366924,6260
S1,1,51,1051,170,22080,False,False,20261005T104005Z_7611453d,62.7344,512,164,65.1144,2.1616,22336,143,77,585,69,27,683,366924,6260
S1,1,51,1051,171,22208,False,False,20261005T104005Z_7611453d,63.1943,512,164,65.6689,2.2618,22464,145,78,577,68,28,675,366924,6260
S1,1,51,1051,172,22336,False,False,20261005T104005Z_7611453d,62.4519,512,164,64.1808,1.5579,22592,145,77,577,68,27,675,366924,6260
S1,1,51,1051,173,22464,False,False,20261005T104005Z_7611453d,62.7131,512,164,64.7884,1.8491,22720,141,78,585,68,28,683,366924,6260
S1,1,51,1051,174,22592,False,False,20261005T104005Z_7611453d,62.3946,512,164,64.5385,1.9319,22848,139,77,585,68,27,683,366924,6260
S1,1,51,1051,175,22720,False,False,20261005T104005Z_7611453d,62.1405,512,164,63.5812,1.3066,22976,144,77,585,69,27,683,366924,6260
S1,1,51,1051,176,22848,False,False,20261005T104005Z_7611453d,62.1623,512,164,63.9688,1.6661,23104,141,77,585,68,28,683,366924,6260
S1,1,51,1051,177,22976,False,False,20261005T104005Z_7611453d,62.4609,512,164,65.2009,2.2729,23232,142,77,585,68,28,683,366924,6260
S1,1,51,1051,178,23104,False,False,20261005T104005Z_7611453d,62.6517,512,164,65.0571,2.0983,23360,138,78,577,68,27,683,366924,6260
S1,1,51,1051,179,23232,False,False,20261005T104005Z_7611453d,62.6153,512,164,65.4317,2.5967,23488,141,78,585,68,27,683,366924,6260
S1,1,51,1051,180,23360,False,False,20261005T104005Z_7611453d,62.753,512,164,65.1437,2.1564,23616,141,78,585,68,28,683,366924,6260
S1,1,51,1051,181,23488,False,False,20261005T104005Z_7611453d,62.4613,512,164,64.4288,1.7733,23744,143,78,584,68,28,683,366924,6260
S1,1,51,1051,182,23616,False,False,20261005T104005Z_7611453d,62.9889,512,164,64.8686,1.6956,23872,147,78,584,68,28,682,366924,6260
S1,1,51,1051,183,23744,False,False,20261005T104005Z_7611453d,61.9781,512,164,63.339,1.2304,24000,139,78,585,69,28,684,366924,6260
S1,1,51,1051,184,23872,False,False,20261005T104005Z_7611453d,62.1339,512,164,63.8376,1.5331,24128,142,78,577,76,28,683,366924,6260
S1,1,51,1051,185,24000,False,False,20261005T104005Z_7611453d,62.3306,512,164,64.2625,1.7568,24256,145,78,585,68,27,683,366924,6260
S1,1,51,1051,186,24128,False,False,20261005T104005Z_7611453d,62.4095,512,164,64.9306,2.3065,24384,137,77,577,68,28,676,366924,6260
S1,1,51,1051,187,24256,False,False,20261005T104005Z_7611453d,62.564,512,164,64.9563,2.1752,24512,142,77,577,76,27,683,366924,6260
S1,1,51,1051,188,24384,False,False,20261005T104005Z_7611453d,62.189,512,164,64.2351,1.8855,24640,143,78,584,68,28,682,366924,6260
S1,1,51,1051,189,24512,False,False,20261005T104005Z_7611453d,63.2473,512,164,65.6535,2.196,24768,139,78,577,69,28,675,366924,6260
S1,1,51,1051,190,24640,False,False,20261005T104005Z_7611453d,62.543,512,164,64.6877,1.9517,24896,140,78,577,69,27,675,366924,6260
S1,1,51,1051,191,24768,False,False,20261005T104005Z_7611453d,62.6156,512,164,64.9025,2.0721,25024,142,77,577,68,28,675,366924,6260
S1,1,51,1051,192,24896,False,False,20261005T104005Z_7611453d,62.0664,512,164,64.151,1.9309,25152,151,78,585,68,27,683,366924,6260
S1,1,51,1051,193,25024,False,False,20261005T104005Z_7611453d,62.4588,512,164,63.9497,1.2933,25280,149,85,577,68,28,676,366924,6260
S1,1,51,1051,194,25152,False,False,20261005T104005Z_7611453d,62.1248,512,164,63.1994,0.9577,25408,143,77,577,68,27,675,366924,6260
S1,1,51,1051,195,25280,False,False,20261005T104005Z_7611453d,62.4352,512,164,63.5087,0.9506,25536,140,78,585,68,28,684,366924,6260
S1,1,51,1051,196,25408,False,False,20261005T104005Z_7611453d,62.2095,512,164,63.3743,1.0168,25664,143,78,577,68,28,675,366924,6260
S1,1,51,1051,197,25536,False,False,20261005T104005Z_7611453d,62.1946,512,164,63.2374,0.9308,25792,142,78,585,68,27,683,366924,6260
S1,1,51,1051,198,25664,False,False,20261005T104005Z_7611453d,62.1874,512,164,63.9955,1.6658,25920,142,78,577,69,28,675,366924,6260
S1,1,51,1051,199,25792,False,False,20261005T104005Z_7611453d,62.1192,512,164,63.2595,1.0314,26048,141,78,578,68,35,683,366924,6260
S1,1,51,1051,200,25920,False,False,20261005T104005Z_7611453d,62.2374,512,164,64.0885,1.6581,26176,136,78,584,69,28,683,366924,6260
S1,1,51,1051,201,26048,False,False,20261005T104005Z_7611453d,62.9179,512,164,65.3854,2.2545,26304,139,78,577,68,28,676,366924,6260
S1,1,51,1051,202,26176,False,False,20261005T104005Z_7611453d,62.9024,512,164,65.2858,2.1948,26432,139,77,585,69,28,683,366924,6260
S1,1,51,1051,203,26304,False,False,20261005T104005Z_7611453d,63.0294,512,164,64.8225,1.6192,26560,142,78,577,76,28,683,366924,6260
S1,1,51,1051,204,26432,False,False,20261005T104005Z_7611453d,62.4112,512,164,64.5629,1.9772,26688,142,78,585,69,28,683,366924,6260
S1,1,51,1051,205,26560,False,False,20261005T104005Z_7611453d,62.2156,512,164,63.9103,1.54,26816,144,78,577,76,27,683,366924,6260
S1,1,51,1051,206,26688,False,False,20261005T104005Z_7611453d,63.6282,512,164,65.9943,2.1573,26944,145,77,585,68,27,683,366924,6260
S1,1,51,1051,207,26816,False,False,20261005T104005Z_7611453d,63.1983,512,164,65.5853,2.1745,27072,148,77,585,69,28,683,366924,6260
S1,1,51,1051,208,26944,False,False,20261005T104005Z_7611453d,62.4222,512,164,63.8702,1.3198,27200,141,78,584,69,28,683,366924,6260
S1,1,51,1051,209,27072,False,False,20261005T104005Z_7611453d,62.669,512,164,65.024,2.1377,27328,140,77,585,68,28,684,366924,6260
S1,1,51,1051,210,27200,False,False,20261005T104005Z_7611453d,62.8046,512,164,65.1825,2.1664,27456,140,78,577,69,28,676,366924,6260
S1,1,51,1051,211,27328,False,False,20261005T104005Z_7611453d,62.6756,512,164,64.6183,1.7613,27584,144,78,585,68,27,683,366924,6260
S1,1,51,1051,212,27456,False,False,20261005T104005Z_7611453d,62.5662,512,164,64.6917,1.9424,27712,138,78,584,68,27,682,366924,6260
S1,1,51,1051,213,27584,False,False,20261005T104005Z_7611453d,62.4155,512,164,64.5273,1.9432,27840,140,78,584,68,28,683,366924,6260
S1,1,51,1051,214,27712,False,False,20261005T104005Z_7611453d,62.1449,512,164,64.0027,1.6884,27968,139,77,577,68,36,683,366924,6260
S1,1,51,1051,215,27840,False,False,20261005T104005Z_7611453d,61.9888,512,164,62.9219,0.8369,28096,141,78,584,68,27,682,366924,6260
S1,1,51,1051,216,27968,False,False,20261005T104005Z_7611453d,61.8493,512,164,63.3719,1.403,28224,142,77,585,69,27,683,366924,6260
S1,1,51,1051,217,28096,False,False,20261005T104005Z_7611453d,62.9873,512,164,65.787,2.5892,28352,140,78,577,68,27,675,366924,6260
S1,1,51,1051,218,28224,False,False,20261005T104005Z_7611453d,62.7244,512,164,65.2935,2.2742,28480,143,78,585,68,27,683,366924,6260
S1,1,51,1051,219,28352,False,False,20261005T104005Z_7611453d,62.1911,512,164,64.4182,2.0438,28608,139,78,577,68,28,675,366924,6260
S1,1,51,1051,220,28480,False,False,20261005T104005Z_7611453d,63.0315,512,164,65.6279,2.3592,28736,143,77,577,68,27,675,366924,6260
S1,1,51,1051,221,28608,False,False,20261005T104005Z_7611453d,62.5239,512,164,64.6265,1.882,28864,143,78,577,69,27,675,366924,6260
S1,1,51,1051,222,28736,False,False,20261005T104005Z_7611453d,62.6139,512,164,65.7605,2.9286,28992,145,78,577,69,28,675,366924,6260
S1,1,51,1051,223,28864,False,False,20261005T104005Z_7611453d,62.1385,512,164,63.7395,1.4438,29120,141,77,577,68,27,675,366924,6260
S1,1,51,1051,224,28992,False,False,20261005T104005Z_7611453d,62.2055,512,164,64.0582,1.6528,29248,150,78,577,69,28,676,366924,6260
S1,1,51,1051,225,29120,False,False,20261005T104005Z_7611453d,62.2832,512,164,64.54,2.0474,29376,144,78,584,68,28,682,366924,6260
S1,1,51,1051,226,29248,False,False,20261005T104005Z_7611453d,62.278,512,164,63.3309,0.9459,29504,140,78,577,68,27,675,366924,6260
S1,1,51,1051,227,29376,False,False,20261005T104005Z_7611453d,62.2398,512,164,64.2283,1.8108,29632,139,78,584,68,28,682,366924,6260
S1,1,51,1051,228,29504,False,False,20261005T104005Z_7611453d,62.3836,512,164,64.0488,1.5079,29760,140,78,577,69,28,676,366924,6260
S1,1,51,1051,229,29632,False,False,20261005T104005Z_7611453d,62.3124,512,164,64.5064,2.0006,29888,140,77,585,69,28,683,366924,6260
S1,1,51,1051,230,29760,False,False,20261005T104005Z_7611453d,61.916,512,164,63.1494,1.1067,30016,140,78,577,68,28,676,366924,6260
S1,1,51,1051,231,29888,False,False,20261005T104005Z_7611453d,62.3539,512,164,64.5816,1.9172,30144,141,78,584,68,28,682,366924,6260
S1,1,51,1051,232,30016,False,False,20261005T104005Z_7611453d,62.1881,512,164,64.0307,1.6675,30272,143,78,585,68,28,683,366924,6260
S1,1,51,1051,233,30144,False,False,20261005T104005Z_7611453d,62.5611,512,164,65.219,2.2213,30400,147,78,584,68,28,683,366924,6260
S1,1,51,1051,234,30272,False,False,20261005T104005Z_7611453d,62.3388,512,164,64.2081,1.7053,30528,145,77,577,76,28,683,366924,6260
S1,1,51,1051,235,30400,False,False,20261005T104005Z_7611453d,62.3607,512,164,64.0607,1.5372,30656,141,77,585,68,28,684,366924,6260
S1,1,51,1051,236,30528,False,False,20261005T104005Z_7611453d,62.8195,512,164,65.5778,2.3269,30784,141,78,577,69,28,675,366924,6260
S1,1,51,1051,237,30656,False,False,20261005T104005Z_7611453d,62.3048,512,164,63.8625,1.3881,30912,143,78,577,69,28,675,366924,6260
S1,1,51,1051,238,30784,False,False,20261005T104005Z_7611453d,62.5038,512,164,64.5884,1.9111,31040,139,78,577,68,28,675,366924,6260
S1,1,51,1051,239,30912,False,False,20261005T104005Z_7611453d,63.0279,512,164,65.2269,1.9862,31168,140,77,577,68,27,675,366924,6260
S1,1,51,1051,240,31040,False,False,20261005T104005Z_7611453d,62.6049,512,164,64.793,2.0007,31296,141,78,584,68,27,682,366924,6260
S1,1,51,1051,241,31168,False,False,20261005T104005Z_7611453d,62.4516,512,164,65.3494,2.6347,31424,139,78,585,68,27,683,366924,6260
S1,1,51,1051,242,31296,False,False,20261005T104005Z_7611453d,62.2355,512,164,63.8829,1.499,31552,140,77,585,68,28,683,366924,6260
S1,1,51,1051,243,31424,False,False,20261005T104005Z_7611453d,62.2803,512,164,63.9905,1.5591,31680,142,78,585,68,27,683,366924,6260
S1,1,51,1051,244,31552,False,False,20261005T104005Z_7611453d,62.3651,512,164,64.9823,2.398,31808,143,78,585,69,28,683,366924,6260
S1,1,51,1051,245,31680,False,False,20261005T104005Z_7611453d,62.5091,512,164,63.5938,0.9766,31936,141,78,577,68,28,676,366924,6260
S1,1,51,1051,246,31808,False,False,20261005T104005Z_7611453d,62.7504,512,164,64.9433,2.0075,32064,146,77,585,69,28,683,366924,6260
S1,1,51,1051,247,31936,False,False,20261005T104005Z_7611453d,62.203,512,164,63.4091,1.1001,32192,143,77,577,68,28,676,366924,6260
S1,1,51,1051,248,32064,False,False,20261005T104005Z_7611453d,62.2247,512,164,64.9077,2.5119,32320,139,77,585,69,28,683,366924,6260
S1,1,51,1051,249,32192,False,False,20261005T104005Z_7611453d,62.8854,512,164,64.9305,1.7294,32448,139,85,577,68,28,676,366924,6260
S1,1,51,1051,250,32320,False,False,20261005T104005Z_7611453d,62.0705,512,164,63.5375,1.3274,32576,140,77,577,68,28,675,366924,6260
S1,1,51,1051,251,32448,False,False,20261005T104005Z_7611453d,62.5486,512,164,65.3391,2.5743,32704,141,85,577,68,27,675,366924,6260
S1,1,51,1051,252,32576,False,False,20261005T104005Z_7611453d,62.3048,512,164,64.4107,1.9211,32832,140,77,585,69,27,683,366924,6260
S1,1,51,1051,253,32704,False,False,20261005T104005Z_7611453d,62.3204,512,164,65.1047,2.5705,32960,143,78,585,68,28,683,366924,6260
S1,1,51,1051,254,32832,False,False,20261005T104005Z_7611453d,62.6452,512,164,64.9142,2.058,33088,143,85,577,69,28,675,366924,6260
S1,1,51,1051,255,32960,False,False,20261005T104005Z_7611453d,62.6271,512,164,64.6409,1.8034,33216,142,78,577,68,28,676,366924,6260
S1,1,51,1051,256,33088,False,False,20261005T104005Z_7611453d,61.9409,512,164,64.2463,2.1402,33344,140,78,578,69,28,676,366924,6260
S1,1,51,1051,257,33216,False,False,20261005T104005Z_7611453d,62.2832,512,164,63.3308,0.9408,33472,148,77,585,68,28,683,366924,6260
S1,1,51,1051,258,33344,False,False,20261005T104005Z_7611453d,61.9122,512,164,63.0267,0.9936,33600,139,78,577,68,28,675,366924,6260
S1,1,51,1051,259,33472,False,False,20261005T104005Z_7611453d,62.5575,512,164,64.0546,1.2894,33728,143,78,585,68,27,683,366924,6260
S1,1,51,1051,260,33600,False,False,20261005T104005Z_7611453d,62.3426,512,164,63.3522,0.9033,33856,138,78,585,68,28,683,366924,6260
S1,1,51,1051,261,33728,False,False,20261005T104005Z_7611453d,62.506,512,164,64.9433,2.2171,33984,139,78,577,68,27,675,366924,6260
S1,1,51,1051,262,33856,False,False,20261005T104005Z_7611453d,62.0763,512,164,63.1668,0.9711,34112,142,78,577,76,28,683,366924,6260
S1,1,51,1051,263,33984,False,False,20261005T104005Z_7611453d,61.8844,512,164,62.9112,0.9157,34240,143,78,585,68,28,683,366924,6260
S1,1,51,1051,264,34112,False,False,20261005T104005Z_7611453d,61.8742,512,164,63.909,1.9257,34368,140,78,584,68,28,682,366924,6260
S1,1,51,1051,265,34240,False,False,20261005T104005Z_7611453d,62.0175,512,164,63.3942,1.2487,34496,143,85,577,68,27,675,366924,6260
S1,1,51,1051,266,34368,False,False,20261005T104005Z_7611453d,62.4191,512,164,64.5403,1.9271,34624,140,77,585,69,28,683,366924,6260
S1,1,51,1051,267,34496,False,False,20261005T104005Z_7611453d,62.3877,512,164,64.9652,2.3572,34752,149,78,584,68,28,683,366924,6260
S1,1,51,1051,268,34624,False,False,20261005T104005Z_7611453d,62.5835,512,164,65.1623,2.3645,34880,150,78,585,68,27,683,366924,6260
S1,1,51,1051,269,34752,False,False,20261005T104005Z_7611453d,62.5017,512,164,64.9274,2.1497,35008,140,77,585,68,27,683,366924,6260
S1,1,51,1051,270,34880,False,False,20261005T104005Z_7611453d,62.5018,512,164,64.7158,2.0221,35136,142,77,585,68,27,683,366924,6260
S1,1,51,1051,271,35008,False,False,20261005T104005Z_7611453d,62.8744,512,164,66.0083,2.9067,35264,140,77,585,68,27,683,366924,6260
S1,1,51,1051,272,35136,False,False,20261005T104005Z_7611453d,62.7108,512,164,65.0977,2.1706,35392,147,78,577,69,28,675,366924,6260
S1,1,51,1051,273,35264,False,False,20261005T104005Z_7611453d,62.4639,512,164,64.7873,2.1273,35520,141,78,584,68,28,683,366924,6260
S1,1,51,1051,274,35392,False,False,20261005T104005Z_7611453d,62.8043,512,164,65.3424,2.3183,35648,141,77,585,69,28,683,366924,6260
S1,1,51,1051,275,35520,False,False,20261005T104005Z_7611453d,62.6295,512,164,65.019,2.1907,35776,143,78,585,68,28,683,366924,6260
S1,1,51,1051,276,35648,False,False,20261005T104005Z_7611453d,62.3665,512,164,63.4022,0.89,35904,143,77,577,68,28,675,366924,6260
S1,1,51,1051,277,35776,False,False,20261005T104005Z_7611453d,62.4243,512,164,64.8604,2.2515,36032,141,78,585,68,28,683,366924,6260
S1,1,51,1051,278,35904,False,False,20261005T104005Z_7611453d,61.758,512,164,63.5067,1.6556,36160,138,77,585,68,28,683,366924,6260
S1,1,51,1051,279,36032,False,False,20261005T104005Z_7611453d,62.5818,512,164,65.4795,2.6848,36288,139,78,584,68,28,682,366924,6260
S1,1,51,1051,280,36160,False,False,20261005T104005Z_7611453d,62.3424,512,164,64.8748,2.3212,36416,147,77,585,68,27,683,366924,6260
S1,1,51,1051,281,36288,False,False,20261005T104005Z_7611453d,62.262,512,164,65.6252,3.1,36544,147,77,585,68,28,683,366924,6260
S1,1,51,1051,282,36416,False,False,20261005T104005Z_7611453d,62.8233,512,164,64.2328,1.2863,36672,142,78,584,69,28,683,366924,6260
S1,1,51,1051,283,36544,False,False,20261005T104005Z_7611453d,62.6672,512,164,65.2268,2.2236,36800,141,86,577,68,28,675,366924,6260
S1,1,51,1051,284,36672,False,False,20261005T104005Z_7611453d,62.7719,512,164,65.5462,2.5426,36928,140,78,584,68,27,682,366924,6260
S1,1,51,1051,285,36800,False,False,20261005T104005Z_7611453d,62.61,512,164,64.9575,2.148,37056,148,77,585,68,28,683,366924,6260
S1,1,51,1051,286,36928,False,False,20261005T104005Z_7611453d,62.273,512,164,65.3668,2.8658,37184,142,78,585,68,28,683,366924,6260
S1,1,51,1051,287,37056,False,False,20261005T104005Z_7611453d,62.9414,512,164,65.4003,2.2378,37312,150,77,585,69,28,683,366924,6260
S1,1,51,1051,288,37184,False,False,20261005T104005Z_7611453d,62.4969,512,164,65.6249,2.9234,37440,141,78,584,68,28,682,366924,6260
S1,1,51,1051,289,37312,False,False,20261005T104005Z_7611453d,62.92,512,164,65.085,1.9673,37568,144,78,578,69,36,684,366924,6260
S1,1,51,1051,290,37440,False,False,20261005T104005Z_7611453d,62.1353,512,164,63.1619,0.8928,37696,145,77,585,69,27,683,366924,6260
S1,1,51,1051,291,37568,False,False,20261005T104005Z_7611453d,62.0998,512,164,63.0501,0.8549,37824,141,86,577,68,28,676,366924,6260
S1,1,51,1051,292,37696,False,False,20261005T104005Z_7611453d,61.9184,512,164,62.8604,0.8481,37952,143,77,577,68,28,676,366924,6260
S1,1,51,1051,293,37824,False,False,20261005T104005Z_7611453d,62.4641,512,164,64.9844,2.3227,38080,147,77,577,68,27,675,366924,6260
S1,1,51,1051,294,37952,False,False,20261005T104005Z_7611453d,61.804,512,164,62.7332,0.8378,38208,141,78,584,68,28,683,366924,6260
S1,1,51,1051,295,38080,False,False,20261005T104005Z_7611453d,62.0525,512,164,63.7408,1.5021,38336,140,78,578,77,28,684,366924,6260
S1,1,51,1051,296,38208,False,False,20261005T104005Z_7611453d,62.5826,512,164,64.8207,2.0211,38464,138,77,577,76,28,683,366924,6260
S1,1,51,1051,297,38336,False,False,20261005T104005Z_7611453d,62.5873,512,164,65.5593,2.3684,38592,141,78,584,68,28,683,366924,6260
S1,1,51,1051,298,38464,False,False,20261005T104005Z_7611453d,62.7519,512,164,65.0172,2.0723,38720,141,77,577,76,28,683,366924,6260
S1,1,51,1051,299,38592,False,False,20261005T104005Z_7611453d,62.3853,512,164,64.2989,1.7758,38848,140,77,585,68,27,683,366924,6260
S1,1,51,1051,300,38720,False,False,20261005T104005Z_7611453d,63.153,512,164,65.4289,2.0608,38976,145,77,577,68,28,675,366924,6260
S1,1,51,1051,301,38848,False,False,20261005T104005Z_7611453d,62.522,512,164,64.7523,2.0433,39104,141,85,577,68,28,676,366924,6260
S1,1,51,1051,302,38976,False,False,20261005T104005Z_7611453d,62.401,512,164,63.9306,1.3153,39232,147,78,577,68,27,675,366924,6260
S1,1,51,1051,303,39104,False,False,20261005T104005Z_7611453d,62.8229,512,164,65.3121,2.2664,39360,140,78,577,68,28,675,366924,6260
S1,1,51,1051,304,39232,False,False,20261005T104005Z_7611453d,62.5176,512,164,64.9508,2.2352,39488,139,78,585,68,28,684,366924,6260
S1,1,51,1051,305,39360,False,False,20261005T104005Z_7611453d,62.6566,512,164,64.4774,1.5044,39616,140,77,577,68,27,675,366924,6260
S1,1,51,1051,306,39488,False,False,20261005T104005Z_7611453d,62.3506,512,164,64.3516,1.7995,39744,149,85,577,67,28,675,366924,6260
S1,1,51,1051,307,39616,False,False,20261005T104005Z_7611453d,62.3373,512,164,64.1913,1.694,39872,141,78,584,68,28,683,366924,6260
S1,1,51,1051,308,39744,False,False,20261005T104005Z_7611453d,62.722,512,164,64.2674,1.261,40000,144,78,577,69,28,676,366924,6260
S1,1,51,1051,309,39872,False,False,20261005T104005Z_7611453d,62.1712,512,164,64.2992,1.9551,40128,136,78,584,68,27,682,366924,6260
S1,1,51,1051,310,40000,False,False,20261005T104005Z_7611453d,62.6729,512,164,64.9855,2.1044,40256,142,78,578,68,28,676,366924,6260
S1,1,51,1051,311,40128,False,False,20261005T104005Z_7611453d,62.3371,512,164,64.5132,1.9851,40384,139,78,585,68,28,683,366924,6260
S1,1,51,1051,312,40256,False,False,20261005T104005Z_7611453d,62.618,512,164,64.0169,1.263,40512,143,78,577,68,28,675,366924,6260
S1,1,51,1051,313,40384,False,False,20261005T104005Z_7611453d,62.4504,512,164,64.2756,1.658,40640,139,78,585,68,28,683,366924,6260
S1,1,51,1051,314,40512,False,False,20261005T104005Z_7611453d,62.4986,512,164,64.3021,1.6472,40768,138,85,577,68,28,674,366924,6260
S1,1,51,1051,315,40640,False,False,20261005T104005Z_7611453d,62.4324,512,164,63.9221,1.3594,40896,142,78,585,69,27,683,366924,6260
S1,1,51,1051,316,40768,False,False,20261005T104005Z_7611453d,62.7221,512,164,64.9143,2.0113,41024,141,78,585,68,28,683,366924,6260
S1,1,51,1051,317,40896,False,False,20261005T104005Z_7611453d,62.3405,512,164,64.8198,2.2185,41152,141,85,577,69,27,675,366924,6260
S1,1,51,1051,318,41024,False,False,20261005T104005Z_7611453d,62.8623,512,164,65.7445,2.6578,41280,140,85,577,69,28,675,366924,6260
S1,1,51,1051,319,41152,False,False,20261005T104005Z_7611453d,62.34,512,164,64.3508,1.8145,41408,141,77,577,68,28,675,366924,6260
S1,1,51,1051,320,41280,False,False,20261005T104005Z_7611453d,63.2196,512,164,65.4858,2.0659,41536,141,78,584,68,28,683,366924,6260
S1,1,51,1051,321,41408,False,False,20261005T104005Z_7611453d,62.5621,512,164,64.8336,2.0597,41664,143,77,585,68,28,683,366924,6260
S1,1,51,1051,322,41536,False,False,20261005T104005Z_7611453d,62.3068,512,164,64.2421,1.7715,41792,141,77,585,68,28,683,366924,6260
S1,1,51,1051,323,41664,False,False,20261005T104005Z_7611453d,62.3391,512,164,64.1812,1.7387,41920,144,77,577,68,27,675,366924,6260
S1,1,51,1051,324,41792,False,False,20261005T104005Z_7611453d,62.3418,512,164,63.2606,0.827,42048,149,77,585,68,28,683,366924,6260
S1,1,51,1051,325,41920,False,False,20261005T104005Z_7611453d,61.9906,512,164,62.9654,0.8783,42176,142,85,577,68,27,675,366924,6260
S1,1,51,1051,326,42048,False,False,20261005T104005Z_7611453d,62.097,512,164,63.6189,1.3907,42304,146,78,577,68,28,676,366924,6260
S1,1,51,1051,327,42176,False,False,20261005T104005Z_7611453d,62.0875,512,164,63.0455,0.8647,42432,140,85,577,69,28,675,366924,6260
S1,1,51,1051,328,42304,False,False,20261005T104005Z_7611453d,61.9282,512,164,62.9509,0.9271,42560,140,77,577,68,28,676,366924,6260
S1,1,51,1051,329,42432,False,False,20261005T104005Z_7611453d,61.9848,512,164,62.9727,0.8879,42688,139,78,584,68,28,683,366924,6260
S1,1,51,1051,330,42560,False,False,20261005T104005Z_7611453d,62.317,512,164,63.9836,1.5133,42816,147,78,585,68,27,683,366924,6260
S1,1,51,1051,331,42688,False,False,20261005T104005Z_7611453d,62.3849,512,164,64.323,1.7682,42944,140,78,584,69,28,683,366924,6260
S1,1,51,1051,332,42816,False,False,20261005T104005Z_7611453d,62.178,512,164,63.8525,1.5133,43072,147,78,584,68,28,683,366924,6260
S1,1,51,1051,333,42944,False,False,20261005T104005Z_7611453d,62.4732,512,164,65.3725,2.6257,43200,141,77,585,69,27,683,366924,6260
S1,1,51,1051,334,43072,False,False,20261005T104005Z_7611453d,62.4469,512,164,64.6111,1.9738,43328,141,78,577,68,28,675,366924,6260
S1,1,51,1051,335,43200,False,False,20261005T104005Z_7611453d,63.1038,512,164,65.6495,2.3193,43456,144,78,577,69,27,675,366924,6260
S1,1,51,1051,336,43328,False,False,20261005T104005Z_7611453d,62.4937,512,164,64.6654,1.9802,43584,143,78,577,68,28,675,366924,6260
S1,1,51,1051,337,43456,False,False,20261005T104005Z_7611453d,62.4577,512,164,64.592,1.9483,43712,142,78,577,68,28,676,366924,6260
S1,1,51,1051,338,43584,False,False,20261005T104005Z_7611453d,62.061,512,164,63.7105,1.5269,43840,146,78,577,68,28,675,366924,6260
S1,1,51,1051,339,43712,False,False,20261005T104005Z_7611453d,63.1461,512,164,65.3323,1.9637,43968,143,77,585,67,28,683,366924,6260
S1,1,51,1051,340,43840,False,False,20261005T104005Z_7611453d,62.2737,512,164,63.9155,1.4735,44096,140,78,584,68,28,683,366924,6260
S1,1,51,1051,341,43968,False,False,20261005T104005Z_7611453d,62.1567,512,164,64.2654,1.962,44224,142,77,585,68,27,683,366924,6260
S1,1,51,1051,342,44096,False,False,20261005T104005Z_7611453d,62.9759,512,164,65.1322,1.9421,44352,141,78,577,68,27,675,366924,6260
S1,1,51,1051,343,44224,False,False,20261005T104005Z_7611453d,62.713,512,164,65.181,2.2402,44480,139,78,585,68,28,683,366924,6260
S1,1,51,1051,344,44352,False,False,20261005T104005Z_7611453d,62.6594,512,164,65.6454,2.5113,44608,143,77,577,68,27,675,366924,6260
S1,1,51,1051,345,44480,False,False,20261005T104005Z_7611453d,62.4744,512,164,64.8877,2.2155,44736,138,78,577,69,27,675,366924,6260
S1,1,51,1051,346,44608,False,False,20261005T104005Z_7611453d,62.3752,512,164,65.0899,2.5051,44864,142,78,577,75,28,683,366924,6260
S1,1,51,1051,347,44736,False,False,20261005T104005Z_7611453d,62.5083,512,164,64.8923,2.179,44992,141,77,585,69,28,683,366924,6260
S1,1,51,1051,348,44864,False,False,20261005T104005Z_7611453d,62.3591,512,164,64.4457,1.8877,45120,141,77,585,68,28,683,366924,6260
S1,1,51,1051,349,44992,False,False,20261005T104005Z_7611453d,62.9299,512,164,65.1769,2.0243,45248,147,77,585,68,28,683,366924,6260
S1,1,51,1051,350,45120,False,False,20261005T104005Z_7611453d,62.286,512,164,64.6718,2.1899,45376,139,78,577,69,28,676,366924,6260
S1,1,51,1051,351,45248,False,False,20261005T104005Z_7611453d,62.2914,512,164,64.399,1.9512,45504,141,77,577,68,28,675,366924,6260
S1,1,51,1051,352,45376,False,False,20261005T104005Z_7611453d,62.8331,512,164,65.5074,2.4608,45632,146,77,585,69,28,684,366924,6260
S1,1,51,1051,353,45504,False,False,20261005T104005Z_7611453d,61.9393,512,164,63.3451,1.2775,45760,140,78,585,68,28,683,366924,6260
S1,1,51,1051,354,45632,False,False,20261005T104005Z_7611453d,62.2526,512,164,64.7988,2.346,45888,142,78,577,69,27,675,366924,6260
S1,1,51,1051,355,45760,False,False,20261005T104005Z_7611453d,62.2975,512,164,63.4876,1.0623,46016,144,77,577,76,28,683,366924,6260
S1,1,51,1051,356,45888,False,False,20261005T104005Z_7611453d,62.1591,512,164,63.1223,0.8641,46144,157,78,585,68,27,683,366924,6260
S1,1,51,1051,357,46016,False,False,20261005T104005Z_7611453d,62.3925,512,164,64.5559,1.9445,46272,141,78,577,68,28,675,366924,6260
S1,1,51,1051,358,46144,False,False,20261005T104005Z_7611453d,62.2386,512,164,64.0214,1.6333,46400,141,78,577,68,28,675,366924,6260
S1,1,51,1051,359,46272,False,False,20261005T104005Z_7611453d,63.3678,512,164,65.7434,2.1606,46528,142,77,585,68,27,683,366924,6260
S1,1,51,1051,360,46400,False,False,20261005T104005Z_7611453d,62.4574,512,164,64.9514,2.2693,46656,142,78,585,68,27,683,366924,6260
S1,1,51,1051,361,46528,False,False,20261005T104005Z_7611453d,62.1832,512,164,64.3901,2.0318,46784,141,78,585,69,27,683,366924,6260
S1,1,51,1051,362,46656,False,False,20261005T104005Z_7611453d,62.43,512,164,64.8345,2.1041,46912,148,78,584,68,28,683,366924,6260
S1,1,51,1051,363,46784,False,False,20261005T104005Z_7611453d,62.377,512,164,64.413,1.6916,47040,149,77,585,69,27,683,366924,6260
S1,1,51,1051,364,46912,False,False,20261005T104005Z_7611453d,62.3537,512,164,64.4471,1.9444,47168,143,77,585,67,28,683,366924,6260
S1,1,51,1051,365,47040,False,False,20261005T104005Z_7611453d,62.4515,512,164,64.8851,2.219,47296,139,77,577,68,27,675,366924,6260
S1,1,51,1051,366,47168,False,False,20261005T104005Z_7611453d,62.4241,512,164,64.4955,1.8922,47424,138,78,577,76,27,683,366924,6260
S1,1,51,1051,367,47296,False,False,20261005T104005Z_7611453d,62.5592,512,164,64.9165,1.8361,47552,149,77,577,68,27,675,366924,6260
S1,1,51,1051,368,47424,False,False,20261005T104005Z_7611453d,62.0595,512,164,63.2827,1.0953,47680,142,78,577,76,27,683,366924,6260
S1,1,51,1051,369,47552,False,False,20261005T104005Z_7611453d,62.1474,512,164,64.3146,1.9961,47808,149,78,584,68,28,683,366924,6260
S1,1,51,1051,370,47680,False,False,20261005T104005Z_7611453d,62.1361,512,164,63.7599,1.4697,47936,145,78,585,68,28,683,366924,6260
S1,1,51,1051,371,47808,False,False,20261005T104005Z_7611453d,63.2518,512,164,66.0049,2.2653,48064,141,78,585,68,27,683,366924,6260
S1,1,51,1051,372,47936,False,False,20261005T104005Z_7611453d,62.3743,512,164,64.3958,1.8381,48192,141,78,577,69,28,675,366924,6260
S1,1,51,1051,373,48064,False,False,20261005T104005Z_7611453d,62.6849,512,164,65.8545,2.9562,48320,142,77,585,68,28,683,366924,6260
S1,1,51,1051,374,48192,False,False,20261005T104005Z_7611453d,62.3354,512,164,64.9008,2.3221,48448,141,77,585,68,27,683,366924,6260
S1,1,51,1051,375,48320,False,False,20261005T104005Z_7611453d,62.7457,512,164,65.9017,2.8554,48576,141,78,577,68,27,675,366924,6260
S1,1,51,1051,376,48448,False,False,20261005T104005Z_7611453d,62.3735,512,164,63.6525,1.1486,48704,143,77,585,68,27,683,366924,6260
S1,1,51,1051,377,48576,False,False,20261005T104005Z_7611453d,62.3658,512,164,64.2742,1.7165,48832,142,78,577,76,28,683,366924,6260
S1,1,51,1051,378,48704,False,False,20261005T104005Z_7611453d,62.6177,512,164,65.4225,2.567,48960,145,77,585,68,27,683,366924,6260
S1,1,51,1051,379,48832,False,False,20261005T104005Z_7611453d,62.4382,512,164,64.7565,2.1261,49088,146,77,585,68,28,683,366924,6260
S1,1,51,1051,380,48960,False,False,20261005T104005Z_7611453d,62.619,512,164,65.1571,2.3397,49216,141,78,585,68,28,684,366924,6260
S1,1,51,1051,381,49088,False,False,20261005T104005Z_7611453d,63.2269,512,164,65.6921,2.2252,49344,141,78,577,68,28,675,366924,6260
S1,1,51,1051,382,49216,False,False,20261005T104005Z_7611453d,62.5318,512,164,65.3901,2.629,49472,140,77,577,68,28,675,366924,6260
S1,1,51,1051,383,49344,False,False,20261005T104005Z_7611453d,62.8472,512,164,65.2388,2.179,49600,140,85,577,68,27,675,366924,6260
S1,1,51,1051,384,49472,False,False,20261005T104005Z_7611453d,62.0151,512,164,63.6501,1.4959,49728,143,78,584,68,28,683,366924,6260
S1,1,51,1051,385,49600,False,False,20261005T104005Z_7611453d,62.3746,512,164,63.8992,1.3874,49856,151,78,585,68,27,683,366924,6260
S1,1,51,1051,386,49728,False,False,20261005T104005Z_7611453d,62.5602,512,164,64.2603,1.4664,49984,138,78,585,68,28,684,366924,6260
S1,1,51,1051,387,49856,False,False,20261005T104005Z_7611453d,61.9513,512,164,62.9518,0.8969,50112,141,78,584,68,28,683,366924,6260
S1,1,51,1051,388,49984,False,False,20261005T104005Z_7611453d,62.1739,512,164,63.9434,1.6139,50240,140,78,585,68,27,683,366924,6260
S1,1,51,1051,389,50112,False,False,20261005T104005Z_7611453d,62.483,512,164,65.0374,2.3478,50368,141,77,585,68,27,683,366924,6260
S1,1,51,1051,390,50240,False,False,20261005T104005Z_7611453d,62.1502,512,164,63.8707,1.5565,50496,144,77,577,68,28,675,366924,6260
S1,1,51,1051,391,50368,False,False,20261005T104005Z_7611453d,62.0975,512,164,63.9928,1.727,50624,139,78,577,68,28,675,366924,6260
S1,1,51,1051,392,50496,False,False,20261005T104005Z_7611453d,62.3284,512,164,63.9079,1.4265,50752,141,78,584,68,28,683,366924,6260
S1,1,51,1051,393,50624,False,False,20261005T104005Z_7611453d,62.2218,512,164,64.6576,2.2547,50880,141,77,585,68,27,683,366924,6260
S1,1,51,1051,394,50752,False,False,20261005T104005Z_7611453d,62.063,512,164,63.8015,1.5714,51008,138,78,584,68,28,683,366924,6260
S1,1,51,1051,395,50880,False,False,20261005T104005Z_7611453d,61.9498,512,164,63.43,1.3489,51136,139,77,585,68,28,683,366924,6260
S1,1,51,1051,396,51008,False,False,20261005T104005Z_7611453d,62.3822,512,164,63.9527,1.4231,51264,142,78,577,68,36,682,366924,6260
S1,1,51,1051,397,51136,False,False,20261005T104005Z_7611453d,62.5465,512,164,65.2678,2.5357,51392,142,78,584,69,28,683,366924,6260
S1,1,51,1051,398,51264,False,False,20261005T104005Z_7611453d,62.3179,512,164,64.4472,1.9271,51520,142,78,577,69,27,675,366924,6260
S1,1,51,1051,399,51392,False,False,20261005T104005Z_7611453d,62.0253,512,164,63.1581,1.0375,51648,141,78,584,69,27,683,366924,6260
S1,1,51,1051,400,51520,False,False,20261005T104005Z_7611453d,62.0113,512,164,63.6671,1.5171,51776,139,78,577,68,28,676,366924,6260
S1,1,51,1051,401,51648,False,False,20261005T104005Z_7611453d,62.522,512,164,65.3182,2.5917,51904,144,77,577,68,28,676,366924,6260
S1,1,51,1051,402,51776,False,False,20261005T104005Z_7611453d,62.4279,512,164,64.7629,2.0537,52032,149,77,585,67,28,683,366924,6260
S1,1,51,1051,403,51904,False,False,20261005T104005Z_7611453d,61.8707,512,164,62.8075,0.8446,52160,141,78,584,69,28,683,366924,6260
S1,1,51,1051,404,52032,False,False,20261005T104005Z_7611453d,62.3755,512,164,64.894,2.3356,52288,142,78,584,68,28,682,366924,6260
S1,1,51,1051,405,52160,False,False,20261005T104005Z_7611453d,62.2312,512,164,63.3945,1.0649,52416,141,86,577,69,28,675,366924,6260
S1,1,51,1051,406,52288,False,False,20261005T104005Z_7611453d,62.1329,512,164,64.1187,1.8119,52544,142,78,585,68,27,683,366924,6260
S1,1,51,1051,407,52416,False,False,20261005T104005Z_7611453d,62.5578,512,164,65.1531,2.3887,52672,140,78,585,69,27,683,366924,6260
S1,1,51,1051,408,52544,False,False,20261005T104005Z_7611453d,63.2384,512,164,66.438,2.8704,52800,139,78,584,68,28,683,366924,6260
S1,1,51,1051,409,52672,False,False,20261005T104005Z_7611453d,61.7929,512,164,63.4838,1.6024,52928,143,78,584,68,28,683,366924,6260
S1,1,51,1051,410,52800,False,False,20261005T104005Z_7611453d,62.5409,512,164,64.8234,2.1202,53056,141,78,577,68,27,675,366924,6260
S1,1,51,1051,411,52928,False,False,20261005T104005Z_7611453d,62.8082,512,164,65.3843,2.3493,53184,141,77,577,68,27,675,366924,6260
S1,1,51,1051,412,53056,False,False,20261005T104005Z_7611453d,62.7671,512,164,65.8853,2.8965,53312,149,85,577,68,27,675,366924,6260
S1,1,51,1051,413,53184,False,False,20261005T104005Z_7611453d,62.548,512,164,64.6018,1.8774,53440,142,78,577,69,28,675,366924,6260
S1,1,51,1051,414,53312,False,False,20261005T104005Z_7611453d,62.5775,512,164,65.0372,2.2452,53568,139,78,577,68,27,675,366924,6260
S1,1,51,1051,415,53440,False,False,20261005T104005Z_7611453d,62.1574,512,164,64.0755,1.7663,53696,140,77,585,68,28,683,366924,6260
S1,1,51,1051,416,53568,False,False,20261005T104005Z_7611453d,62.6041,512,164,64.9584,2.1467,53824,142,78,584,68,28,683,366924,6260
S1,1,51,1051,417,53696,False,False,20261005T104005Z_7611453d,62.6121,512,164,64.5972,1.7906,53952,149,77,577,68,27,675,366924,6260
S1,1,51,1051,418,53824,False,False,20261005T104005Z_7611453d,62.6479,512,164,64.7852,1.9393,54080,144,78,577,68,27,675,366924,6260
S1,1,51,1051,419,53952,False,False,20261005T104005Z_7611453d,62.5303,512,164,63.7745,1.1245,54208,147,78,585,68,27,683,366924,6260
S1,1,51,1051,420,54080,False,False,20261005T104005Z_7611453d,62.1821,512,164,63.898,1.5375,54336,140,78,577,68,35,683,366924,6260
S1,1,51,1051,421,54208,False,False,20261005T104005Z_7611453d,62.76,512,164,65.2847,2.3132,54464,141,78,584,69,28,683,366924,6260
S1,1,51,1051,422,54336,False,False,20261005T104005Z_7611453d,62.3215,512,164,63.8542,1.3844,54592,141,78,577,68,28,676,366924,6260
S1,1,51,1051,423,54464,False,False,20261005T104005Z_7611453d,62.6001,512,164,64.8627,2.0527,54720,140,77,577,68,27,675,366924,6260
S1,1,51,1051,424,54592,False,False,20261005T104005Z_7611453d,62.4903,512,164,64.8357,2.1579,54848,141,77,577,75,28,683,366924,6260
S1,1,51,1051,425,54720,False,False,20261005T104005Z_7611453d,62.4629,512,164,63.6345,1.0393,54976,140,78,585,68,27,683,366924,6260
S1,1,51,1051,426,54848,False,False,20261005T104005Z_7611453d,62.7638,512,164,65.2188,2.1125,55104,144,77,577,68,28,676,366924,6260
S1,1,51,1051,427,54976,False,False,20261005T104005Z_7611453d,62.6468,512,164,65.9539,3.1018,55232,138,77,585,68,28,683,366924,6260
S1,1,51,1051,428,55104,False,False,20261005T104005Z_7611453d,62.4645,512,164,64.2058,1.5808,55360,142,86,577,68,28,676,366924,6260
S1,1,51,1051,429,55232,False,False,20261005T104005Z_7611453d,62.2691,512,164,63.938,1.5058,55488,144,78,585,68,28,684,366924,6260
S1,1,51,1051,430,55360,False,False,20261005T104005Z_7611453d,62.2563,512,164,63.6133,1.0324,55616,141,77,585,68,28,683,366924,6260
S1,1,51,1051,431,55488,False,False,20261005T104005Z_7611453d,62.3533,512,164,63.9249,1.4168,55744,149,78,585,68,28,683,366924,6260
S1,1,51,1051,432,55616,False,False,20261005T104005Z_7611453d,62.3829,512,164,64.7642,2.1801,55872,140,77,585,68,28,683,366924,6260
S1,1,51,1051,433,55744,False,False,20261005T104005Z_7611453d,62.3237,512,164,65.0335,2.4858,56000,141,77,585,69,27,683,366924,6260
S1,1,51,1051,434,55872,False,False,20261005T104005Z_7611453d,61.9177,512,164,63.6126,1.5371,56128,141,78,577,68,28,675,366924,6260
S1,1,51,1051,435,56000,False,False,20261005T104005Z_7611453d,62.7746,512,164,65.0818,2.094,56256,141,78,584,68,28,683,366924,6260
S1,1,51,1051,436,56128,False,False,20261005T104005Z_7611453d,62.9278,512,164,65.7667,2.5658,56384,144,77,577,76,27,683,366924,6260
S1,1,51,1051,437,56256,False,False,20261005T104005Z_7611453d,62.531,512,164,64.8958,2.1779,56512,140,78,585,69,28,683,366924,6260
S1,1,51,1051,438,56384,False,False,20261005T104005Z_7611453d,62.4561,512,164,64.8725,2.2373,56640,139,78,585,68,27,683,366924,6260
S1,1,51,1051,439,56512,False,False,20261005T104005Z_7611453d,62.7108,512,164,64.9979,2.0936,56768,144,78,584,69,27,683,366924,6260
S1,1,51,1051,440,56640,False,False,20261005T104005Z_7611453d,62.3317,512,164,65.1059,2.5617,56896,140,78,577,68,27,675,366924,6260
S1,1,51,1051,441,56768,False,False,20261005T104005Z_7611453d,62.0733,512,164,63.4545,1.2752,57024,138,77,585,69,28,683,366924,6260
S1,1,51,1051,442,56896,False,False,20261005T104005Z_7611453d,62.4182,512,164,64.6944,2.0681,57152,141,78,577,75,28,683,366924,6260
S1,1,51,1051,443,57024,False,False,20261005T104005Z_7611453d,62.3507,512,164,64.2195,1.6871,57280,140,77,577,76,28,683,366924,6260
S1,1,51,1051,444,57152,False,False,20261005T104005Z_7611453d,62.7771,512,164,65.8076,2.8048,57408,140,78,584,68,28,683,366924,6260
S1,1,51,1051,445,57280,False,False,20261005T104005Z_7611453d,62.3751,512,164,64.1286,1.5756,57536,142,85,577,68,28,675,366924,6260
S1,1,51,1051,446,57408,False,False,20261005T104005Z_7611453d,62.4353,512,164,64.5615,1.9522,57664,142,77,585,68,28,683,366924,6260
S1,1,51,1051,447,57536,False,False,20261005T104005Z_7611453d,62.7533,512,164,65.1865,2.2073,57792,140,78,577,68,28,683,366924,6260
S1,1,51,1051,448,57664,False,False,20261005T104005Z_7611453d,62.5763,512,164,64.9668,2.1756,57920,141,78,584,68,27,682,366924,6260
S1,1,51,1051,449,57792,False,False,20261005T104005Z_7611453d,62.366,512,164,64.9258,2.3862,58048,149,77,577,68,28,675,366924,6260
S1,1,51,1051,450,57920,False,False,20261005T104005Z_7611453d,61.9537,512,164,63.3839,1.2973,58176,141,78,585,68,27,683,366924,6260
S1,1,51,1051,451,58048,False,False,20261005T104005Z_7611453d,62.304,512,164,64.6559,2.1416,58304,141,78,577,68,27,675,366924,6260
S1,1,51,1051,452,58176,False,False,20261005T104005Z_7611453d,62.2817,512,164,63.8195,1.369,58432,138,78,577,69,28,675,366924,6260
S1,1,51,1051,453,58304,False,False,20261005T104005Z_7611453d,62.7882,512,164,65.7353,2.3124,58560,146,78,577,69,28,675,366924,6260
S1,1,51,1051,454,58432,False,False,20261005T104005Z_7611453d,62.6667,512,164,65.4839,2.5866,58688,144,77,577,68,28,676,366924,6260
S1,1,51,1051,455,58560,False,False,20261005T104005Z_7611453d,62.3693,512,164,64.1424,1.5875,58816,147,78,577,69,28,675,366924,6260
S1,1,51,1051,456,58688,False,False,20261005T104005Z_7611453d,62.2174,512,164,63.2201,0.8959,58944,142,78,577,76,28,682,366924,6260
S1,1,51,1051,457,58816,False,False,20261005T104005Z_7611453d,62.0352,512,164,63.0393,0.898,59072,150,78,584,68,28,683,366924,6260
S1,1,51,1051,458,58944,False,False,20261005T104005Z_7611453d,61.904,512,164,62.9157,0.9044,59200,140,78,585,68,27,683,366924,6260
S1,1,51,1051,459,59072,False,False,20261005T104005Z_7611453d,61.9894,512,164,64.0109,1.9011,59328,147,85,577,69,28,675,366924,6260
S1,1,51,1051,460,59200,False,False,20261005T104005Z_7611453d,62.2504,512,164,63.5466,1.168,59456,142,78,585,68,27,683,366924,6260
S1,1,51,1051,461,59328,False,False,20261005T104005Z_7611453d,62.5435,512,164,65.4965,2.7393,59584,139,78,577,68,27,675,366924,6260
S1,1,51,1051,462,59456,False,False,20261005T104005Z_7611453d,61.9676,512,164,62.9951,0.915,59712,140,78,577,68,28,675,366924,6260
S1,1,51,1051,463,59584,False,False,20261005T104005Z_7611453d,62.3824,512,164,63.9454,1.3873,59840,143,78,577,76,28,683,366924,6260
S1,1,51,1051,464,59712,False,False,20261005T104005Z_7611453d,62.1709,512,164,63.5025,1.198,59968,143,78,584,68,28,683,366924,6260
S1,1,51,1051,465,59840,False,False,20261005T104005Z_7611453d,62.237,512,164,64.0583,1.6545,60096,141,77,577,68,28,676,366924,6260
S1,1,51,1051,466,59968,False,False,20261005T104005Z_7611453d,62.4637,512,164,64.951,2.2625,60224,141,77,577,76,27,683,366924,6260
S1,1,51,1051,467,60096,False,False,20261005T104005Z_7611453d,62.4183,512,164,65.2559,2.6528,60352,148,78,585,68,27,683,366924,6260
S1,1,51,1051,468,60224,False,False,20261005T104005Z_7611453d,62.7037,512,164,65.2332,2.2956,60480,141,78,577,75,28,683,366924,6260
S1,1,51,1051,469,60352,False,False,20261005T104005Z_7611453d,62.6137,512,164,65.1518,2.3323,60608,150,78,584,68,28,683,366924,6260
S1,1,51,1051,470,60480,False,False,20261005T104005Z_7611453d,62.8836,512,164,65.6479,2.5293,60736,139,78,585,68,28,684,366924,6260
S1,1,51,1051,471,60608,False,False,20261005T104005Z_7611453d,62.4161,512,164,64.715,2.0948,60864,141,78,585,68,28,683,366924,6260
S1,1,51,1051,472,60736,False,False,20261005T104005Z_7611453d,62.1101,512,164,64.2068,1.9289,60992,142,78,585,69,28,683,366924,6260
S1,1,51,1051,473,60864,False,False,20261005T104005Z_7611453d,62.9354,512,164,65.2549,2.1148,61120,143,77,577,68,27,675,366924,6260
S1,1,51,1051,474,60992,False,False,20261005T104005Z_7611453d,62.4478,512,164,64.6741,2.0352,61248,140,77,585,68,27,683,366924,6260
S1,1,51,1051,475,61120,False,False,20261005T104005Z_7611453d,62.9545,512,164,65.8391,2.3468,61376,142,77,585,69,28,683,366924,6260
S1,1,51,1051,476,61248,False,False,20261005T104005Z_7611453d,62.3768,512,164,64.1403,1.6065,61504,144,77,585,68,28,683,366924,6260
S1,1,51,1051,477,61376,False,False,20261005T104005Z_7611453d,62.0796,512,164,63.3663,1.1491,61632,139,78,577,68,28,675,366924,6260
S1,1,51,1051,478,61504,False,False,20261005T104005Z_7611453d,62.79,512,164,65.283,2.2938,61760,142,77,585,68,27,683,366924,6260
S1,1,51,1051,479,61632,False,False,20261005T104005Z_7611453d,62.3965,512,164,64.8289,2.2369,61888,142,78,585,68,28,683,366924,6260
S1,1,51,1051,480,61760,False,False,20261005T104005Z_7611453d,62.3815,512,164,64.3692,1.779,62016,141,78,584,68,28,683,366924,6260
S1,1,51,1051,481,61888,False,False,20261005T104005Z_7611453d,62.2121,512,164,63.7245,1.2955,62144,142,78,577,75,28,682,366924,6260
S1,1,51,1051,482,62016,False,False,20261005T104005Z_7611453d,62.1162,512,164,64.9358,2.6136,62272,138,78,577,68,27,675,366924,6260
S1,1,51,1051,483,62144,False,False,20261005T104005Z_7611453d,62.4407,512,164,64.7083,2.0758,62400,137,77,585,67,28,683,366924,6260
S1,1,51,1051,484,62272,False,False,20261005T104005Z_7611453d,62.097,512,164,63.3785,1.1701,62528,142,78,584,68,28,682,366924,6260
S1,1,51,1051,485,62400,False,False,20261005T104005Z_7611453d,62.8947,512,164,65.3248,2.2,62656,149,78,578,68,28,676,366924,6260
S1,1,51,1051,486,62528,False,False,20261005T104005Z_7611453d,62.1238,512,164,63.5427,1.2819,62784,143,78,585,69,28,683,366924,6260
S1,1,51,1051,487,62656,False,False,20261005T104005Z_7611453d,62.2532,512,164,64.6072,2.1366,62912,148,77,585,68,27,683,366924,6260
S1,1,51,1051,488,62784,False,False,20261005T104005Z_7611453d,62.4892,512,164,64.0709,1.4329,63040,139,78,585,68,28,683,366924,6260
S1,1,51,1051,489,62912,False,False,20261005T104005Z_7611453d,62.1816,512,164,63.835,1.5165,63168,142,77,585,68,27,683,366924,6260
S1,1,51,1051,490,63040,False,False,20261005T104005Z_7611453d,62.1116,512,164,63.1824,0.9633,63296,141,77,577,68,28,675,366924,6260
S1,1,51,1051,491,63168,False,False,20261005T104005Z_7611453d,62.3416,512,164,64.2746,1.774,63424,140,78,577,76,27,683,366924,6260
S1,1,51,1051,492,63296,False,False,20261005T104005Z_7611453d,62.3416,512,164,64.4205,1.8091,63552,139,78,584,68,28,683,366924,6260
S1,1,51,1051,493,63424,False,False,20261005T104005Z_7611453d,61.985,512,164,63.0523,0.9573,63680,143,77,585,68,27,683,366924,6260
S1,1,51,1051,494,63552,False,False,20261005T104005Z_7611453d,62.5267,512,164,64.7904,2.0411,63808,138,78,584,68,28,683,366924,6260
S1,1,51,1051,495,63680,False,False,20261005T104005Z_7611453d,62.5158,512,164,64.7644,2.0728,63936,140,78,577,69,27,675,366924,6260
S1,1,51,1051,496,63808,False,False,20261005T104005Z_7611453d,62.5576,512,164,64.656,1.8632,64064,142,77,577,68,28,675,366924,6260
S1,1,51,1051,497,63936,False,False,20261005T104005Z_7611453d,62.3074,512,164,64.0312,1.5769,64192,139,78,577,68,27,675,366924,6260
S1,1,51,1051,498,64064,False,False,20261005T104005Z_7611453d,61.9344,512,164,63.1989,1.1442,64320,140,78,585,68,28,683,366924,6260
S1,1,51,1051,499,64192,False,False,20261005T104005Z_7611453d,63.1127,512,164,65.7029,2.3436,64448,147,86,577,68,28,675,366924,6260
S1,1,51,1051,500,64320,False,False,20261005T104005Z_7611453d,62.4271,512,164,64.9064,2.2675,64576,148,77,577,68,28,675,366924,6260
S1,1,51,1051,501,64448,False,False,20261005T104005Z_7611453d,62.2202,512,164,64.2107,1.8055,64704,138,77,585,68,27,683,366924,6260
S1,1,51,1051,502,64576,False,False,20261005T104005Z_7611453d,62.3916,512,164,64.4374,1.8626,64832,146,78,584,68,28,683,366924,6260
S1,1,51,1051,503,64704,False,False,20261005T104005Z_7611453d,61.8628,512,164,62.8496,0.89,64960,139,78,584,68,28,682,366924,6260
S1,1,51,1051,504,64832,False,False,20261005T104005Z_7611453d,62.5451,512,164,65.053,2.2197,65088,150,78,584,69,28,683,366924,6260
S1,1,51,1051,505,64960,False,False,20261005T104005Z_7611453d,62.5978,512,164,64.9479,2.1574,65216,140,78,577,68,27,675,366924,6260
S1,1,51,1051,506,65088,False,False,20261005T104005Z_7611453d,62.5693,512,164,65.0267,2.2605,65344,139,77,585,68,28,683,366924,6260
S1,1,51,1051,507,65216,False,False,20261005T104005Z_7611453d,62.044,512,164,63.6207,1.4421,65472,147,77,585,68,28,683,366924,6260
S1,1,51,1051,508,65344,False,False,20261005T104005Z_7611453d,62.2668,512,164,63.9754,1.562,65600,141,78,584,68,28,682,366924,6260
S1,1,51,1051,509,65472,False,False,20261005T104005Z_7611453d,62.6143,512,164,64.4241,1.6445,65728,140,78,585,68,27,683,366924,6260
S1,1,51,1051,510,65600,False,False,20261005T104005Z_7611453d,62.3835,512,164,64.7361,2.0827,65856,141,78,585,68,28,683,366924,6260
S1,1,51,1051,511,65728,False,False,20261005T104005Z_7611453d,62.9151,512,164,65.2084,2.1005,65984,141,78,584,69,27,683,366924,6260
S1,1,51,1051,512,65856,False,False,20261005T104005Z_7611453d,61.9064,512,164,63.221,1.2237,66112,137,78,585,68,28,684,366924,6260
S1,1,51,1051,513,65984,False,False,20261005T104005Z_7611453d,62.319,512,164,64.117,1.6345,66240,140,78,585,69,28,684,366924,6260
S1,1,51,1051,514,66112,False,False,20261005T104005Z_7611453d,62.1627,512,164,63.3643,1.091,66368,143,77,577,68,35,683,366924,6260
S1,1,51,1051,515,66240,False,False,20261005T104005Z_7611453d,62.5664,512,164,64.9618,2.1778,66496,139,78,585,69,28,684,366924,6260
S1,1,51,1051,516,66368,False,False,20261005T104005Z_7611453d,62.865,512,164,65.4065,2.3167,66624,141,77,577,68,35,683,366924,6260
S1,1,51,1051,517,66496,False,False,20261005T104005Z_7611453d,62.3593,512,164,65.6017,3.0246,66752,140,78,577,68,28,674,366924,6260
S1,1,51,1051,518,66624,False,False,20261005T104005Z_7611453d,62.1871,512,164,64.0368,1.6884,66880,140,85,577,68,28,675,366924,6260
S1,1,51,1051,519,66752,False,False,20261005T104005Z_7611453d,62.458,512,164,64.9408,2.2724,67008,143,77,577,68,35,683,366924,6260
S1,1,51,1051,520,66880,False,False,20261005T104005Z_7611453d,62.7883,512,164,65.0284,2.0264,67136,141,78,584,68,28,683,366924,6260
S1,1,51,1051,521,67008,False,False,20261005T104005Z_7611453d,62.4481,512,164,64.502,1.8442,67264,139,78,577,68,28,675,366924,6260
S1,1,51,1051,522,67136,False,False,20261005T104005Z_7611453d,62.5014,512,164,64.9755,2.2778,67392,138,77,585,69,27,683,366924,6260
S1,1,51,1051,523,67264,False,False,20261005T104005Z_7611453d,62.2354,512,164,63.2747,0.929,67520,141,78,584,68,28,683,366924,6260
S1,1,51,1051,524,67392,False,False,20261005T104005Z_7611453d,61.9789,512,164,63.8376,1.7476,67648,141,78,585,68,28,683,366924,6260
S1,1,51,1051,525,67520,False,False,20261005T104005Z_7611453d,62.5654,512,164,64.8498,2.093,67776,141,77,585,69,27,683,366924,6260
S1,1,51,1051,526,67648,False,False,20261005T104005Z_7611453d,63.309,512,164,65.8228,2.2833,67904,142,77,585,69,28,684,366924,6260
S1,1,51,1051,527,67776,False,False,20261005T104005Z_7611453d,62.4418,512,164,64.6386,2.0171,68032,139,85,577,68,27,675,366924,6260
S1,1,51,1051,528,67904,False,False,20261005T104005Z_7611453d,62.1405,512,164,64.0606,1.7701,68160,140,78,584,68,28,682,366924,6260
S1,1,51,1051,529,68032,False,False,20261005T104005Z_7611453d,62.8775,512,164,65.7269,2.6515,68288,143,77,577,68,27,675,366924,6260
S1,1,51,1051,530,68160,False,False,20261005T104005Z_7611453d,62.4891,512,164,64.6813,1.9932,68416,140,77,577,68,27,675,366924,6260
S1,1,51,1051,531,68288,False,False,20261005T104005Z_7611453d,63.0184,512,164,65.1194,1.8816,68544,139,78,577,68,27,675,366924,6260
S1,1,51,1051,532,68416,False,False,20261005T104005Z_7611453d,62.5161,512,164,64.7144,1.9956,68672,143,77,585,68,28,682,366924,6260
S1,1,51,1051,533,68544,False,False,20261005T104005Z_7611453d,62.6338,512,164,65.9204,3.0889,68800,140,78,585,68,28,683,366924,6260
S1,1,51,1051,534,68672,False,False,20261005T104005Z_7611453d,62.6266,512,164,64.7441,1.9389,68928,140,78,584,69,28,683,366924,6260
S1,1,51,1051,535,68800,False,False,20261005T104005Z_7611453d,62.6806,512,164,65.6104,2.7083,69056,143,85,577,69,27,675,366924,6260
S1,1,51,1051,536,68928,False,False,20261005T104005Z_7611453d,62.2164,512,164,64.3015,1.834,69184,142,78,577,69,28,675,366924,6260
S1,1,51,1051,537,69056,False,False,20261005T104005Z_7611453d,62.4707,512,164,65.202,2.4895,69312,142,78,585,69,28,683,366924,6260
S1,1,51,1051,538,69184,False,False,20261005T104005Z_7611453d,62.0647,512,164,63.951,1.728,69440,143,77,577,76,27,683,366924,6260
S1,1,51,1051,539,69312,False,False,20261005T104005Z_7611453d,62.0058,512,164,63.1551,1.0139,69568,144,77,585,68,28,683,366924,6260
S1,1,51,1051,540,69440,False,False,20261005T104005Z_7611453d,62.3512,512,164,64.2448,1.7194,69696,140,78,585,68,28,684,366924,6260
S1,1,51,1051,541,69568,False,False,20261005T104005Z_7611453d,62.4554,512,164,65.1694,2.5083,69824,145,78,577,76,27,682,366924,6260
S1,1,51,1051,542,69696,False,False,20261005T104005Z_7611453d,63.4879,512,164,65.8108,2.1071,69952,143,85,577,68,28,675,366924,6260
S1,1,51,1051,543,69824,False,False,20261005T104005Z_7611453d,62.1608,512,164,64.2156,1.8772,70080,142,78,577,68,27,675,366924,6260
S1,1,51,1051,544,69952,False,False,20261005T104005Z_7611453d,62.8288,512,164,65.5579,2.5225,70208,144,77,585,68,28,683,366924,6260
S1,1,51,1051,545,70080,False,False,20261005T104005Z_7611453d,62.4135,512,164,64.4333,1.8164,70336,142,77,585,68,28,683,366924,6260
S1,1,51,1051,546,70208,False,False,20261005T104005Z_7611453d,62.4211,512,164,64.3679,1.7648,70464,143,78,585,68,27,683,366924,6260
S1,1,51,1051,547,70336,False,False,20261005T104005Z_7611453d,62.6715,512,164,64.7566,1.9058,70592,145,77,577,68,35,683,366924,6260
S1,1,51,1051,548,70464,False,False,20261005T104005Z_7611453d,62.4599,512,164,64.8286,2.1688,70720,140,78,577,76,28,682,366924,6260
S1,1,51,1051,549,70592,False,False,20261005T104005Z_7611453d,62.4095,512,164,64.7023,2.1196,70848,139,78,584,68,28,683,366924,6260
S1,1,51,1051,550,70720,False,False,20261005T104005Z_7611453d,62.5604,512,164,65.105,2.3594,70976,140,78,585,69,27,683,366924,6260
S1,1,51,1051,551,70848,False,False,20261005T104005Z_7611453d,62.4527,512,164,64.5237,1.893,71104,142,78,585,68,28,684,366924,6260
S1,1,51,1051,552,70976,False,False,20261005T104005Z_7611453d,62.1125,512,164,63.9864,1.6944,71232,144,77,585,68,28,683,366924,6260
S1,1,51,1051,553,71104,False,False,20261005T104005Z_7611453d,62.4014,512,164,64.4829,1.7865,71360,139,85,578,68,28,675,366924,6260
S1,1,51,1051,554,71232,False,False,20261005T104005Z_7611453d,62.4289,512,164,64.4764,1.8657,71488,139,78,585,68,28,683,366924,6260
S1,1,51,1051,555,71360,False,False,20261005T104005Z_7611453d,62.2624,512,164,63.52,1.1341,71616,139,77,585,68,27,683,366924,6260
S1,1,51,1051,556,71488,False,False,20261005T104005Z_7611453d,62.6204,512,164,64.066,1.2344,71744,143,78,577,69,36,683,366924,6260
S1,1,51,1051,557,71616,False,False,20261005T104005Z_7611453d,62.2977,512,164,63.4632,1.0556,71872,142,77,585,68,27,683,366924,6260
S1,1,51,1051,558,71744,False,False,20261005T104005Z_7611453d,62.5101,512,164,64.626,1.8399,72000,142,77,577,68,27,675,366924,6260
S1,1,51,1051,559,71872,False,False,20261005T104005Z_7611453d,61.9142,512,164,63.3953,1.3579,72128,140,77,577,68,28,676,366924,6260
S1,1,51,1051,560,72000,False,False,20261005T104005Z_7611453d,62.6012,512,164,65.8161,2.9836,72256,137,78,585,68,27,683,366924,6260
S1,1,51,1051,561,72128,False,False,20261005T104005Z_7611453d,62.0689,512,164,63.5837,1.1119,72384,145,77,585,68,28,683,366924,6260
S1,1,51,1051,562,72256,False,False,20261005T104005Z_7611453d,62.7829,512,164,65.3058,2.3074,72512,143,78,585,68,28,683,366924,6260
S1,1,51,1051,563,72384,False,False,20261005T104005Z_7611453d,63.2078,512,164,65.5693,2.1614,72640,140,77,577,68,35,683,366924,6260
S1,1,51,1051,564,72512,False,False,20261005T104005Z_7611453d,62.5173,512,164,64.8253,2.1098,72768,139,78,577,68,28,674,366924,6260
S1,1,51,1051,565,72640,False,False,20261005T104005Z_7611453d,63.0488,512,164,65.4952,2.2329,72896,138,78,584,69,28,683,366924,6260
S1,1,51,1051,566,72768,False,False,20261005T104005Z_7611453d,62.5518,512,164,64.8408,2.0928,73024,142,78,577,69,28,675,366924,6260
S1,1,51,1051,567,72896,False,False,20261005T104005Z_7611453d,62.7233,512,164,65.6092,2.6718,73152,142,78,585,68,27,683,366924,6260
S1,1,51,1051,568,73024,False,False,20261005T104005Z_7611453d,62.6122,512,164,64.8774,2.069,73280,140,78,585,69,27,683,366924,6260
S1,1,51,1051,569,73152,False,False,20261005T104005Z_7611453d,62.272,512,164,63.6286,1.2255,73408,141,77,585,68,28,683,366924,6260
S1,1,51,1051,570,73280,False,False,20261005T104005Z_7611453d,62.48,512,164,65.1002,2.4091,73536,142,78,584,68,28,682,366924,6260
S1,1,51,1051,571,73408,False,False,20261005T104005Z_7611453d,62.6585,512,164,65.2647,2.2231,73664,142,85,577,68,27,675,366924,6260
S1,1,51,1051,572,73536,False,False,20261005T104005Z_7611453d,62.5997,512,164,65.3019,2.4845,73792,143,78,584,68,28,682,366924,6260
S1,1,51,1051,573,73664,False,False,20261005T104005Z_7611453d,62.6362,512,164,65.3662,2.5128,73920,140,77,577,68,27,675,366924,6260
S1,1,51,1051,574,73792,False,False,20261005T104005Z_7611453d,62.194,512,164,64.0719,1.6643,74048,138,85,577,68,27,675,366924,6260
S1,1,51,1051,575,73920,False,False,20261005T104005Z_7611453d,63.3343,512,164,66.0186,2.3369,74176,141,78,577,75,28,683,366924,6260
S1,1,51,1051,576,74048,False,False,20261005T104005Z_7611453d,61.8492,512,164,62.8051,0.8581,74304,141,77,585,68,28,683,366924,6260
S1,1,51,1051,577,74176,False,False,20261005T104005Z_7611453d,62.5027,512,164,64.9904,2.257,74432,139,77,585,68,28,683,366924,6260
S1,1,51,1051,578,74304,False,False,20261005T104005Z_7611453d,62.3671,512,164,63.6852,1.1222,74560,139,78,578,68,27,675,366924,6260
S1,1,51,1051,579,74432,False,False,20261005T104005Z_7611453d,62.7668,512,164,65.3028,2.292,74688,159,78,584,68,28,683,366924,6260
S1,1,51,1051,580,74560,False,False,20261005T104005Z_7611453d,62.8818,512,164,65.6188,2.523,74816,142,78,585,68,27,683,366924,6260
S1,1,51,1051,581,74688,False,False,20261005T104005Z_7611453d,62.729,512,164,64.9734,2.0274,74944,144,78,577,75,28,683,366924,6260
S1,1,51,1051,582,74816,False,False,20261005T104005Z_7611453d,62.3988,512,164,64.6453,2.0469,75072,141,78,584,68,28,682,366924,6260
S1,1,51,1051,583,74944,False,False,20261005T104005Z_7611453d,62.2796,512,164,64.1366,1.68,75200,139,77,585,69,28,683,366924,6260
S1,1,51,1051,584,75072,False,False,20261005T104005Z_7611453d,61.9886,512,164,63.3112,1.1969,75328,140,78,585,68,27,683,366924,6260
S1,1,51,1051,585,75200,False,False,20261005T104005Z_7611453d,61.6703,512,164,62.6359,0.8713,75456,143,78,584,69,28,683,366924,6260
S1,1,51,1051,586,75328,False,False,20261005T104005Z_7611453d,62.7483,512,164,65.225,2.2832,75584,139,77,577,76,28,683,366924,6260
S1,1,51,1051,587,75456,False,False,20261005T104005Z_7611453d,62.4771,512,164,65.1444,2.463,75712,143,77,585,68,28,683,366924,6260
S1,1,51,1051,588,75584,False,False,20261005T104005Z_7611453d,61.9183,512,164,62.9444,0.9139,75840,142,77,585,68,28,683,366924,6260
S1,1,51,1051,589,75712,False,False,20261005T104005Z_7611453d,62.1953,512,164,63.2615,0.9493,75968,146,78,584,68,28,683,366924,6260
S1,1,51,1051,590,75840,False,False,20261005T104005Z_7611453d,61.9541,512,164,62.9642,0.905,76096,141,78,584,68,28,683,366924,6260
S1,1,51,1051,591,75968,False,False,20261005T104005Z_7611453d,62.766,512,164,65.1122,2.1193,76224,150,78,577,68,27,675,366924,6260
S1,1,51,1051,592,76096,False,False,20261005T104005Z_7611453d,63.2623,512,164,66.1238,2.6023,76352,138,78,584,68,28,682,366924,6260
S1,1,51,1051,593,76224,False,False,20261005T104005Z_7611453d,62.6875,512,164,65.0638,2.1719,76480,154,86,577,68,28,676,366924,6260
S1,1,51,1051,594,76352,False,False,20261005T104005Z_7611453d,63.3883,512,164,65.7843,2.1843,76608,145,78,584,68,28,683,366924,6260
S1,1,51,1051,595,76480,False,False,20261005T104005Z_7611453d,62.4826,512,164,64.4667,1.7771,76736,138,78,585,68,27,683,366924,6260
S1,1,51,1051,596,76608,False,False,20261005T104005Z_7611453d,62.7016,512,164,65.467,2.5352,76864,140,78,584,68,28,683,366924,6260
S1,1,51,1051,597,76736,False,False,20261005T104005Z_7611453d,62.5346,512,164,65.0091,2.2589,76992,138,78,577,69,28,676,366924,6260
S1,1,51,1051,598,76864,False,False,20261005T104005Z_7611453d,62.8578,512,164,65.7503,2.692,77120,142,78,585,68,28,683,366924,6260
S1,1,51,1051,599,76992,False,False,20261005T104005Z_7611453d,62.0888,512,164,63.3129,1.1065,77248,143,77,585,69,28,683,366924,6260
S1,1,51,1051,600,77120,False,False,20261005T104005Z_7611453d,62.0515,512,164,63.4014,1.2247,77376,141,78,577,68,28,675,366924,6260
S1,1,51,1051,601,77248,False,False,20261005T104005Z_7611453d,62.6167,512,164,65.0381,2.1976,77504,141,77,585,69,28,683,366924,6260
S1,1,51,1051,602,77376,False,False,20261005T104005Z_7611453d,63.4857,512,164,66.3818,2.6567,77632,139,77,577,68,35,683,366924,6260
S1,1,51,1051,603,77504,False,False,20261005T104005Z_7611453d,62.5326,512,164,65.1021,2.3456,77760,146,86,577,68,27,675,366924,6260
S1,1,51,1051,604,77632,False,False,20261005T104005Z_7611453d,62.8391,512,164,65.4277,2.3571,77888,138,77,585,68,28,683,366924,6260
S1,1,51,1051,605,77760,False,False,20261005T104005Z_7611453d,62.4117,512,164,64.7228,2.1319,78016,139,78,585,68,28,683,366924,6260
S1,1,51,1051,606,77888,False,False,20261005T104005Z_7611453d,62.2761,512,164,63.3557,0.9626,78144,140,77,585,69,28,683,366924,6260
S1,1,51,1051,607,78016,False,False,20261005T104005Z_7611453d,62.0863,512,164,63.5465,1.3118,78272,141,78,577,69,28,675,366924,6260
S1,1,51,1051,608,78144,False,False,20261005T104005Z_7611453d,62.4685,512,164,64.6229,1.9622,78400,138,77,585,69,27,683,366924,6260
S1,1,51,1051,609,78272,False,False,20261005T104005Z_7611453d,62.5714,512,164,65.1232,2.3457,78528,148,77,585,68,28,683,366924,6260
S1,1,51,1051,610,78400,False,False,20261005T104005Z_7611453d,62.6822,512,164,64.9817,2.1289,78656,142,78,584,69,28,683,366924,6260
S1,1,51,1051,611,78528,False,False,20261005T104005Z_7611453d,62.4739,512,164,64.1514,1.5164,78784,139,77,585,69,27,683,366924,6260
S1,1,51,1051,612,78656,False,False,20261005T104005Z_7611453d,62.6934,512,164,65.3602,2.4754,78912,141,86,577,69,28,675,366924,6260
S1,1,51,1051,613,78784,False,False,20261005T104005Z_7611453d,62.6326,512,164,66.2723,3.3371,79040,147,77,585,69,28,683,366924,6260
S1,1,51,1051,614,78912,False,False,20261005T104005Z_7611453d,62.4065,512,164,64.2726,1.7226,79168,140,78,585,68,27,683,366924,6260
S1,1,51,1051,615,79040,False,False,20261005T104005Z_7611453d,62.091,512,164,63.3006,1.0532,79296,143,78,577,69,28,675,366924,6260
S1,1,51,1051,616,79168,False,False,20261005T104005Z_7611453d,62.3111,512,164,63.9213,1.4412,79424,138,78,584,68,28,682,366924,6260
S1,1,51,1051,617,79296,False,False,20261005T104005Z_7611453d,62.4709,512,164,64.7598,2.0942,79552,143,77,585,68,28,683,366924,6260
S1,1,51,1051,618,79424,False,False,20261005T104005Z_7611453d,62.5378,512,164,64.8707,2.1171,79680,141,77,585,68,27,683,366924,6260
S1,1,51,1051,619,79552,False,False,20261005T104005Z_7611453d,62.3447,512,164,64.1161,1.6162,79808,140,77,577,68,28,675,366924,6260
S1,1,51,1051,620,79680,False,False,20261005T104005Z_7611453d,62.7882,512,164,65.2052,2.2136,79936,139,78,584,68,28,682,366924,6260
S1,1,51,1051,621,79808,False,False,20261005T104005Z_7611453d,62.4002,512,164,64.1823,1.5946,80064,142,78,577,69,28,675,366924,6260
S1,1,51,1051,622,79936,False,False,20261005T104005Z_7611453d,61.9033,512,164,62.9245,0.9038,80192,149,78,585,69,28,683,366924,6260
S1,1,51,1051,623,80064,False,False,20261005T104005Z_7611453d,61.9551,512,164,63.1486,1.0714,80320,141,78,584,68,28,683,366924,6260
S1,1,51,1051,624,80192,False,False,20261005T104005Z_7611453d,62.0331,512,164,63.0437,0.9077,80448,140,78,585,68,28,683,366924,6260
S1,1,51,1051,625,80320,False,False,20261005T104005Z_7611453d,62.0802,512,164,63.1137,0.9255,80576,140,85,577,68,27,675,366924,6260
S1,1,51,1051,626,80448,False,False,20261005T104005Z_7611453d,62.4572,512,164,64.6861,2.0195,80704,142,78,577,76,28,683,366924,6260
S1,1,51,1051,627,80576,False,False,20261005T104005Z_7611453d,62.5968,512,164,64.3186,1.4656,80832,138,78,577,76,27,683,366924,6260
S1,1,51,1051,628,80704,False,False,20261005T104005Z_7611453d,62.044,512,164,63.9332,1.7299,80960,141,77,585,69,27,683,366924,6260
S1,1,51,1051,629,80832,False,False,20261005T104005Z_7611453d,62.1821,512,164,63.8682,1.5237,81088,140,78,577,68,28,676,366924,6260
S1,1,51,1051,630,80960,False,False,20261005T104005Z_7611453d,62.2014,512,164,63.5436,1.2052,81216,142,77,577,68,27,675,366924,6260
S1,1,51,1051,631,81088,False,False,20261005T104005Z_7611453d,62.073,512,164,63.7501,1.5435,81344,137,77,585,68,28,683,366924,6260
S1,1,51,1051,632,81216,False,False,20261005T104005Z_7611453d,62.4971,512,164,65.0483,2.3247,81472,146,77,585,69,28,683,366924,6260
S1,1,51,1051,633,81344,False,False,20261005T104005Z_7611453d,62.4512,512,164,64.5401,1.8986,81600,140,77,585,68,28,683,366924,6260
S1,1,51,1051,634,81472,False,False,20261005T104005Z_7611453d,62.5573,512,164,65.3069,2.5431,81728,139,78,578,68,28,676,366924,6260
S1,1,51,1051,635,81600,False,False,20261005T104005Z_7611453d,62.559,512,164,64.5096,1.78,81856,140,78,584,69,28,683,366924,6260
S1,1,51,1051,636,81728,False,False,20261005T104005Z_7611453d,61.9154,512,164,62.9873,0.9724,81984,139,78,585,68,27,683,366924,6260
S1,1,51,1051,637,81856,False,False,20261005T104005Z_7611453d,61.7623,512,164,62.7734,0.9085,82112,139,77,585,68,27,683,366924,6260
S1,1,51,1051,638,81984,False,False,20261005T104005Z_7611453d,61.8887,512,164,62.8573,0.8717,82240,151,77,585,68,28,683,366924,6260
S1,1,51,1051,639,82112,False,False,20261005T104005Z_7611453d,61.7815,512,164,62.7366,0.8639,82368,141,77,585,68,27,683,366924,6260
S1,1,51,1051,640,82240,False,False,20261005T104005Z_7611453d,61.6771,512,164,62.6212,0.8489,82496,143,77,585,68,28,683,366924,6260
S1,1,51,1051,641,82368,False,False,20261005T104005Z_7611453d,61.85,512,164,62.8072,0.8654,82624,138,78,585,69,28,683,366924,6260
S1,1,51,1051,642,82496,False,False,20261005T104005Z_7611453d,61.7666,512,164,62.7502,0.8758,82752,142,77,577,76,27,683,366924,6260
S1,1,51,1051,643,82624,False,False,20261005T104005Z_7611453d,61.8405,512,164,62.8326,0.8948,82880,141,77,577,68,27,675,366924,6260
S1,1,51,1051,644,82752,False,False,20261005T104005Z_7611453d,61.7408,512,164,62.7008,0.8631,83008,149,77,577,68,27,675,366924,6260
S1,1,51,1051,645,82880,False,False,20261005T104005Z_7611453d,61.7861,512,164,62.7868,0.9034,83136,142,77,577,68,27,675,366924,6260
S1,1,51,1051,646,83008,False,False,20261005T104005Z_7611453d,61.7354,512,164,62.7568,0.8841,83264,149,85,577,68,28,675,366924,6260
S1,1,51,1051,647,83136,False,False,20261005T104005Z_7611453d,62.0064,512,164,63.3646,1.2529,83392,145,77,585,68,27,683,366924,6260
S1,1,51,1051,648,83264,False,False,20261005T104005Z_7611453d,61.9427,512,164,62.8909,0.854,83520,153,77,585,68,27,683,366924,6260
S1,1,51,1051,649,83392,False,False,20261005T104005Z_7611453d,61.778,512,164,62.7455,0.8745,83648,142,78,584,68,28,683,366924,6260
S1,1,51,1051,650,83520,False,False,20261005T104005Z_7611453d,61.8943,512,164,63.7765,1.7172,83776,143,77,585,69,28,683,366924,6260
S1,1,51,1051,651,83648,False,False,20261005T104005Z_7611453d,62.12,512,164,63.956,1.6675,83904,145,78,585,68,27,683,366924,6260
S1,1,51,1051,652,83776,False,False,20261005T104005Z_7611453d,62.1789,512,164,64.1356,1.7997,84032,143,77,585,68,28,683,366924,6260
S1,1,51,1051,653,83904,False,False,20261005T104005Z_7611453d,62.4899,512,164,64.4607,1.8037,84160,142,77,577,68,27,675,366924,6260
S1,1,51,1051,654,84032,False,False,20261005T104005Z_7611453d,62.0841,512,164,63.7436,1.4909,84288,140,77,585,69,28,683,366924,6260
S1,1,51,1051,655,84160,False,False,20261005T104005Z_7611453d,62.3738,512,164,64.1066,1.5578,84416,142,78,585,68,28,683,366924,6260
S1,1,51,1051,656,84288,False,False,20261005T104005Z_7611453d,62.1886,512,164,63.1655,0.8781,84544,144,85,577,68,28,675,366924,6260
S1,1,51,1051,657,84416,False,False,20261005T104005Z_7611453d,61.6773,512,164,62.6627,0.8905,84672,143,77,577,68,35,683,366924,6260
S1,1,51,1051,658,84544,False,False,20261005T104005Z_7611453d,62.0424,512,164,63.6725,1.5385,84800,148,78,577,68,28,675,366924,6260
S1,1,51,1051,659,84672,False,False,20261005T104005Z_7611453d,62.3918,512,164,64.3688,1.803,84928,143,78,577,68,28,676,366924,6260
S1,1,51,1051,660,84800,False,False,20261005T104005Z_7611453d,62.2149,512,164,63.6104,1.275,85056,138,77,585,70,28,684,366924,6260
S1,1,51,1051,661,84928,False,False,20261005T104005Z_7611453d,61.9967,512,164,63.2303,1.1274,85184,150,77,585,68,28,683,366924,6260
S1,1,51,1051,662,85056,False,False,20261005T104005Z_7611453d,61.7661,512,164,63.0175,1.1431,85312,149,77,577,68,27,675,366924,6260
S1,1,51,1051,663,85184,False,False,20261005T104005Z_7611453d,62.2849,512,164,63.2517,0.8664,85440,141,77,577,68,35,683,366924,6260
S1,1,51,1051,664,85312,False,False,20261005T104005Z_7611453d,62.2792,512,164,64.5066,2.044,85568,139,78,584,68,28,683,366924,6260
S1,1,51,1051,665,85440,False,False,20261005T104005Z_7611453d,62.5701,512,164,65.1366,2.3642,85696,147,78,584,68,28,682,366924,6260
S1,1,51,1051,666,85568,False,False,20261005T104005Z_7611453d,62.6365,512,164,65.1659,2.305,85824,140,85,578,68,28,676,366924,6260
S1,1,51,1051,667,85696,False,False,20261005T104005Z_7611453d,62.5878,512,164,65.1404,2.3411,85952,143,78,584,68,28,682,366924,6260
S1,1,51,1051,668,85824,False,False,20261005T104005Z_7611453d,62.1727,512,164,63.8848,1.5368,86080,142,78,584,69,28,683,366924,6260
S1,1,51,1051,669,85952,False,False,20261005T104005Z_7611453d,62.084,512,164,63.6519,1.4231,86208,143,86,577,68,28,676,366924,6260
S1,1,51,1051,670,86080,False,False,20261005T104005Z_7611453d,62.0455,512,164,63.2818,1.1057,86336,141,78,585,69,28,684,366924,6260
S1,1,51,1051,671,86208,False,False,20261005T104005Z_7611453d,62.4444,512,164,64.6868,2.0431,86464,140,77,577,68,35,683,366924,6260
S1,1,51,1051,672,86336,False,False,20261005T104005Z_7611453d,62.9478,512,164,64.9958,1.7565,86592,141,77,585,68,27,683,366924,6260
S1,1,51,1051,673,86464,False,False,20261005T104005Z_7611453d,62.4144,512,164,64.581,1.965,86720,148,78,585,68,28,683,366924,6260
S1,1,51,1051,674,86592,False,False,20261005T104005Z_7611453d,61.9527,512,164,63.307,1.2197,86848,139,77,585,68,27,683,366924,6260
S1,1,51,1051,675,86720,False,False,20261005T104005Z_7611453d,62.7137,512,164,65.3635,2.3282,86976,144,77,577,68,28,675,366924,6260
S1,1,51,1051,676,86848,False,False,20261005T104005Z_7611453d,62.3012,512,164,64.0542,1.6,87104,141,77,585,68,27,683,366924,6260
S1,1,51,1051,677,86976,False,False,20261005T104005Z_7611453d,62.3583,512,164,64.4781,1.9405,87232,139,78,577,69,28,675,366924,6260
S1,1,51,1051,678,87104,False,False,20261005T104005Z_7611453d,62.1773,512,164,64.1606,1.8359,87360,141,85,577,68,28,675,366924,6260
S1,1,51,1051,679,87232,False,False,20261005T104005Z_7611453d,62.6058,512,164,64.6649,1.8635,87488,140,78,577,76,27,683,366924,6260
S1,1,51,1051,680,87360,False,False,20261005T104005Z_7611453d,62.4316,512,164,64.5554,1.9373,87616,142,77,577,76,28,683,366924,6260
S1,1,51,1051,681,87488,False,False,20261005T104005Z_7611453d,62.2855,512,164,64.9185,2.4373,87744,141,78,577,68,28,676,366924,6260
S1,1,51,1051,682,87616,False,False,20261005T104005Z_7611453d,62.3998,512,164,64.7644,2.1794,87872,141,78,584,68,27,682,366924,6260
S1,1,51,1051,683,87744,False,False,20261005T104005Z_7611453d,62.5228,512,164,64.8195,2.071,88000,151,78,584,68,28,682,366924,6260
S1,1,51,1051,684,87872,False,False,20261005T104005Z_7611453d,62.0639,512,164,63.8875,1.6655,88128,139,78,584,68,28,683,366924,6260
S1,1,51,1051,685,88000,False,False,20261005T104005Z_7611453d,62.6239,512,164,65.1078,2.2701,88256,143,86,577,69,28,676,366924,6260
S1,1,51,1051,686,88128,False,False,20261005T104005Z_7611453d,62.466,512,164,65.1998,2.5117,88384,138,78,585,68,27,683,366924,6260
S1,1,51,1051,687,88256,False,False,20261005T104005Z_7611453d,62.9035,512,164,65.329,2.2134,88512,140,85,577,68,27,675,366924,6260
S1,1,51,1051,688,88384,False,False,20261005T104005Z_7611453d,62.3862,512,164,63.6846,1.1056,88640,141,78,585,68,27,683,366924,6260
S1,1,51,1051,689,88512,False,False,20261005T104005Z_7611453d,62.2006,512,164,64.8457,2.4625,88768,144,77,585,68,27,683,366924,6260
S1,1,51,1051,690,88640,False,False,20261005T104005Z_7611453d,61.8157,512,164,62.769,0.8348,88896,142,78,584,68,28,683,366924,6260
S1,1,51,1051,691,88768,False,False,20261005T104005Z_7611453d,62.2784,512,164,64.1889,1.7567,89024,142,78,584,69,28,683,366924,6260
S1,1,51,1051,692,88896,False,False,20261005T104005Z_7611453d,61.9439,512,164,63.2932,1.2587,89152,141,78,577,69,27,675,366924,6260
S1,1,51,1051,693,89024,False,False,20261005T104005Z_7611453d,62.2214,512,164,64.0589,1.6817,89280,144,77,585,68,28,683,366924,6260
S1,1,51,1051,694,89152,False,False,20261005T104005Z_7611453d,62.279,512,164,64.7006,2.251,89408,142,85,577,68,27,675,366924,6260
S1,1,51,1051,695,89280,False,False,20261005T104005Z_7611453d,62.524,512,164,65.2064,2.4559,89536,141,77,577,68,28,675,366924,6260
S1,1,51,1051,696,89408,False,False,20261005T104005Z_7611453d,62.4027,512,164,65.202,2.5865,89664,142,78,584,68,28,682,366924,6260
S1,1,51,1051,697,89536,False,False,20261005T104005Z_7611453d,62.4612,512,164,65.0335,2.3639,89792,142,77,577,68,28,676,366924,6260
S1,1,51,1051,698,89664,False,False,20261005T104005Z_7611453d,62.3395,512,164,64.7564,2.1968,89920,140,78,584,68,28,682,366924,6260
S1,1,51,1051,699,89792,False,False,20261005T104005Z_7611453d,62.1132,512,164,63.2226,0.9792,90048,140,78,584,68,28,682,366924,6260
S1,1,51,1051,700,89920,False,False,20261005T104005Z_7611453d,62.0077,512,164,63.722,1.5592,90176,140,77,577,68,28,675,366924,6260
S1,1,51,1051,701,90048,False,False,20261005T104005Z_7611453d,62.1363,512,164,64.2646,1.9561,90304,144,78,577,68,28,674,366924,6260
S1,1,51,1051,702,90176,False,False,20261005T104005Z_7611453d,62.8871,512,164,66.237,3.1045,90432,139,77,585,69,28,683,366924,6260
S1,1,51,1051,703,90304,False,False,20261005T104005Z_7611453d,62.5039,512,164,64.8378,2.1383,90560,139,78,585,68,27,683,366924,6260
S1,1,51,1051,704,90432,False,False,20261005T104005Z_7611453d,62.1541,512,164,63.7391,1.4413,90688,151,77,585,68,28,683,366924,6260
S1,1,51,1051,705,90560,False,False,20261005T104005Z_7611453d,62.7603,512,164,65.4853,2.2547,90816,139,78,584,68,28,682,366924,6260
S1,1,51,1051,706,90688,False,False,20261005T104005Z_7611453d,62.3536,512,164,64.4761,1.9344,90944,140,77,585,68,27,683,366924,6260
S1,1,51,1051,707,90816,False,False,20261005T104005Z_7611453d,61.9974,512,164,63.4979,1.3776,91072,144,77,577,68,28,676,366924,6260
S1,1,51,1051,708,90944,False,False,20261005T104005Z_7611453d,61.778,512,164,62.778,0.8954,91200,143,78,585,68,28,683,366924,6260
S1,1,51,1051,709,91072,False,False,20261005T104005Z_7611453d,62.2708,512,164,64.0732,1.6422,91328,142,78,585,68,28,683,366924,6260
S1,1,51,1051,710,91200,False,False,20261005T104005Z_7611453d,62.2369,512,164,64.1692,1.7478,91456,141,78,577,68,28,675,366924,6260
S1,1,51,1051,711,91328,False,False,20261005T104005Z_7611453d,62.2144,512,164,64.3021,1.9053,91584,139,78,585,68,28,683,366924,6260
S1,1,51,1051,712,91456,False,False,20261005T104005Z_7611453d,62.53,512,164,65.099,2.3757,91712,149,78,577,75,28,682,366924,6260
S1,1,51,1051,713,91584,False,False,20261005T104005Z_7611453d,61.9627,512,164,62.9686,0.9029,91840,137,77,585,69,28,683,366924,6260
S1,1,51,1051,714,91712,False,False,20261005T104005Z_7611453d,61.9345,512,164,63.3203,1.2853,91968,142,77,585,68,27,683,366924,6260
S1,1,51,1051,715,91840,False,False,20261005T104005Z_7611453d,62.2536,512,164,64.3177,1.8859,92096,141,78,585,68,27,683,366924,6260
S1,1,51,1051,716,91968,False,False,20261005T104005Z_7611453d,62.2685,512,164,64.4022,1.9672,92224,142,77,577,68,27,675,366924,6260
S1,1,51,1051,717,92096,False,False,20261005T104005Z_7611453d,62.7538,512,164,64.9728,2.0346,92352,137,78,584,69,28,684,366924,6260
S1,1,51,1051,718,92224,False,False,20261005T104005Z_7611453d,62.1009,512,164,63.3616,1.1372,92480,140,78,577,68,27,675,366924,6260
S1,1,51,1051,719,92352,False,False,20261005T104005Z_7611453d,62.1038,512,164,63.7724,1.5141,92608,140,78,585,68,27,683,366924,6260
S1,1,51,1051,720,92480,False,False,20261005T104005Z_7611453d,62.4657,512,164,65.0941,2.4231,92736,152,77,585,69,28,683,366924,6260
S1,1,51,1051,721,92608,False,False,20261005T104005Z_7611453d,62.3017,512,164,64.2566,1.7873,92864,140,78,577,69,28,675,366924,6260
S1,1,51,1051,722,92736,False,False,20261005T104005Z_7611453d,61.9716,512,164,63.5977,1.4825,92992,143,78,585,68,27,683,366924,6260
S1,1,51,1051,723,92864,False,False,20261005T104005Z_7611453d,62.1221,512,164,64.4526,2.1605,93120,143,78,584,68,28,683,366924,6260
S1,1,51,1051,724,92992,False,False,20261005T104005Z_7611453d,62.1384,512,164,63.2182,0.9798,93248,141,78,577,69,28,675,366924,6260
S1,1,51,1051,725,93120,False,False,20261005T104005Z_7611453d,62.4414,512,164,63.5229,0.8999,93376,139,77,585,69,28,683,366924,6260
S1,1,51,1051,726,93248,False,False,20261005T104005Z_7611453d,62.0231,512,164,63.2613,1.1203,93504,142,78,577,68,35,683,366924,6260
S1,1,51,1051,727,93376,False,False,20261005T104005Z_7611453d,62.4817,512,164,64.9317,2.2107,93632,150,77,585,68,27,683,366924,6260
S1,1,51,1051,728,93504,False,False,20261005T104005Z_7611453d,62.2295,512,164,64.0025,1.5961,93760,144,85,577,68,28,675,366924,6260
S1,1,51,1051,729,93632,False,False,20261005T104005Z_7611453d,62.0647,512,164,63.0739,0.8685,93888,149,78,577,69,28,676,366924,6260
S1,1,51,1051,730,93760,False,False,20261005T104005Z_7611453d,62.0406,512,164,63.4223,1.2492,94016,143,78,577,76,28,683,366924,6260
S1,1,51,1051,731,93888,False,False,20261005T104005Z_7611453d,61.8795,512,164,62.7975,0.8282,94144,138,86,577,69,28,676,366924,6260
S1,1,51,1051,732,94016,False,False,20261005T104005Z_7611453d,62.1902,512,164,63.888,1.5491,94272,139,78,585,68,28,683,366924,6260
S1,1,51,1051,733,94144,False,False,20261005T104005Z_7611453d,62.4666,512,164,64.4238,1.7771,94400,142,78,577,68,28,676,366924,6260
S1,1,51,1051,734,94272,False,False,20261005T104005Z_7611453d,62.71,512,164,65.4666,2.5728,94528,140,78,584,68,28,683,366924,6260
S1,1,51,1051,735,94400,False,False,20261005T104005Z_7611453d,62.3781,512,164,64.174,1.633,94656,142,78,584,69,28,683,366924,6260
S1,1,51,1051,736,94528,False,False,20261005T104005Z_7611453d,62.3668,512,164,64.0908,1.538,94784,141,85,577,68,28,675,366924,6260
S1,1,51,1051,737,94656,False,False,20261005T104005Z_7611453d,62.5687,512,164,64.9844,2.2399,94912,138,78,577,69,35,683,366924,6260
S1,1,51,1051,738,94784,False,False,20261005T104005Z_7611453d,62.4544,512,164,64.6904,2.0361,95040,141,78,585,68,27,683,366924,6260
S1,1,51,1051,739,94912,False,False,20261005T104005Z_7611453d,62.7055,512,164,65.1996,2.2797,95168,140,78,584,69,28,683,366924,6260
S1,1,51,1051,740,95040,False,False,20261005T104005Z_7611453d,61.9907,512,164,63.581,1.4379,95296,146,78,577,68,28,675,366924,6260
S1,1,51,1051,741,95168,False,False,20261005T104005Z_7611453d,62.4843,512,164,64.5757,1.9153,95424,140,77,585,68,27,683,366924,6260
S1,1,51,1051,742,95296,False,False,20261005T104005Z_7611453d,62.462,512,164,64.6021,1.9622,95552,142,77,585,69,27,683,366924,6260
S1,1,51,1051,743,95424,False,False,20261005T104005Z_7611453d,62.7189,512,164,65.1919,2.3084,95680,148,78,584,68,27,682,366924,6260
S1,1,51,1051,744,95552,False,False,20261005T104005Z_7611453d,62.2512,512,164,64.0606,1.6549,95808,140,78,577,69,28,676,366924,6260
S1,1,51,1051,745,95680,False,False,20261005T104005Z_7611453d,62.1727,512,164,64.4297,2.0936,95936,142,78,584,68,28,683,366924,6260
S1,1,51,1051,746,95808,False,False,20261005T104005Z_7611453d,62.7405,512,164,64.7445,1.8119,96064,139,77,577,68,28,675,366924,6260
S1,1,51,1051,747,95936,False,False,20261005T104005Z_7611453d,62.2111,512,164,64.3395,1.9283,96192,140,77,577,68,28,676,366924,6260
S1,1,51,1051,748,96064,False,False,20261005T104005Z_7611453d,62.4728,512,164,65.1057,2.4201,96320,142,78,585,68,28,684,366924,6260
S1,1,51,1051,749,96192,False,False,20261005T104005Z_7611453d,62.2835,512,164,64.7154,2.2335,96448,142,78,577,69,27,675,366924,6260
S1,1,51,1051,750,96320,False,False,20261005T104005Z_7611453d,62.6249,512,164,64.4619,1.6638,96576,141,78,577,68,27,675,366924,6260
S1,1,51,1051,751,96448,False,False,20261005T104005Z_7611453d,62.7531,512,164,65.3107,2.3432,96704,140,77,585,68,27,683,366924,6260
S1,1,51,1051,752,96576,False,False,20261005T104005Z_7611453d,62.3064,512,164,63.8924,1.4261,96832,141,78,585,68,28,683,366924,6260
S1,1,51,1051,753,96704,False,False,20261005T104005Z_7611453d,62.2409,512,164,64.3499,1.878,96960,138,77,585,68,28,682,366924,6260
S1,1,51,1051,754,96832,False,False,20261005T104005Z_7611453d,62.3337,512,164,65.3014,2.7627,97088,146,78,577,75,27,682,366924,6260
S1,1,51,1051,755,96960,False,False,20261005T104005Z_7611453d,61.8214,512,164,62.8391,0.9178,97216,139,85,577,68,28,676,366924,6260
S1,1,51,1051,756,97088,False,False,20261005T104005Z_7611453d,62.2654,512,164,63.7582,1.3341,97344,141,78,585,68,27,683,366924,6260
S1,1,51,1051,757,97216,False,False,20261005T104005Z_7611453d,62.2617,512,164,64.315,1.8649,97472,143,77,585,68,28,684,366924,6260
S1,1,51,1051,758,97344,False,False,20261005T104005Z_7611453d,62.0342,512,164,63.7409,1.5646,97600,144,77,585,68,27,683,366924,6260
S1,1,51,1051,759,97472,False,False,20261005T104005Z_7611453d,62.86,512,164,65.4515,2.2026,97728,138,78,584,68,28,683,366924,6260
S1,1,51,1051,760,97600,False,False,20261005T104005Z_7611453d,62.7804,512,164,64.8207,1.8468,97856,141,78,577,69,28,675,366924,6260
S1,1,51,1051,761,97728,False,False,20261005T104005Z_7611453d,62.8567,512,164,65.4474,2.326,97984,140,78,577,68,35,683,366924,6260
S1,1,51,1051,762,97856,False,False,20261005T104005Z_7611453d,62.2094,512,164,64.4143,1.9774,98112,143,78,577,68,28,675,366924,6260
S1,1,51,1051,763,97984,False,False,20261005T104005Z_7611453d,62.7709,512,164,65.5205,2.5261,98240,143,77,585,68,28,684,366924,6260
S1,1,51,1051,764,98112,False,False,20261005T104005Z_7611453d,62.8139,512,164,65.1002,2.0633,98368,143,78,585,68,28,683,366924,6260
S1,1,51,1051,765,98240,False,False,20261005T104005Z_7611453d,62.4562,512,164,65.1057,2.4143,98496,142,78,577,69,28,675,366924,6260
S1,1,51,1051,766,98368,False,False,20261005T104005Z_7611453d,63.0322,512,164,65.3328,2.0891,98624,140,78,584,68,28,683,366924,6260
S1,1,51,1051,767,98496,False,False,20261005T104005Z_7611453d,62.3275,512,164,64.4456,1.9382,98752,141,78,577,68,28,675,366924,6260
S1,1,51,1051,768,98624,False,False,20261005T104005Z_7611453d,62.5205,512,164,65.5767,2.8443,98880,142,78,584,68,28,683,366924,6260
S1,1,51,1051,769,98752,False,False,20261005T104005Z_7611453d,62.1736,512,164,63.5797,1.2772,99008,141,78,584,68,28,682,366924,6260
S1,1,51,1051,770,98880,False,False,20261005T104005Z_7611453d,62.0833,512,164,63.5265,1.3118,99136,144,78,584,68,28,682,366924,6260
S1,1,51,1051,771,99008,False,False,20261005T104005Z_7611453d,62.1354,512,164,63.8644,1.5872,99264,140,77,577,68,27,675,366924,6260
S1,1,51,1051,772,99136,False,False,20261005T104005Z_7611453d,62.2753,512,164,64.7022,2.2357,99392,141,78,578,76,27,683,366924,6260
S1,1,51,1051,773,99264,False,False,20261005T104005Z_7611453d,62.6057,512,164,64.7933,1.9916,99520,140,78,585,69,28,683,366924,6260
S1,1,51,1051,774,99392,False,False,20261005T104005Z_7611453d,62.5156,512,164,64.7747,2.0754,99648,140,78,584,68,27,682,366924,6260
S1,1,51,1051,775,99520,False,False,20261005T104005Z_7611453d,63.0543,512,164,65.703,2.2415,99776,140,77,585,68,28,683,366924,6260
S1,1,51,1051,776,99648,False,False,20261005T104005Z_7611453d,61.9597,512,164,63.667,1.5653,99904,140,78,585,68,28,683,366924,6260
S1,1,51,1051,777,99776,False,False,20261005T104005Z_7611453d,62.1042,512,164,64.3362,2.0651,100032,141,77,577,76,28,683,366924,6260
S1,1,51,1051,778,99904,False,False,20261005T104005Z_7611453d,62.0894,512,164,63.7596,1.4589,100160,142,77,585,68,28,683,366924,6260
S1,1,51,1051,779,100032,False,False,20261005T104005Z_7611453d,61.7307,512,164,62.6777,0.8603,100288,139,78,584,69,27,683,366924,6260
S1,1,51,1051,780,100160,False,False,20261005T104005Z_7611453d,62.1744,512,164,63.8884,1.5764,100416,138,78,584,69,28,683,366924,6260
S1,1,51,1051,781,100288,False,False,20261005T104005Z_7611453d,62.4352,512,164,64.4384,1.8214,100544,140,78,584,68,28,682,366924,6260
S1,1,51,1051,782,100416,False,False,20261005T104005Z_7611453d,62.6317,512,164,65.3017,2.4767,100672,141,77,585,68,27,683,366924,6260
S1,1,51,1051,783,100544,False,False,20261005T104005Z_7611453d,62.351,512,164,64.1347,1.6289,100800,139,78,577,67,28,675,366924,6260
S1,1,51,1051,784,100672,False,False,20261005T104005Z_7611453d,62.5683,512,164,64.4306,1.7016,100928,142,78,585,68,28,683,366924,6260
S1,1,51,1051,785,100800,False,False,20261005T104005Z_7611453d,62.1821,512,164,65.3232,2.9293,101056,140,78,577,68,27,675,366924,6260
S1,1,51,1051,786,100928,False,False,20261005T104005Z_7611453d,62.0856,512,164,63.4294,1.208,101184,148,78,585,68,27,683,366924,6260
S1,1,51,1051,787,101056,False,False,20261005T104005Z_7611453d,62.0711,512,164,63.3607,1.1594,101312,140,77,585,68,27,683,366924,6260
S1,1,51,1051,788,101184,False,False,20261005T104005Z_7611453d,62.0552,512,164,63.5648,1.3708,101440,139,78,577,68,28,675,366924,6260
S1,1,51,1051,789,101312,False,False,20261005T104005Z_7611453d,62.4163,512,164,64.2438,1.666,101568,138,78,584,69,28,683,366924,6260
S1,1,51,1051,790,101440,False,False,20261005T104005Z_7611453d,62.4018,512,164,64.0462,1.4293,101696,144,77,585,68,28,683,366924,6260
S1,1,51,1051,791,101568,False,False,20261005T104005Z_7611453d,62.2202,512,164,63.8853,1.5046,101824,148,78,584,68,28,683,366924,6260
S1,1,51,1051,792,101696,False,False,20261005T104005Z_7611453d,62.4394,512,164,64.5886,1.9686,101952,142,78,585,68,28,683,366924,6260
S1,1,51,1051,793,101824,False,False,20261005T104005Z_7611453d,62.0782,512,164,63.1047,0.923,102080,140,77,585,69,28,683,366924,6260
S1,1,51,1051,794,101952,False,False,20261005T104005Z_7611453d,62.1196,512,164,63.2456,1.0046,102208,140,78,584,69,27,683,366924,6260
S1,1,51,1051,795,102080,False,False,20261005T104005Z_7611453d,61.8545,512,164,63.127,1.1626,102336,140,77,577,68,28,676,366924,6260
S1,1,51,1051,796,102208,False,False,20261005T104005Z_7611453d,61.9547,512,164,63.4447,1.3798,102464,147,77,585,68,28,683,366924,6260
S1,1,51,1051,797,102336,False,False,20261005T104005Z_7611453d,61.854,512,164,62.9374,0.9599,102592,138,78,585,68,27,683,366924,6260
S1,1,51,1051,798,102464,False,False,20261005T104005Z_7611453d,62.412,512,164,64.4645,1.8565,102720,141,77,585,68,27,683,366924,6260
S1,1,51,1051,799,102592,False,False,20261005T104005Z_7611453d,62.2799,512,164,64.0232,1.6024,102848,150,78,584,68,28,683,366924,6260
S1,1,51,1051,800,102720,False,False,20261005T104005Z_7611453d,62.2174,512,164,63.9529,1.5765,102976,142,77,585,69,28,683,366924,6260
S1,1,51,1051,801,102848,False,False,20261005T104005Z_7611453d,62.1334,512,164,63.5981,1.3106,103104,140,78,585,69,27,684,366924,6260
S1,1,51,1051,802,102976,False,False,20261005T104005Z_7611453d,62.1,512,164,63.7768,1.5255,103232,143,78,584,68,28,683,366924,6260
S1,1,51,1051,803,103104,False,False,20261005T104005Z_7611453d,62.4958,512,164,64.6734,1.9822,103360,143,77,585,69,28,683,366924,6260
S1,1,51,1051,804,103232,False,False,20261005T104005Z_7611453d,62.2952,512,164,64.4403,1.9541,103488,142,78,584,68,28,683,366924,6260
S1,1,51,1051,805,103360,False,False,20261005T104005Z_7611453d,62.6717,512,164,64.9015,2.035,103616,141,77,585,68,27,683,366924,6260
S1,1,51,1051,806,103488,False,False,20261005T104005Z_7611453d,62.2405,512,164,63.9853,1.5958,103744,150,78,584,68,27,682,366924,6260
S1,1,51,1051,807,103616,False,False,20261005T104005Z_7611453d,62.319,512,164,64.6727,2.1466,103872,140,78,585,68,28,683,366924,6260
S1,1,51,1051,808,103744,False,False,20261005T104005Z_7611453d,62.8516,512,164,65.4022,2.3345,104000,145,78,584,69,27,683,366924,6260
S1,1,51,1051,809,103872,False,False,20261005T104005Z_7611453d,62.2373,512,164,63.6233,1.2367,104128,141,77,585,68,27,683,366924,6260
S1,1,51,1051,810,104000,False,False,20261005T104005Z_7611453d,61.8617,512,164,62.8859,0.9186,104256,142,78,584,68,28,682,366924,6260
S1,1,51,1051,811,104128,False,False,20261005T104005Z_7611453d,62.4419,512,164,64.6703,2.0385,104384,142,78,584,68,28,683,366924,6260
S1,1,51,1051,812,104256,False,False,20261005T104005Z_7611453d,62.4491,512,164,64.7438,2.1081,104512,140,78,584,68,28,682,366924,6260
S1,1,51,1051,813,104384,False,False,20261005T104005Z_7611453d,62.6508,512,164,64.7298,1.8678,104640,141,78,584,68,28,683,366924,6260
S1,1,51,1051,814,104512,False,False,20261005T104005Z_7611453d,62.5926,512,164,65.1899,2.3894,104768,141,85,577,68,27,675,366924,6260
S1,1,51,1051,815,104640,False,False,20261005T104005Z_7611453d,62.6422,512,164,65.1793,2.3343,104896,143,78,584,69,27,683,366924,6260
S1,1,51,1051,816,104768,False,False,20261005T104005Z_7611453d,62.5548,512,164,64.8593,2.1068,105024,148,78,577,68,28,676,366924,6260
S1,1,51,1051,817,104896,False,False,20261005T104005Z_7611453d,62.1067,512,164,64.1274,1.8608,105152,139,78,577,69,27,675,366924,6260
S1,1,51,1051,818,105024,False,False,20261005T104005Z_7611453d,62.6797,512,164,63.8905,1.0998,105280,139,78,585,68,27,683,366924,6260
S1,1,51,1051,819,105152,False,False,20261005T104005Z_7611453d,62.5139,512,164,65.0911,2.2087,105408,140,78,584,68,27,682,366924,6260
S1,1,51,1051,820,105280,False,False,20261005T104005Z_7611453d,62.2668,512,164,64.299,1.787,105536,142,78,577,68,28,676,366924,6260
S1,1,51,1051,821,105408,False,False,20261005T104005Z_7611453d,62.1027,512,164,64.2788,2.0239,105664,143,77,585,69,27,683,366924,6260
S1,1,51,1051,822,105536,False,False,20261005T104005Z_7611453d,62.0292,512,164,63.4509,1.2968,105792,140,77,577,68,36,683,366924,6260
S1,1,51,1051,823,105664,False,False,20261005T104005Z_7611453d,62.2162,512,164,64.0004,1.638,105920,150,85,577,68,27,675,366924,6260
S1,1,51,1051,824,105792,False,False,20261005T104005Z_7611453d,61.8165,512,164,62.8635,0.9447,106048,141,78,578,69,28,676,366924,6260
S1,1,51,1051,825,105920,False,False,20261005T104005Z_7611453d,61.8584,512,164,62.8669,0.9075,106176,141,77,577,68,35,683,366924,6260
S1,1,51,1051,826,106048,False,False,20261005T104005Z_7611453d,61.9033,512,164,62.9763,0.9705,106304,143,78,577,68,36,683,366924,6260
S1,1,51,1051,827,106176,False,False,20261005T104005Z_7611453d,62.2407,512,164,63.5044,1.1513,106432,140,78,584,68,28,682,366924,6260
S1,1,51,1051,828,106304,False,False,20261005T104005Z_7611453d,61.8784,512,164,62.9006,0.8949,106560,140,78,577,69,27,675,366924,6260
S1,1,51,1051,829,106432,False,False,20261005T104005Z_7611453d,62.0176,512,164,63.1086,0.9885,106688,136,77,577,68,35,683,366924,6260
S1,1,51,1051,830,106560,False,False,20261005T104005Z_7611453d,61.874,512,164,62.8484,0.8718,106816,143,78,585,68,27,683,366924,6260
S1,1,51,1051,831,106688,False,False,20261005T104005Z_7611453d,62.1459,512,164,63.7936,1.4906,106944,142,78,584,68,28,683,366924,6260
S1,1,51,1051,832,106816,False,False,20261005T104005Z_7611453d,62.384,512,164,64.1255,1.5937,107072,141,78,585,68,28,683,366924,6260
S1,1,51,1051,833,106944,False,False,20261005T104005Z_7611453d,62.1636,512,164,63.9928,1.7028,107200,149,78,577,68,28,675,366924,6260
S1,1,51,1051,834,107072,False,False,20261005T104005Z_7611453d,62.0122,512,164,63.0347,0.9141,107328,139,78,577,68,36,683,366924,6260
S1,1,51,1051,835,107200,False,False,20261005T104005Z_7611453d,61.964,512,164,63.1202,1.036,107456,139,78,585,68,28,683,366924,6260
S1,1,51,1051,836,107328,False,False,20261005T104005Z_7611453d,61.9558,512,164,62.9388,0.8839,107584,142,78,584,68,28,682,366924,6260
S1,1,51,1051,837,107456,False,False,20261005T104005Z_7611453d,62.5498,512,164,64.3855,1.6677,107712,142,78,584,69,27,683,366924,6260
S1,1,51,1051,838,107584,False,False,20261005T104005Z_7611453d,62.1404,512,164,63.0747,0.8404,107840,144,78,585,68,28,683,366924,6260
S1,1,51,1051,839,107712,False,False,20261005T104005Z_7611453d,62.6439,512,164,65.0193,2.1986,107968,140,77,585,69,28,683,366924,6260
S1,1,51,1051,840,107840,False,False,20261005T104005Z_7611453d,62.15,512,164,63.2456,0.9931,108096,142,85,577,69,28,675,366924,6260
S1,1,51,1051,841,107968,False,False,20261005T104005Z_7611453d,62.2775,512,164,64.2053,1.7658,108224,140,78,585,68,27,683,366924,6260
S1,1,51,1051,842,108096,False,False,20261005T104005Z_7611453d,62.5729,512,164,64.4032,1.6175,108352,140,77,585,69,27,683,366924,6260
S1,1,51,1051,843,108224,False,False,20261005T104005Z_7611453d,62.6836,512,164,65.6875,2.5639,108480,138,77,585,68,27,683,366924,6260
S1,1,51,1051,844,108352,False,False,20261005T104005Z_7611453d,61.9845,512,164,63.0115,0.9117,108608,149,77,585,68,27,683,366924,6260
S1,1,51,1051,845,108480,False,False,20261005T104005Z_7611453d,62.2049,512,164,63.4995,1.1744,108736,142,78,584,69,27,683,366924,6260
S1,1,51,1051,846,108608,False,False,20261005T104005Z_7611453d,62.0733,512,164,63.5318,1.3212,108864,142,78,584,68,28,683,366924,6260
S1,1,51,1051,847,108736,False,False,20261005T104005Z_7611453d,62.5816,512,164,64.4914,1.7483,108992,143,78,578,69,36,683,366924,6260
S1,1,51,1051,848,108864,False,False,20261005T104005Z_7611453d,61.8348,512,164,62.8729,0.9292,109120,140,78,578,69,36,684,366924,6260
S1,1,51,1051,849,108992,False,False,20261005T104005Z_7611453d,62.2748,512,164,63.8912,1.4584,109248,139,78,577,76,28,683,366924,6260
S1,1,51,1051,850,109120,False,False,20261005T104005Z_7611453d,62.1554,512,164,63.1878,0.9378,109376,138,78,585,68,28,683,366924,6260
S1,1,51,1051,851,109248,False,False,20261005T104005Z_7611453d,62.1439,512,164,63.8747,1.5784,109504,143,77,585,69,28,683,366924,6260
S1,1,51,1051,852,109376,False,False,20261005T104005Z_7611453d,62.5407,512,164,64.6872,1.9402,109632,147,86,577,68,28,675,366924,6260
S1,1,51,1051,853,109504,False,False,20261005T104005Z_7611453d,61.9918,512,164,63.2213,1.1077,109760,141,85,577,69,28,675,366924,6260
S1,1,51,1051,854,109632,False,False,20261005T104005Z_7611453d,61.8886,512,164,62.9108,0.9092,109888,150,78,577,76,28,682,366924,6260
S1,1,51,1051,855,109760,False,False,20261005T104005Z_7611453d,62.2437,512,164,64.2023,1.7982,110016,140,78,585,68,28,683,366924,6260
S1,1,51,1051,856,109888,False,False,20261005T104005Z_7611453d,62.3657,512,164,65.1549,2.5979,110144,142,77,585,68,28,683,366924,6260
S1,1,51,1051,857,110016,False,False,20261005T104005Z_7611453d,62.2214,512,164,63.267,0.9356,110272,142,77,585,68,28,683,366924,6260
S1,1,51,1051,858,110144,False,False,20261005T104005Z_7611453d,62.1013,512,164,64.2887,2.0128,110400,144,78,584,68,28,683,366924,6260
S1,1,51,1051,859,110272,False,False,20261005T104005Z_7611453d,62.611,512,164,65.4,2.5741,110528,141,78,585,69,28,683,366924,6260
S1,1,51,1051,860,110400,False,False,20261005T104005Z_7611453d,62.7346,512,164,65.0905,2.1494,110656,140,77,577,68,35,683,366924,6260
S1,1,51,1051,861,110528,False,False,20261005T104005Z_7611453d,62.5467,512,164,64.7704,2.0366,110784,139,78,584,68,28,682,366924,6260
S1,1,51,1051,862,110656,False,False,20261005T104005Z_7611453d,62.5442,512,164,65.2091,2.1718,110912,138,78,584,69,28,683,366924,6260
S1,1,51,1051,863,110784,False,False,20261005T104005Z_7611453d,62.6513,512,164,65.2022,2.3381,111040,141,78,578,76,27,683,366924,6260
S1,1,51,1051,864,110912,False,False,20261005T104005Z_7611453d,61.9881,512,164,63.0394,0.9459,111168,139,85,577,68,27,675,366924,6260
S1,1,51,1051,865,111040,False,False,20261005T104005Z_7611453d,62.2372,512,164,64.1884,1.7946,111296,142,78,577,67,28,675,366924,6260
S1,1,51,1051,866,111168,False,False,20261005T104005Z_7611453d,62.4784,512,164,64.5597,1.8991,111424,149,78,585,68,27,683,366924,6260
S1,1,51,1051,867,111296,False,False,20261005T104005Z_7611453d,62.3892,512,164,64.2582,1.6665,111552,141,78,585,69,28,683,366924,6260
S1,1,51,1051,868,111424,False,False,20261005T104005Z_7611453d,62.9178,512,164,65.8338,2.6923,111680,144,85,577,69,27,675,366924,6260
S1,1,51,1051,869,111552,False,False,20261005T104005Z_7611453d,62.3748,512,164,64.3374,1.7944,111808,141,77,577,68,28,675,366924,6260
S1,1,51,1051,870,111680,False,False,20261005T104005Z_7611453d,62.1475,512,164,63.8899,1.5865,111936,140,78,584,68,28,683,366924,6260
S1,1,51,1051,871,111808,False,False,20261005T104005Z_7611453d,62.0749,512,164,63.9387,1.7207,112064,151,77,585,68,28,684,366924,6260
S1,1,51,1051,872,111936,False,False,20261005T104005Z_7611453d,62.176,512,164,63.1799,0.9107,112192,143,85,577,68,27,675,366924,6260
S1,1,51,1051,873,112064,False,False,20261005T104005Z_7611453d,62.8394,512,164,65.3562,2.3054,112320,142,77,577,68,35,683,366924,6260
S1,1,51,1051,874,112192,False,False,20261005T104005Z_7611453d,62.7574,512,164,65.6346,2.6272,112448,139,78,577,68,28,676,366924,6260
S1,1,51,1051,875,112320,False,False,20261005T104005Z_7611453d,62.4888,512,164,64.3606,1.6958,112576,142,78,577,68,27,675,366924,6260
S1,1,51,1051,876,112448,False,False,20261005T104005Z_7611453d,62.1783,512,164,63.6259,1.3102,112704,142,77,585,68,27,683,366924,6260
S1,1,51,1051,877,112576,False,False,20261005T104005Z_7611453d,62.7505,512,164,65.3765,2.4129,112832,140,77,585,68,27,683,366924,6260
S1,1,51,1051,878,112704,False,False,20261005T104005Z_7611453d,62.7057,512,164,65.196,2.2603,112960,148,77,577,68,27,675,366924,6260
S1,1,51,1051,879,112832,False,False,20261005T104005Z_7611453d,62.1342,512,164,64.1153,1.8056,113088,139,78,584,68,28,683,366924,6260
S1,1,51,1051,880,112960,False,False,20261005T104005Z_7611453d,62.0205,512,164,63.4218,1.2812,113216,139,78,577,68,28,676,366924,6260
S1,1,51,1051,881,113088,False,False,20261005T104005Z_7611453d,63.0781,512,164,65.5339,2.2526,113344,143,78,584,69,28,683,366924,6260
S1,1,51,1051,882,113216,False,False,20261005T104005Z_7611453d,62.9145,512,164,65.3057,2.1703,113472,144,78,584,68,28,682,366924,6260
S1,1,51,1051,883,113344,False,False,20261005T104005Z_7611453d,63.1313,512,164,65.9004,2.5286,113600,139,77,585,69,27,683,366924,6260
S1,1,51,1051,884,113472,False,False,20261005T104005Z_7611453d,62.2543,512,164,64.0727,1.6524,113728,141,77,585,69,28,683,366924,6260
S1,1,51,1051,885,113600,False,False,20261005T104005Z_7611453d,62.8914,512,164,65.7333,2.5898,113856,142,78,584,68,28,682,366924,6260
S1,1,51,1051,886,113728,False,False,20261005T104005Z_7611453d,62.2998,512,164,64.5011,2.0286,113984,144,85,577,68,28,676,366924,6260
S1,1,51,1051,887,113856,False,False,20261005T104005Z_7611453d,62.2159,512,164,64.0359,1.6635,114112,141,78,585,68,27,683,366924,6260
S1,1,51,1051,888,113984,False,False,20261005T104005Z_7611453d,62.2198,512,164,64.002,1.6089,114240,149,85,577,69,28,675,366924,6260
S1,1,51,1051,889,114112,False,False,20261005T104005Z_7611453d,62.5906,512,164,64.8866,2.102,114368,140,78,577,68,28,675,366924,6260
S1,1,51,1051,890,114240,False,False,20261005T104005Z_7611453d,62.1727,512,164,64.0766,1.739,114496,143,78,577,68,35,683,366924,6260
S1,1,51,1051,891,114368,False,False,20261005T104005Z_7611453d,62.4263,512,164,64.6273,2.0182,114624,141,77,585,69,27,683,366924,6260
S1,1,51,1051,892,114496,False,False,20261005T104005Z_7611453d,62.6048,512,164,65.5309,2.6995,114752,144,78,585,68,27,683,366924,6260
S1,1,51,1051,893,114624,False,False,20261005T104005Z_7611453d,62.3892,512,164,64.6588,2.0704,114880,141,77,585,68,28,683,366924,6260
S1,1,51,1051,894,114752,False,False,20261005T104005Z_7611453d,63.1519,512,164,65.7109,2.3172,115008,140,78,585,68,28,683,366924,6260
S1,1,51,1051,895,114880,False,False,20261005T104005Z_7611453d,61.9249,512,164,63.7674,1.7491,115136,142,78,584,68,28,682,366924,6260
S1,1,51,1051,896,115008,False,False,20261005T104005Z_7611453d,62.3851,512,164,64.2477,1.7076,115264,139,77,585,68,27,683,366924,6260
S1,1,51,1051,897,115136,False,False,20261005T104005Z_7611453d,61.7461,512,164,62.9263,1.0818,115392,138,86,577,68,28,675,366924,6260
S1,1,51,1051,898,115264,False,False,20261005T104005Z_7611453d,62.4022,512,164,63.4174,0.9122,115520,139,78,577,68,28,676,366924,6260
S1,1,51,1051,899,115392,False,False,20261005T104005Z_7611453d,62.8336,512,164,65.319,2.2935,115648,149,77,585,68,27,683,366924,6260
S1,1,51,1051,900,115520,False,False,20261005T104005Z_7611453d,62.2453,512,164,63.937,1.546,115776,140,78,585,68,28,683,366924,6260
S1,1,51,1051,901,115648,False,False,20261005T104005Z_7611453d,62.2521,512,164,63.7919,1.3935,115904,142,77,585,68,27,683,366924,6260
S1,1,51,1051,902,115776,False,False,20261005T104005Z_7611453d,62.3382,512,164,64.1975,1.6742,116032,140,78,584,68,28,683,366924,6260
S1,1,51,1051,903,115904,False,False,20261005T104005Z_7611453d,62.098,512,164,63.9326,1.6727,116160,139,78,577,69,27,675,366924,6260
S1,1,51,1051,904,116032,False,False,20261005T104005Z_7611453d,62.2604,512,164,64.0626,1.6244,116288,146,78,585,68,28,683,366924,6260
S1,1,51,1051,905,116160,False,False,20261005T104005Z_7611453d,62.7713,512,164,64.1654,1.1975,116416,142,78,577,68,28,676,366924,6260
S1,1,51,1051,906,116288,False,False,20261005T104005Z_7611453d,62.414,512,164,63.6097,1.008,116544,140,77,577,76,27,683,366924,6260
S1,1,51,1051,907,116416,False,False,20261005T104005Z_7611453d,61.9785,512,164,63.3595,1.2419,116672,148,77,577,68,28,675,366924,6260
S1,1,51,1051,908,116544,False,False,20261005T104005Z_7611453d,62.0524,512,164,63.2544,1.0755,116800,142,77,585,68,27,683,366924,6260
S1,1,51,1051,909,116672,False,False,20261005T104005Z_7611453d,62.0977,512,164,63.7079,1.4515,116928,141,78,577,68,28,676,366924,6260
S1,1,51,1051,910,116800,False,False,20261005T104005Z_7611453d,62.1175,512,164,63.7213,1.4639,117056,141,77,577,69,28,676,366924,6260
S1,1,51,1051,911,116928,False,False,20261005T104005Z_7611453d,62.4981,512,164,63.787,1.0651,117184,143,78,578,68,28,676,366924,6260
S1,1,51,1051,912,117056,False,False,20261005T104005Z_7611453d,61.9701,512,164,63.8497,1.7375,117312,142,77,577,68,28,675,366924,6260
S1,1,51,1051,913,117184,False,False,20261005T104005Z_7611453d,62.3706,512,164,64.5794,2.0163,117440,142,78,578,68,28,676,366924,6260
S1,1,51,1051,914,117312,False,False,20261005T104005Z_7611453d,62.3997,512,164,63.804,1.2002,117568,139,78,577,69,27,675,366924,6260
S1,1,51,1051,915,117440,False,False,20261005T104005Z_7611453d,62.1677,512,164,63.2545,0.9706,117696,142,78,577,69,28,675,366924,6260
S1,1,51,1051,916,117568,False,False,20261005T104005Z_7611453d,62.0275,512,164,63.6936,1.5117,117824,143,77,585,69,27,683,366924,6260
S1,1,51,1051,917,117696,False,False,20261005T104005Z_7611453d,62.5095,512,164,64.5227,1.8159,117952,144,77,585,68,28,683,366924,6260
S1,1,51,1051,918,117824,False,False,20261005T104005Z_7611453d,61.847,512,164,62.8749,0.9168,118080,140,78,577,76,28,683,366924,6260
S1,1,51,1051,919,117952,False,False,20261005T104005Z_7611453d,62.4503,512,164,64.1535,1.4139,118208,140,78,577,76,28,683,366924,6260
S1,1,51,1051,920,118080,False,False,20261005T104005Z_7611453d,62.6657,512,164,64.1423,1.3203,118336,141,78,584,68,28,682,366924,6260
S1,1,51,1051,921,118208,False,False,20261005T104005Z_7611453d,62.0179,512,164,63.0545,0.9283,118464,136,86,577,68,28,675,366924,6260
S1,1,51,1051,922,118336,False,False,20261005T104005Z_7611453d,62.1539,512,164,63.902,1.5407,118592,141,78,577,68,27,675,366924,6260
S1,1,51,1051,923,118464,False,False,20261005T104005Z_7611453d,62.6625,512,164,65.0526,2.1744,118720,141,77,585,68,27,683,366924,6260
S1,1,51,1051,924,118592,False,False,20261005T104005Z_7611453d,61.8534,512,164,63.078,1.099,118848,148,77,585,68,27,683,366924,6260
S1,1,51,1051,925,118720,False,False,20261005T104005Z_7611453d,61.9455,512,164,63.0425,0.9811,118976,139,78,585,68,28,683,366924,6260
S1,1,51,1051,926,118848,False,False,20261005T104005Z_7611453d,62.0534,512,164,64.1984,1.9709,119104,142,77,577,68,27,675,366924,6260
S1,1,51,1051,927,118976,False,False,20261005T104005Z_7611453d,62.2681,512,164,64.2932,1.8742,119232,142,78,585,68,27,683,366924,6260
S1,1,51,1051,928,119104,False,False,20261005T104005Z_7611453d,62.7064,512,164,64.6335,1.7187,119360,149,77,585,68,28,683,366924,6260
S1,1,51,1051,929,119232,False,False,20261005T104005Z_7611453d,62.2794,512,164,64.226,1.7816,119488,139,78,577,68,36,683,366924,6260
S1,1,51,1051,930,119360,False,False,20261005T104005Z_7611453d,62.4244,512,164,64.1627,1.5885,119616,141,78,584,68,28,683,366924,6260
S1,1,51,1051,931,119488,False,False,20261005T104005Z_7611453d,62.6293,512,164,65.6314,2.6518,119744,141,78,577,68,28,676,366924,6260
S1,1,51,1051,932,119616,False,False,20261005T104005Z_7611453d,62.1143,512,164,63.8462,1.5654,119872,145,78,577,68,27,675,366924,6260
S1,1,51,1051,933,119744,False,False,20261005T104005Z_7611453d,62.3542,512,164,64.119,1.603,120000,141,77,577,75,28,683,366924,6260
S1,1,51,1051,934,119872,False,False,20261005T104005Z_7611453d,61.9706,512,164,63.0616,0.9833,120128,142,77,585,68,28,683,366924,6260
S1,1,51,1051,935,120000,False,False,20261005T104005Z_7611453d,62.4631,512,164,65.1581,2.4676,120256,140,78,585,68,27,683,366924,6260
S1,1,51,1051,936,120128,False,False,20261005T104005Z_7611453d,62.9825,512,164,65.2519,2.0757,120384,142,77,585,68,27,683,366924,6260
S1,1,51,1051,937,120256,False,False,20261005T104005Z_7611453d,62.4145,512,164,64.7049,2.1194,120512,148,86,577,68,28,675,366924,6260
S1,1,51,1051,938,120384,False,False,20261005T104005Z_7611453d,62.016,512,164,63.0001,0.8753,120640,149,78,577,68,28,675,366924,6260
S1,1,51,1051,939,120512,False,False,20261005T104005Z_7611453d,61.9232,512,164,62.8932,0.8688,120768,141,77,577,68,27,675,366924,6260
S1,1,51,1051,940,120640,False,False,20261005T104005Z_7611453d,62.1226,512,164,63.4317,1.1893,120896,143,78,577,69,27,675,366924,6260
S1,1,51,1051,941,120768,False,False,20261005T104005Z_7611453d,62.2836,512,164,64.0571,1.6052,121024,138,78,585,69,28,684,366924,6260
S1,1,51,1051,942,120896,False,False,20261005T104005Z_7611453d,62.1904,512,164,64.1066,1.774,121152,139,78,577,68,27,675,366924,6260
S1,1,51,1051,943,121024,False,False,20261005T104005Z_7611453d,62.1368,512,164,63.0835,0.8419,121280,141,77,585,69,28,683,366924,6260
S1,1,51,1051,944,121152,False,False,20261005T104005Z_7611453d,61.912,512,164,62.9325,0.9186,121408,140,77,585,67,28,683,366924,6260
S1,1,51,1051,945,121280,False,False,20261005T104005Z_7611453d,61.7175,512,164,62.7599,0.9429,121536,142,77,585,69,28,683,366924,6260
S1,1,51,1051,946,121408,False,False,20261005T104005Z_7611453d,61.7541,512,164,62.8089,0.9501,121664,143,77,585,69,27,683,366924,6260
S1,1,51,1051,947,121536,False,False,20261005T104005Z_7611453d,62.046,512,164,63.208,1.0463,121792,148,78,585,68,28,683,366924,6260
S1,1,51,1051,948,121664,False,False,20261005T104005Z_7611453d,62.3493,512,164,64.4211,1.9021,121920,149,85,577,68,28,676,366924,6260
S1,1,51,1051,949,121792,False,False,20261005T104005Z_7611453d,62.556,512,164,64.3973,1.6598,122048,140,78,585,68,28,683,366924,6260
S1,1,51,1051,950,121920,False,False,20261005T104005Z_7611453d,61.8472,512,164,62.8939,0.9473,122176,140,78,577,67,35,682,366924,6260
S1,1,51,1051,951,122048,False,False,20261005T104005Z_7611453d,62.3016,512,164,64.4392,1.9587,122304,144,78,577,76,28,683,366924,6260
S1,1,51,1051,952,122176,False,False,20261005T104005Z_7611453d,62.3669,512,164,64.3362,1.8134,122432,138,78,577,69,28,675,366924,6260
S1,1,51,1051,953,122304,False,False,20261005T104005Z_7611453d,62.3091,512,164,64.1954,1.7074,122560,140,78,584,68,28,682,366924,6260
S1,1,51,1051,954,122432,False,False,20261005T104005Z_7611453d,62.4215,512,164,63.3708,0.8552,122688,147,78,577,69,28,675,366924,6260
S1,1,51,1051,955,122560,False,False,20261005T104005Z_7611453d,62.0219,512,164,63.6989,1.5795,122816,139,78,584,68,28,683,366924,6260
S1,1,51,1051,956,122688,False,False,20261005T104005Z_7611453d,62.4268,512,164,64.9703,2.3082,122944,149,77,585,68,28,683,366924,6260
S1,1,51,1051,957,122816,False,False,20261005T104005Z_7611453d,62.0815,512,164,63.0932,0.9188,123072,140,78,584,68,27,682,366924,6260
S1,1,51,1051,958,122944,False,False,20261005T104005Z_7611453d,61.9467,512,164,63.6594,1.5728,123200,141,78,585,69,27,684,366924,6260
S1,1,51,1051,959,123072,False,False,20261005T104005Z_7611453d,62.1974,512,164,63.3427,0.9881,123328,140,77,585,69,28,683,366924,6260
S1,1,51,1051,960,123200,False,False,20261005T104005Z_7611453d,61.8308,512,164,62.767,0.8418,123456,141,78,577,68,27,675,366924,6260
S1,1,51,1051,961,123328,False,False,20261005T104005Z_7611453d,62.4886,512,164,64.5539,1.8657,123584,141,78,577,68,28,675,366924,6260
S1,1,51,1051,962,123456,False,False,20261005T104005Z_7611453d,62.6065,512,164,65.3556,2.5451,123712,143,85,577,68,27,675,366924,6260
S1,1,51,1051,963,123584,False,False,20261005T104005Z_7611453d,62.3971,512,164,63.938,1.4157,123840,139,78,585,68,27,683,366924,6260
S1,1,51,1051,964,123712,False,False,20261005T104005Z_7611453d,62.3737,512,164,64.8978,2.3189,123968,140,78,585,68,28,684,366924,6260
S1,1,51,1051,965,123840,False,False,20261005T104005Z_7611453d,62.6911,512,164,65.3834,2.5,124096,140,78,577,68,28,675,366924,6260
S1,1,51,1051,966,123968,False,False,20261005T104005Z_7611453d,61.9163,512,164,62.8663,0.8499,124224,138,78,585,68,28,683,366924,6260
S1,1,51,1051,967,124096,False,False,20261005T104005Z_7611453d,63.5248,512,164,64.856,1.208,124352,141,78,585,68,27,683,366924,6260
S1,1,51,1051,968,124224,False,False,20261005T104005Z_7611453d,62.4028,512,164,63.9994,1.4457,124480,142,77,585,69,27,683,366924,6260
S1,1,51,1051,969,124352,False,False,20261005T104005Z_7611453d,62.195,512,164,63.6824,1.298,124608,142,77,577,68,27,675,366924,6260
S1,1,51,1051,970,124480,False,False,20261005T104005Z_7611453d,62.292,512,164,64.0439,1.5988,124736,141,78,577,68,28,675,366924,6260
S1,1,51,1051,971,124608,False,False,20261005T104005Z_7611453d,61.8944,512,164,62.8338,0.8382,124864,143,78,577,68,28,675,366924,6260
S1,1,51,1051,972,124736,False,False,20261005T104005Z_7611453d,62.03,512,164,63.9311,1.7313,124992,140,77,577,68,35,683,366924,6260
S1,1,51,1051,973,124864,False,False,20261005T104005Z_7611453d,62.8407,512,164,64.8346,1.8074,125120,141,78,585,68,27,683,366924,6260
S1,1,51,1051,974,124992,False,False,20261005T104005Z_7611453d,62.1983,512,164,63.2323,0.9332,125248,150,78,584,68,27,682,366924,6260
S1,1,51,1051,975,125120,False,False,20261005T104005Z_7611453d,62.0153,512,164,63.1823,1.0673,125376,141,78,584,69,27,683,366924,6260
S1,1,51,1051,976,125248,False,False,20261005T104005Z_7611453d,62.0884,512,164,64.3715,2.1043,125504,143,78,577,69,28,676,366924,6260
S1,1,51,1051,977,125376,False,False,20261005T104005Z_7611453d,62.8783,512,164,65.5245,2.4102,125632,140,77,585,69,27,683,366924,6260
S1,1,51,1051,978,125504,False,False,20261005T104005Z_7611453d,62.4171,512,164,64.648,2.0421,125760,142,78,585,68,27,683,366924,6260
S1,1,51,1051,979,125632,False,False,20261005T104005Z_7611453d,62.6649,512,164,64.9048,2.0103,125888,141,78,584,69,28,683,366924,6260
S1,1,51,1051,980,125760,False,False,20261005T104005Z_7611453d,62.578,512,164,65.2987,2.3886,126016,141,78,584,69,28,683,366924,6260
S1,1,51,1051,981,125888,False,False,20261005T104005Z_7611453d,62.2536,512,164,64.1603,1.7572,126144,140,78,585,68,27,683,366924,6260
S1,1,51,1051,982,126016,False,False,20261005T104005Z_7611453d,62.2829,512,164,64.2712,1.8162,126272,146,77,577,68,28,675,366924,6260
S1,1,51,1051,983,126144,False,False,20261005T104005Z_7611453d,63.0497,512,164,65.2287,1.9748,126400,141,78,584,68,28,683,366924,6260
S1,1,51,1051,984,126272,False,False,20261005T104005Z_7611453d,62.5386,512,164,64.3259,1.5926,126528,142,77,577,76,28,683,366924,6260
S1,1,51,1051,985,126400,False,False,20261005T104005Z_7611453d,62.287,512,164,64.2567,1.8004,126656,139,78,584,69,27,683,366924,6260
S1,1,51,1051,986,126528,False,False,20261005T104005Z_7611453d,62.528,512,164,64.5254,1.8267,126784,140,78,584,68,28,682,366924,6260
S1,1,51,1051,987,126656,False,False,20261005T104005Z_7611453d,62.1435,512,164,63.6906,1.4047,126912,150,77,585,69,27,683,366924,6260
S1,1,51,1051,988,126784,False,False,20261005T104005Z_7611453d,62.0002,512,164,63.1569,1.043,127040,139,78,577,75,28,683,366924,6260
S1,1,51,1051,989,126912,False,False,20261005T104005Z_7611453d,62.044,512,164,63.1944,1.0334,127168,139,78,585,68,27,683,366924,6260
S1,1,51,1051,990,127040,False,False,20261005T104005Z_7611453d,62.5344,512,164,64.2678,1.5367,127296,140,77,577,68,27,675,366924,6260
S1,1,51,1051,991,127168,False,False,20261005T104005Z_7611453d,62.7401,512,164,65.2464,2.28,127424,143,78,584,68,28,683,366924,6260
S1,1,51,1051,992,127296,False,False,20261005T104005Z_7611453d,62.2032,512,164,64.2095,1.7903,127552,141,77,577,68,28,675,366924,6260
S1,1,51,1051,993,127424,False,False,20261005T104005Z_7611453d,62.5321,512,164,64.9103,2.18,127680,142,78,584,69,27,683,366924,6260
S1,1,51,1051,994,127552,False,False,20261005T104005Z_7611453d,62.242,512,164,64.2468,1.8377,127808,148,85,577,68,27,675,366924,6260
S1,1,51,1051,995,127680,False,False,20261005T104005Z_7611453d,62.8885,512,164,65.4374,2.3209,127936,143,78,585,68,28,683,366924,6260
S1,1,51,1051,996,127808,False,False,20261005T104005Z_7611453d,63.2258,512,164,65.1992,1.7913,128064,140,78,584,69,28,683,366924,6260
S1,1,51,1051,997,127936,False,False,20261005T104005Z_7611453d,61.8646,512,164,63.8208,1.7935,128192,139,78,577,69,28,676,366924,6260
S1,1,51,1051,998,128064,False,False,20261005T104005Z_7611453d,62.6775,512,164,65.0952,2.2203,128320,140,78,577,68,28,675,366924,6260
S1,1,51,1051,999,128192,False,False,20261005T104005Z_7611453d,62.7184,512,164,65.0309,2.0943,128448,139,77,585,68,27,683,366924,6260
S1,1,51,1051,1000,128320,False,False,20261005T104005Z_7611453d,62.7243,512,164,64.7042,1.785,128576,139,78,585,68,28,683,366924,6260
S1,1,51,1051,1001,128448,False,False,20261005T104005Z_7611453d,62.9127,512,164,65.1003,1.859,128704,147,77,585,69,28,683,366924,6260
S1,1,51,1051,1002,128576,False,False,20261005T104005Z_7611453d,62.426,512,164,64.4312,1.8189,128832,141,78,577,68,27,675,366924,6260
S1,1,51,1051,1003,128704,False,False,20261005T104005Z_7611453d,62.176,512,164,64.0076,1.6862,128960,142,78,584,69,27,683,366924,6260
S1,1,51,1051,1004,128832,False,False,20261005T104005Z_7611453d,62.1933,512,164,63.9716,1.6216,129088,140,78,577,69,28,675,366924,6260
S1,1,51,1051,1005,128960,False,False,20261005T104005Z_7611453d,62.8629,512,164,65.3975,2.3255,129216,141,78,577,75,28,683,366924,6260
S1,1,51,1051,1006,129088,False,False,20261005T104005Z_7611453d,62.3892,512,164,64.6051,2.0302,129344,143,78,577,68,28,676,366924,6260
S1,1,51,1051,1007,129216,False,False,20261005T104005Z_7611453d,62.6284,512,164,64.9225,2.0958,129472,141,78,578,68,28,676,366924,6260
S1,1,51,1051,1008,129344,False,False,20261005T104005Z_7611453d,62.2023,512,164,64.1734,1.7786,129600,144,77,577,76,28,683,366924,6260
S1,1,51,1051,1009,129472,False,False,20261005T104005Z_7611453d,62.2221,512,164,64.2581,1.8541,129728,148,78,585,68,28,683,366924,6260
S1,1,51,1051,1010,129600,False,False,20261005T104005Z_7611453d,62.5359,512,164,64.9877,2.0792,129856,148,78,584,68,28,682,366924,6260
S1,1,51,1051,1011,129728,False,False,20261005T104005Z_7611453d,62.3643,512,164,64.0746,1.5486,129984,149,77,585,68,27,683,366924,6260
S1,1,51,1051,1012,129856,False,False,20261005T104005Z_7611453d,62.4059,512,164,64.5132,1.93,130112,144,85,577,68,28,675,366924,6260
S1,1,51,1051,1013,129984,False,False,20261005T104005Z_7611453d,61.978,512,164,63.6284,1.5163,130240,141,78,584,69,28,683,366924,6260
S1,1,51,1051,1014,130112,False,False,20261005T104005Z_7611453d,63.0031,512,164,65.4813,2.2481,130368,139,77,585,68,27,683,366924,6260
S1,1,51,1051,1015,130240,False,False,20261005T104005Z_7611453d,62.7406,512,164,65.6605,2.6964,130496,141,78,585,68,28,683,366924,6260
S1,1,51,1051,1016,130368,False,False,20261005T104005Z_7611453d,63.0146,512,164,65.3732,2.1492,130624,140,78,577,76,28,683,366924,6260
S1,1,51,1051,1017,130496,False,False,20261005T104005Z_7611453d,62.5145,512,164,64.332,1.6146,130752,140,77,577,68,28,676,366924,6260
S1,1,51,1051,1018,130624,False,False,20261005T104005Z_7611453d,62.3279,512,164,64.3635,1.8605,130880,147,78,585,68,27,683,366924,6260
S1,1,51,1051,1019,130752,False,False,20261005T104005Z_7611453d,61.9224,512,164,63.1585,1.1081,131008,143,78,577,76,27,683,366924,6260
S1,1,51,1051,1020,130880,False,False,20261005T104005Z_7611453d,62.5692,512,164,64.6659,1.8892,131136,144,77,585,68,27,683,366924,6260
S1,1,51,1051,1021,131008,False,False,20261005T104005Z_7611453d,61.9688,512,164,63.0289,0.9481,131264,143,78,584,68,28,683,366924,6260
S1,1,51,1051,1022,131136,False,False,20261005T104005Z_7611453d,62.1713,512,164,63.6925,1.3759,131392,140,77,577,68,28,675,366924,6260
S1,1,51,1051,1023,131264,False,False,20261005T104005Z_7611453d,62.5398,512,164,64.7733,2.0355,131520,141,78,577,68,27,675,366924,6260
S1,1,51,1051,1024,131392,False,False,20261005T104005Z_7611453d,63.2057,512,164,65.3941,1.9742,131648,141,85,577,68,28,676,366924,6260
S1,1,51,1051,1025,131520,False,False,20261005T104005Z_7611453d,62.4111,512,164,64.8399,2.2107,131776,141,78,584,68,28,683,366924,6260
S1,1,51,1051,1026,131648,False,False,20261005T104005Z_7611453d,62.3569,512,164,64.0371,1.5417,131904,141,78,584,69,27,683,366924,6260
S1,1,51,1051,1027,131776,False,False,20261005T104005Z_7611453d,62.3531,512,164,64.2539,1.733,132032,141,78,577,69,27,675,366924,6260
S1,1,51,1051,1028,131904,False,False,20261005T104005Z_7611453d,62.1547,512,164,64.3986,2.0623,132160,146,77,585,68,28,683,366924,6260
S1,1,51,1051,1029,132032,False,False,20261005T104005Z_7611453d,62.7735,512,164,64.6526,1.6968,132288,140,77,577,76,27,683,366924,6260
S1,1,51,1051,1030,132160,False,False,20261005T104005Z_7611453d,62.0966,512,164,63.793,1.531,132416,143,78,577,68,28,676,366924,6260
S1,1,51,1051,1031,132288,False,False,20261005T104005Z_7611453d,64.375,512,164,66.233,1.6609,132544,144,77,577,76,28,683,366924,6260
S1,1,77,1077,0,320,False,True,20261005T104005Z_7611453d,222.1782,2304,216,224.2213,1.8619,576,631,78,882,108,41,1033,366924,6260
S1,1,77,1077,1,448,False,True,20261005T104005Z_7611453d,67.4572,512,216,69.6837,2.01,704,142,78,878,103,40,1023,366924,6260
S1,1,77,1077,2,576,False,True,20261005T104005Z_7611453d,67.4827,512,216,70.0333,2.3241,832,139,77,878,101,40,1021,366924,6260
S1,1,77,1077,3,704,False,True,20261005T104005Z_7611453d,67.7372,512,216,70.1188,2.1334,960,141,78,878,100,40,1021,366924,6260
S1,1,77,1077,4,832,False,True,20261005T104005Z_7611453d,67.3295,512,216,69.2647,1.7437,1088,140,78,878,101,40,1021,366924,6260
S1,1,77,1077,5,960,False,True,20261005T104005Z_7611453d,66.7817,512,216,67.9324,1.0429,1216,144,78,871,108,40,1022,366924,6260
S1,1,77,1077,6,1088,False,True,20261005T104005Z_7611453d,67.4039,512,216,69.7119,2.1036,1344,140,78,878,100,40,1021,366924,6260
S1,1,77,1077,7,1216,False,True,20261005T104005Z_7611453d,67.1793,512,216,69.2979,1.9235,1472,140,77,878,101,40,1021,366924,6260
S1,1,77,1077,8,1344,False,True,20261005T104005Z_7611453d,67.1655,512,216,68.5164,1.223,1600,141,77,879,101,40,1022,366924,6260
S1,1,77,1077,9,1472,False,True,20261005T104005Z_7611453d,66.8169,512,216,68.7273,1.7526,1728,148,78,879,101,40,1022,366924,6260
S1,1,77,1077,10,1600,False,True,20261005T104005Z_7611453d,67.3301,512,216,69.2349,1.7289,1856,146,78,878,100,40,1021,366924,6260
S1,1,77,1077,11,1728,False,True,20261005T104005Z_7611453d,67.4468,512,216,69.8167,2.1711,1984,145,78,878,101,40,1021,366924,6260
S1,1,77,1077,12,1856,False,True,20261005T104005Z_7611453d,67.4313,512,216,69.7242,2.0815,2112,141,77,878,101,40,1021,366924,6260
S1,1,77,1077,13,1984,False,True,20261005T104005Z_7611453d,66.9413,512,216,68.3758,1.2956,2240,140,78,878,101,40,1021,366924,6260
S1,1,77,1077,14,2112,False,True,20261005T104005Z_7611453d,67.3135,512,216,69.2591,1.753,2368,140,78,878,101,40,1021,366924,6260
S1,1,77,1077,15,2240,False,True,20261005T104005Z_7611453d,67.4528,512,216,69.9779,2.2999,2496,149,78,878,101,39,1021,366924,6260
S1,1,77,1077,16,2368,False,True,20261005T104005Z_7611453d,66.7902,512,216,68.4749,1.5712,2624,143,78,878,100,40,1021,366924,6260
S1,1,77,1077,17,2496,False,True,20261005T104005Z_7611453d,67.1521,512,216,68.8602,1.5497,2752,141,78,878,100,41,1021,366924,6260
S1,1,77,1077,18,2624,False,True,20261005T104005Z_7611453d,67.2116,512,216,68.9381,1.5642,2880,148,78,878,101,40,1021,366924,6260
S1,1,77,1077,19,2752,False,True,20261005T104005Z_7611453d,67.4506,512,216,69.7147,2.0567,3008,150,78,879,100,39,1021,366924,6260
S1,1,77,1077,20,2880,False,True,20261005T104005Z_7611453d,67.1988,512,216,69.0985,1.7369,3136,147,78,878,101,40,1021,366924,6260
S1,1,77,1077,21,3008,False,True,20261005T104005Z_7611453d,66.8522,512,216,68.8795,1.9257,3264,146,78,878,100,40,1021,366924,6260
S1,1,77,1077,22,3136,False,True,20261005T104005Z_7611453d,66.8036,512,216,68.6753,1.7352,3392,150,77,878,101,39,1021,366924,6260
S1,1,77,1077,23,3264,False,True,20261005T104005Z_7611453d,67.3189,512,216,69.3225,1.8342,3520,140,78,879,100,40,1022,366924,6260
S1,1,77,1077,24,3392,False,True,20261005T104005Z_7611453d,67.1173,512,216,69.0278,1.7541,3648,141,85,870,109,40,1021,366924,6260
S1,1,77,1077,25,3520,False,True,20261005T104005Z_7611453d,67.2851,512,216,69.2876,1.8275,3776,139,77,879,101,39,1021,366924,6260
S1,1,77,1077,26,3648,False,True,20261005T104005Z_7611453d,67.3737,512,216,69.508,1.9249,3904,142,85,870,108,40,1020,366924,6260
S1,1,77,1077,27,3776,False,True,20261005T104005Z_7611453d,67.0485,512,216,68.4033,1.2177,4032,151,78,879,101,40,1022,366924,6260
S1,1,77,1077,28,3904,False,True,20261005T104005Z_7611453d,66.7391,512,216,67.7908,0.9356,4160,140,78,879,101,40,1022,366924,6260
S1,1,77,1077,29,4032,False,True,20261005T104005Z_7611453d,66.9245,512,216,68.0458,1.004,4288,141,77,878,101,39,1021,366924,6260
S1,1,77,1077,30,4160,False,True,20261005T104005Z_7611453d,67.0883,512,216,69.387,2.0683,4416,140,78,878,101,40,1022,366924,6260
S1,1,77,1077,31,4288,False,True,20261005T104005Z_7611453d,67.8612,512,216,70.3021,2.2141,4544,141,78,878,101,39,1021,366924,6260
S1,1,77,1077,32,4416,False,False,20261005T104005Z_7611453d,66.993,512,216,68.7989,1.659,4672,141,85,871,100,47,1021,366924,6260
S1,1,77,1077,33,4544,False,False,20261005T104005Z_7611453d,67.272,512,216,69.3849,1.9355,4800,142,85,870,109,40,1021,366924,6260
S1,1,77,1077,34,4672,False,False,20261005T104005Z_7611453d,67.1183,512,216,69.0658,1.7744,4928,140,78,878,101,39,1021,366924,6260
S1,1,77,1077,35,4800,False,False,20261005T104005Z_7611453d,67.6357,512,216,70.1692,2.3049,5056,141,78,879,101,40,1022,366924,6260
S1,1,77,1077,36,4928,False,False,20261005T104005Z_7611453d,67.1184,512,216,68.7687,1.506,5184,140,77,879,101,39,1021,366924,6260
S1,1,77,1077,37,5056,False,False,20261005T104005Z_7611453d,66.7853,512,216,67.8056,0.9159,5312,143,78,878,100,40,1021,366924,6260
S1,1,77,1077,38,5184,False,False,20261005T104005Z_7611453d,67.3584,512,216,68.4182,0.9417,5440,142,78,878,100,40,1021,366924,6260
S1,1,77,1077,39,5312,False,False,20261005T104005Z_7611453d,67.6817,512,216,70.4174,2.2443,5568,139,77,878,101,40,1021,366924,6260
S1,1,77,1077,40,5440,False,False,20261005T104005Z_7611453d,67.166,512,216,69.5266,2.1818,5696,149,78,879,101,40,1022,366924,6260
S1,1,77,1077,41,5568,False,False,20261005T104005Z_7611453d,67.2402,512,216,68.6341,1.227,5824,141,85,871,108,40,1021,366924,6260
S1,1,77,1077,42,5696,False,False,20261005T104005Z_7611453d,66.9013,512,216,67.9291,0.9121,5952,148,78,878,100,40,1021,366924,6260
S1,1,77,1077,43,5824,False,False,20261005T104005Z_7611453d,67.2032,512,216,70.1242,2.5877,6080,142,77,878,101,40,1022,366924,6260
S1,1,77,1077,44,5952,False,False,20261005T104005Z_7611453d,67.5541,512,216,70.0854,2.3256,6208,142,78,879,101,40,1022,366924,6260
S1,1,77,1077,45,6080,False,False,20261005T104005Z_7611453d,66.8271,512,216,67.8831,0.9436,6336,149,78,878,101,40,1021,366924,6260
S1,1,77,1077,46,6208,False,False,20261005T104005Z_7611453d,67.4509,512,216,68.8312,1.1779,6464,149,77,878,101,40,1021,366924,6260
S1,1,77,1077,47,6336,False,False,20261005T104005Z_7611453d,67.2503,512,216,69.3368,1.912,6592,138,77,879,101,40,1022,366924,6260
S1,1,77,1077,48,6464,False,False,20261005T104005Z_7611453d,66.8128,512,216,68.1925,1.2448,6720,142,78,879,102,39,1022,366924,6260
S1,1,77,1077,49,6592,False,False,20261005T104005Z_7611453d,67.0546,512,216,68.632,1.3992,6848,145,77,878,101,39,1021,366924,6260
S1,1,77,1077,50,6720,False,False,20261005T104005Z_7611453d,67.2214,512,216,69.3589,1.9557,6976,140,78,879,100,40,1021,366924,6260
S1,1,77,1077,51,6848,False,False,20261005T104005Z_7611453d,67.4253,512,216,69.8857,2.2619,7104,139,78,878,101,39,1021,366924,6260
S1,1,77,1077,52,6976,False,False,20261005T104005Z_7611453d,67.1238,512,216,69.3725,2.079,7232,149,77,878,101,39,1021,366924,6260
S1,1,77,1077,53,7104,False,False,20261005T104005Z_7611453d,67.3583,512,216,69.6947,2.1443,7360,141,77,878,101,39,1021,366924,6260
S1,1,77,1077,54,7232,False,False,20261005T104005Z_7611453d,67.6106,512,216,68.9234,1.1007,7488,139,77,878,101,40,1021,366924,6260
S1,1,77,1077,55,7360,False,False,20261005T104005Z_7611453d,66.9783,512,216,68.2174,1.1331,7616,139,78,878,100,40,1021,366924,6260
S1,1,77,1077,56,7488,False,False,20261005T104005Z_7611453d,67.2094,512,216,69.3813,1.9922,7744,149,77,878,101,39,1021,366924,6260
S1,1,77,1077,57,7616,False,False,20261005T104005Z_7611453d,67.1399,512,216,68.3089,1.0108,7872,143,78,878,101,40,1021,366924,6260
S1,1,77,1077,58,7744,False,False,20261005T104005Z_7611453d,67.2849,512,216,69.317,1.8051,8000,143,85,870,101,47,1021,366924,6260
S1,1,77,1077,59,7872,False,False,20261005T104005Z_7611453d,67.6689,512,216,70.3115,2.41,8128,141,78,879,102,40,1022,366924,6260
S1,1,77,1077,60,8000,False,False,20261005T104005Z_7611453d,67.2321,512,216,70.2162,2.7368,8256,150,77,878,101,39,1021,366924,6260
S1,1,77,1077,61,8128,False,False,20261005T104005Z_7611453d,67.5016,512,216,68.6258,0.9452,8384,142,77,878,101,40,1021,366924,6260
S1,1,77,1077,62,8256,False,False,20261005T104005Z_7611453d,67.0131,512,216,68.7944,1.5712,8512,141,78,878,100,40,1020,366924,6260
S1,1,77,1077,63,8384,False,False,20261005T104005Z_7611453d,67.3232,512,216,70.0622,2.5183,8640,143,77,878,101,39,1021,366924,6260
S1,1,77,1077,64,8512,False,False,20261005T104005Z_7611453d,68.2324,512,216,71.5117,3.0513,8768,148,77,878,101,40,1021,366924,6260
S1,1,77,1077,65,8640,False,False,20261005T104005Z_7611453d,67.3961,512,216,68.9503,1.3928,8896,143,78,878,100,40,1020,366924,6260
S1,1,77,1077,66,8768,False,False,20261005T104005Z_7611453d,67.2798,512,216,68.2429,0.8678,9024,142,78,879,101,40,1022,366924,6260
S1,1,77,1077,67,8896,False,False,20261005T104005Z_7611453d,67.0557,512,216,68.0791,0.9283,9152,141,78,878,101,40,1021,366924,6260
S1,1,77,1077,68,9024,False,False,20261005T104005Z_7611453d,67.3026,512,216,69.6126,1.9668,9280,138,78,878,100,40,1021,366924,6260
S1,1,77,1077,69,9152,False,False,20261005T104005Z_7611453d,67.4502,512,216,69.3995,1.7643,9408,143,78,878,100,40,1021,366924,6260
S1,1,77,1077,70,9280,False,False,20261005T104005Z_7611453d,67.1879,512,216,68.2379,0.9356,9536,150,77,879,101,47,1029,366924,6260
S1,1,77,1077,71,9408,False,False,20261005T104005Z_7611453d,67.2974,512,216,69.171,1.6755,9664,143,77,878,101,39,1021,366924,6260
S1,1,77,1077,72,9536,False,False,20261005T104005Z_7611453d,67.3324,512,216,69.2397,1.7106,9792,140,77,878,101,40,1021,366924,6260
S1,1,77,1077,73,9664,False,False,20261005T104005Z_7611453d,67.3863,512,216,70.0393,2.3852,9920,141,78,870,109,40,1021,366924,6260
S1,1,77,1077,74,9792,False,False,20261005T104005Z_7611453d,67.4197,512,216,69.2129,1.5973,10048,142,78,878,101,39,1021,366924,6260
S1,1,77,1077,75,9920,False,False,20261005T104005Z_7611453d,67.2558,512,216,68.2822,0.9114,10176,141,78,879,100,40,1022,366924,6260
S1,1,77,1077,76,10048,False,False,20261005T104005Z_7611453d,67.1602,512,216,69.4963,2.1611,10304,141,78,878,101,39,1021,366924,6260
S1,1,77,1077,77,10176,False,False,20261005T104005Z_7611453d,68.1037,512,216,70.5895,2.2858,10432,139,77,879,101,40,1021,366924,6260
S1,1,77,1077,78,10304,False,False,20261005T104005Z_7611453d,67.2219,512,216,69.5326,2.1144,10560,142,78,879,101,40,1022,366924,6260
S1,1,77,1077,79,10432,False,False,20261005T104005Z_7611453d,67.4109,512,216,69.7867,2.177,10688,147,78,879,101,40,1022,366924,6260
S1,1,77,1077,80,10560,False,False,20261005T104005Z_7611453d,66.9407,512,216,67.9035,0.8657,10816,143,77,878,101,39,1021,366924,6260
S1,1,77,1077,81,10688,False,False,20261005T104005Z_7611453d,67.5439,512,216,69.9823,2.2208,10944,139,77,879,101,39,1021,366924,6260
S1,1,77,1077,82,10816,False,False,20261005T104005Z_7611453d,67.1869,512,216,69.4907,2.1122,11072,140,78,879,101,39,1021,366924,6260
S1,1,77,1077,83,10944,False,False,20261005T104005Z_7611453d,67.1178,512,216,69.0214,1.7294,11200,144,78,879,102,40,1022,366924,6260
S1,1,77,1077,84,11072,False,False,20261005T104005Z_7611453d,67.0529,512,216,69.0397,1.7026,11328,141,78,879,100,40,1022,366924,6260
S1,1,77,1077,85,11200,False,False,20261005T104005Z_7611453d,67.0291,512,216,68.7519,1.577,11456,139,78,879,101,40,1021,366924,6260
S1,1,77,1077,86,11328,False,False,20261005T104005Z_7611453d,67.5529,512,216,70.0964,2.3059,11584,141,78,878,100,40,1021,366924,6260
S1,1,77,1077,87,11456,False,False,20261005T104005Z_7611453d,67.2527,512,216,69.4567,2.0195,11712,141,77,878,101,39,1021,366924,6260
S1,1,77,1077,88,11584,False,False,20261005T104005Z_7611453d,67.2141,512,216,69.4042,2.0172,11840,139,77,878,101,39,1021,366924,6260
S1,1,77,1077,89,11712,False,False,20261005T104005Z_7611453d,67.5848,512,216,70.0094,2.209,11968,147,77,878,101,40,1021,366924,6260
S1,1,77,1077,90,11840,False,False,20261005T104005Z_7611453d,67.5056,512,216,69.5181,1.8156,12096,144,78,879,102,40,1022,366924,6260
S1,1,77,1077,91,11968,False,False,20261005T104005Z_7611453d,67.5525,512,216,70.4446,2.6698,12224,140,78,879,101,40,1022,366924,6260
S1,1,77,1077,92,12096,False,False,20261005T104005Z_7611453d,67.2513,512,216,69.1228,1.7042,12352,148,78,878,100,40,1021,366924,6260
S1,1,77,1077,93,12224,False,False,20261005T104005Z_7611453d,67.5398,512,216,69.9422,2.2185,12480,141,77,878,101,40,1022,366924,6260
S1,1,77,1077,94,12352,False,False,20261005T104005Z_7611453d,67.1278,512,216,68.583,1.2647,12608,143,77,878,101,40,1021,366924,6260
S1,1,77,1077,95,12480,False,False,20261005T104005Z_7611453d,67.0332,512,216,69.3879,2.1885,12736,141,78,879,101,40,1022,366924,6260
S1,1,77,1077,96,12608,False,False,20261005T104005Z_7611453d,67.9241,512,216,70.7849,2.6102,12864,141,78,878,101,39,1021,366924,6260
S1,1,77,1077,97,12736,False,False,20261005T104005Z_7611453d,67.3485,512,216,69.6116,1.9691,12992,142,78,878,100,40,1021,366924,6260
S1,1,77,1077,98,12864,False,False,20261005T104005Z_7611453d,67.1777,512,216,69.1675,1.8115,13120,139,77,878,101,39,1021,366924,6260
S1,1,77,1077,99,12992,False,False,20261005T104005Z_7611453d,66.7981,512,216,67.8712,0.9622,13248,141,78,878,100,40,1021,366924,6260
S1,1,77,1077,100,13120,False,False,20261005T104005Z_7611453d,67.9331,512,216,69.9573,1.8474,13376,141,77,878,101,40,1021,366924,6260
S1,1,77,1077,101,13248,False,False,20261005T104005Z_7611453d,67.2905,512,216,69.3407,1.8915,13504,152,77,871,108,40,1021,366924,6260
S1,1,77,1077,102,13376,False,False,20261005T104005Z_7611453d,67.5183,512,216,69.5789,1.8711,13632,140,77,878,101,39,1021,366924,6260
S1,1,77,1077,103,13504,False,False,20261005T104005Z_7611453d,67.0888,512,216,69.1869,1.9369,13760,139,78,878,101,39,1021,366924,6260
S1,1,77,1077,104,13632,False,False,20261005T104005Z_7611453d,67.3754,512,216,69.6025,2.0262,13888,142,85,870,101,47,1021,366924,6260
S1,1,77,1077,105,13760,False,False,20261005T104005Z_7611453d,66.949,512,216,68.3859,1.2914,14016,140,78,878,100,40,1021,366924,6260
S1,1,77,1077,106,13888,False,False,20261005T104005Z_7611453d,67.6748,512,216,70.3999,2.4428,14144,138,78,878,100,40,1021,366924,6260
S1,1,77,1077,107,14016,False,False,20261005T104005Z_7611453d,67.6246,512,216,69.8061,1.9852,14272,140,78,879,100,40,1022,366924,6260
S1,1,77,1077,108,14144,False,False,20261005T104005Z_7611453d,67.1135,512,216,69.0287,1.7443,14400,142,77,878,101,40,1021,366924,6260
S1,1,77,1077,109,14272,False,False,20261005T104005Z_7611453d,66.9541,512,216,68.2479,1.1779,14528,151,77,878,101,39,1021,366924,6260
S1,1,77,1077,110,14400,False,False,20261005T104005Z_7611453d,67.0334,512,216,68.8889,1.6774,14656,143,77,878,101,40,1021,366924,6260
S1,1,77,1077,111,14528,False,False,20261005T104005Z_7611453d,66.6059,512,216,67.7805,1.0618,14784,142,78,878,101,40,1021,366924,6260
S1,1,77,1077,112,14656,False,False,20261005T104005Z_7611453d,67.6958,512,216,69.8655,1.9729,14912,142,77,878,101,39,1021,366924,6260
S1,1,77,1077,113,14784,False,False,20261005T104005Z_7611453d,67.1606,512,216,68.2656,0.9852,15040,142,78,878,101,40,1021,366924,6260
S1,1,77,1077,114,14912,False,False,20261005T104005Z_7611453d,67.2665,512,216,68.6152,1.1218,15168,147,78,878,101,40,1021,366924,6260
S1,1,77,1077,115,15040,False,False,20261005T104005Z_7611453d,67.2396,512,216,69.4185,1.9942,15296,143,77,878,101,40,1021,366924,6260
S1,1,77,1077,116,15168,False,False,20261005T104005Z_7611453d,67.2735,512,216,68.879,1.3436,15424,141,78,878,100,40,1021,366924,6260
S1,1,77,1077,117,15296,False,False,20261005T104005Z_7611453d,67.0812,512,216,68.9822,1.7428,15552,141,78,879,101,40,1022,366924,6260
S1,1,77,1077,118,15424,False,False,20261005T104005Z_7611453d,67.5177,512,216,69.9197,2.1988,15680,140,78,878,100,40,1021,366924,6260
S1,1,77,1077,119,15552,False,False,20261005T104005Z_7611453d,67.3447,512,216,68.7231,1.1419,15808,139,78,878,101,47,1029,366924,6260
S1,1,77,1077,120,15680,False,False,20261005T104005Z_7611453d,67.312,512,216,70.1199,2.5464,15936,142,78,879,101,40,1022,366924,6260
S1,1,77,1077,121,15808,False,False,20261005T104005Z_7611453d,67.8849,512,216,70.2721,1.9833,16064,136,78,878,101,40,1021,366924,6260
S1,1,77,1077,122,15936,False,False,20261005T104005Z_7611453d,67.7158,512,216,69.9866,2.0983,16192,141,78,878,101,40,1021,366924,6260
S1,1,77,1077,123,16064,False,False,20261005T104005Z_7611453d,67.1588,512,216,68.1199,0.8699,16320,140,77,878,101,40,1021,366924,6260
S1,1,77,1077,124,16192,False,False,20261005T104005Z_7611453d,67.7242,512,216,69.9451,2.0255,16448,142,78,878,101,41,1021,366924,6260
S1,1,77,1077,125,16320,False,False,20261005T104005Z_7611453d,67.1076,512,216,68.9828,1.7235,16576,140,78,879,100,40,1022,366924,6260
S1,1,77,1077,126,16448,False,False,20261005T104005Z_7611453d,67.2737,512,216,69.292,1.8378,16704,147,77,878,101,39,1021,366924,6260
S1,1,77,1077,127,16576,False,False,20261005T104005Z_7611453d,67.1293,512,216,69.0757,1.7896,16832,140,77,879,101,40,1021,366924,6260
S1,1,77,1077,128,16704,False,False,20261005T104005Z_7611453d,66.9948,512,216,68.6072,1.4615,16960,139,86,871,108,39,1021,366924,6260
S1,1,77,1077,129,16832,False,False,20261005T104005Z_7611453d,67.568,512,216,69.7215,1.9645,17088,139,78,878,101,40,1021,366924,6260
S1,1,77,1077,130,16960,False,False,20261005T104005Z_7611453d,67.0833,512,216,68.7194,1.4891,17216,140,78,879,101,39,1021,366924,6260
S1,1,77,1077,131,17088,False,False,20261005T104005Z_7611453d,67.9303,512,216,70.1749,2.0438,17344,140,77,878,101,39,1021,366924,6260
S1,1,77,1077,132,17216,False,False,20261005T104005Z_7611453d,67.1333,512,216,68.9799,1.5711,17472,141,77,878,101,39,1021,366924,6260
S1,1,77,1077,133,17344,False,False,20261005T104005Z_7611453d,67.3587,512,216,68.998,1.4803,17600,137,77,878,101,39,1021,366924,6260
S1,1,77,1077,134,17472,False,False,20261005T104005Z_7611453d,66.9988,512,216,68.9327,1.7671,17728,138,78,878,101,40,1021,366924,6260
S1,1,77,1077,135,17600,False,False,20261005T104005Z_7611453d,67.5576,512,216,69.9007,2.1468,17856,142,77,871,108,40,1021,366924,6260
S1,1,77,1077,136,17728,False,False,20261005T104005Z_7611453d,67.4877,512,216,69.6233,1.9289,17984,140,77,878,101,40,1021,366924,6260
S1,1,77,1077,137,17856,False,False,20261005T104005Z_7611453d,67.5778,512,216,69.9081,2.14,18112,142,77,878,101,40,1021,366924,6260
S1,1,77,1077,138,17984,False,False,20261005T104005Z_7611453d,66.7334,512,216,67.9671,1.1168,18240,140,78,879,101,40,1021,366924,6260
S1,1,77,1077,139,18112,False,False,20261005T104005Z_7611453d,67.103,512,216,68.8403,1.5789,18368,140,78,878,101,40,1021,366924,6260
S1,1,77,1077,140,18240,False,False,20261005T104005Z_7611453d,66.6974,512,216,67.8948,1.1062,18496,142,77,878,101,39,1021,366924,6260
S1,1,77,1077,141,18368,False,False,20261005T104005Z_7611453d,67.1131,512,216,68.046,0.8376,18624,141,78,879,101,40,1022,366924,6260
S1,1,77,1077,142,18496,False,False,20261005T104005Z_7611453d,66.8609,512,216,67.9971,1.0438,18752,151,85,871,108,40,1021,366924,6260
S1,1,77,1077,143,18624,False,False,20261005T104005Z_7611453d,67.2092,512,216,69.3729,2.0084,18880,147,78,878,100,40,1020,366924,6260
S1,1,77,1077,144,18752,False,False,20261005T104005Z_7611453d,67.3753,512,216,70.2184,2.6327,19008,142,78,879,100,40,1022,366924,6260
S1,1,77,1077,145,18880,False,False,20261005T104005Z_7611453d,68.1273,512,216,70.6807,2.3381,19136,141,77,878,101,40,1021,366924,6260
S1,1,77,1077,146,19008,False,False,20261005T104005Z_7611453d,68.0045,512,216,70.3896,2.1933,19264,145,78,878,101,39,1021,366924,6260
S1,1,77,1077,147,19136,False,False,20261005T104005Z_7611453d,67.3582,512,216,69.5558,1.9238,19392,145,78,879,100,40,1021,366924,6260
S1,1,77,1077,148,19264,False,False,20261005T104005Z_7611453d,67.3291,512,216,69.5418,2.0249,19520,140,78,878,100,40,1021,366924,6260
S1,1,77,1077,149,19392,False,False,20261005T104005Z_7611453d,66.9057,512,216,68.0988,1.0714,19648,139,77,878,101,47,1029,366924,6260
S1,1,77,1077,150,19520,False,False,20261005T104005Z_7611453d,67.2987,512,216,69.6142,2.1199,19776,140,78,879,101,40,1022,366924,6260
S1,1,77,1077,151,19648,False,False,20261005T104005Z_7611453d,67.3453,512,216,69.4419,1.9029,19904,142,77,878,101,40,1021,366924,6260
S1,1,77,1077,152,19776,False,False,20261005T104005Z_7611453d,66.7701,512,216,67.7094,0.8453,20032,140,78,878,100,40,1021,366924,6260
S1,1,77,1077,153,19904,False,False,20261005T104005Z_7611453d,67.4051,512,216,69.7037,2.0912,20160,138,78,878,101,40,1021,366924,6260
S1,1,77,1077,154,20032,False,False,20261005T104005Z_7611453d,66.8483,512,216,68.542,1.5688,20288,138,77,878,101,39,1021,366924,6260
S1,1,77,1077,155,20160,False,False,20261005T104005Z_7611453d,67.4903,512,216,69.9011,2.201,20416,142,78,879,101,40,1022,366924,6260
S1,1,77,1077,156,20288,False,False,20261005T104005Z_7611453d,67.3692,512,216,69.4964,1.9448,20544,141,77,878,101,39,1021,366924,6260
S1,1,77,1077,157,20416,False,False,20261005T104005Z_7611453d,66.7298,512,216,68.1175,1.2931,20672,142,77,878,100,40,1021,366924,6260
S1,1,77,1077,158,20544,False,False,20261005T104005Z_7611453d,67.7888,512,216,70.1656,2.1724,20800,147,78,878,100,40,1021,366924,6260
S1,1,77,1077,159,20672,False,False,20261005T104005Z_7611453d,67.163,512,216,68.7724,1.4611,20928,139,78,879,100,40,1022,366924,6260
S1,1,77,1077,160,20800,False,False,20261005T104005Z_7611453d,67.3188,512,216,69.2244,1.7453,21056,140,78,878,100,40,1021,366924,6260
S1,1,77,1077,161,20928,False,False,20261005T104005Z_7611453d,67.3744,512,216,69.0372,1.5098,21184,141,78,878,101,39,1021,366924,6260
S1,1,77,1077,162,21056,False,False,20261005T104005Z_7611453d,66.9757,512,216,68.6166,1.4809,21312,148,78,878,100,40,1021,366924,6260
S1,1,77,1077,163,21184,False,False,20261005T104005Z_7611453d,66.9881,512,216,68.3751,1.173,21440,140,77,878,101,39,1021,366924,6260
S1,1,77,1077,164,21312,False,False,20261005T104005Z_7611453d,67.3211,512,216,69.0443,1.5651,21568,141,78,879,100,40,1022,366924,6260
S1,1,77,1077,165,21440,False,False,20261005T104005Z_7611453d,67.5529,512,216,69.4896,1.7437,21696,139,78,878,101,40,1021,366924,6260
S1,1,77,1077,166,21568,False,False,20261005T104005Z_7611453d,67.2669,512,216,69.5112,2.0512,21824,141,77,879,101,39,1021,366924,6260
S1,1,77,1077,167,21696,False,False,20261005T104005Z_7611453d,67.0362,512,216,68.5305,1.3319,21952,143,78,878,100,40,1021,366924,6260
S1,1,77,1077,168,21824,False,False,20261005T104005Z_7611453d,67.948,512,216,70.1964,2.0499,22080,141,77,879,101,40,1022,366924,6260
S1,1,77,1077,169,21952,False,False,20261005T104005Z_7611453d,67.2796,512,216,68.9251,1.5033,22208,148,77,871,109,40,1021,366924,6260
S1,1,77,1077,170,22080,False,False,20261005T104005Z_7611453d,67.1179,512,216,68.7477,1.4824,22336,155,78,879,101,40,1021,366924,6260
S1,1,77,1077,171,22208,False,False,20261005T104005Z_7611453d,67.0931,512,216,68.8384,1.6166,22464,138,77,878,101,40,1021,366924,6260
S1,1,77,1077,172,22336,False,False,20261005T104005Z_7611453d,66.9793,512,216,68.1488,1.0662,22592,141,77,878,101,40,1021,366924,6260
S1,1,77,1077,173,22464,False,False,20261005T104005Z_7611453d,67.4552,512,216,70.0306,2.3671,22720,141,77,878,101,40,1022,366924,6260
S1,1,77,1077,174,22592,False,False,20261005T104005Z_7611453d,68.2032,512,216,70.5117,2.0171,22848,137,77,879,101,39,1021,366924,6260
S1,1,77,1077,175,22720,False,False,20261005T104005Z_7611453d,67.3612,512,216,69.7001,2.1129,22976,140,78,878,100,40,1021,366924,6260
S1,1,77,1077,176,22848,False,False,20261005T104005Z_7611453d,67.2381,512,216,69.5899,2.1561,23104,142,77,878,101,39,1021,366924,6260
S1,1,77,1077,177,22976,False,False,20261005T104005Z_7611453d,67.6454,512,216,70.1984,2.3149,23232,143,78,879,101,40,1022,366924,6260
S1,1,77,1077,178,23104,False,False,20261005T104005Z_7611453d,67.5976,512,216,70.2344,2.4431,23360,140,78,878,100,40,1021,366924,6260
S1,1,77,1077,179,23232,False,False,20261005T104005Z_7611453d,67.6056,512,216,69.8989,2.0876,23488,141,78,879,101,40,1022,366924,6260
S1,1,77,1077,180,23360,False,False,20261005T104005Z_7611453d,67.3894,512,216,70.3967,2.8012,23616,141,78,878,100,40,1021,366924,6260
S1,1,77,1077,181,23488,False,False,20261005T104005Z_7611453d,67.2531,512,216,68.9996,1.5871,23744,148,78,878,100,40,1021,366924,6260
S1,1,77,1077,182,23616,False,False,20261005T104005Z_7611453d,67.7642,512,216,69.8505,1.9079,23872,141,77,878,101,39,1021,366924,6260
S1,1,77,1077,183,23744,False,False,20261005T104005Z_7611453d,67.7019,512,216,70.2082,2.2929,24000,144,78,878,101,40,1022,366924,6260
S1,1,77,1077,184,23872,False,False,20261005T104005Z_7611453d,67.3253,512,216,69.5945,2.0728,24128,140,78,879,101,40,1022,366924,6260
S1,1,77,1077,185,24000,False,False,20261005T104005Z_7611453d,67.1294,512,216,68.924,1.623,24256,148,78,870,108,40,1021,366924,6260
S1,1,77,1077,186,24128,False,False,20261005T104005Z_7611453d,66.8106,512,216,67.8733,0.9014,24384,143,77,878,101,40,1021,366924,6260
S1,1,77,1077,187,24256,False,False,20261005T104005Z_7611453d,67.2336,512,216,69.1205,1.7034,24512,142,78,878,100,40,1021,366924,6260
S1,1,77,1077,188,24384,False,False,20261005T104005Z_7611453d,67.7073,512,216,70.146,2.2088,24640,141,78,878,100,40,1021,366924,6260
S1,1,77,1077,189,24512,False,False,20261005T104005Z_7611453d,67.5692,512,216,69.8588,2.0838,24768,141,78,879,100,40,1022,366924,6260
S1,1,77,1077,190,24640,False,False,20261005T104005Z_7611453d,67.5955,512,216,70.0544,2.2305,24896,141,77,878,101,40,1022,366924,6260
S1,1,77,1077,191,24768,False,False,20261005T104005Z_7611453d,67.305,512,216,69.586,2.0591,25024,138,78,878,100,40,1021,366924,6260
S1,1,77,1077,192,24896,False,False,20261005T104005Z_7611453d,67.6032,512,216,69.7736,1.9723,25152,141,77,879,101,40,1021,366924,6260
S1,1,77,1077,193,25024,False,False,20261005T104005Z_7611453d,67.481,512,216,70.2884,2.5999,25280,139,85,870,108,40,1021,366924,6260
S1,1,77,1077,194,25152,False,False,20261005T104005Z_7611453d,68.002,512,216,70.4857,2.2405,25408,142,77,878,101,39,1021,366924,6260
S1,1,77,1077,195,25280,False,False,20261005T104005Z_7611453d,67.4768,512,216,69.6962,2.0399,25536,139,78,879,101,40,1022,366924,6260
S1,1,77,1077,196,25408,False,False,20261005T104005Z_7611453d,66.9647,512,216,68.6355,1.5027,25664,140,78,878,101,40,1021,366924,6260
S1,1,77,1077,197,25536,False,False,20261005T104005Z_7611453d,68.0015,512,216,70.7969,2.5647,25792,141,77,878,101,40,1021,366924,6260
S1,1,77,1077,198,25664,False,False,20261005T104005Z_7611453d,66.9681,512,216,68.5424,1.4279,25920,153,77,878,101,40,1021,366924,6260
S1,1,77,1077,199,25792,False,False,20261005T104005Z_7611453d,67.583,512,216,69.9474,2.166,26048,150,77,878,101,40,1021,366924,6260
S1,1,77,1077,200,25920,False,False,20261005T104005Z_7611453d,66.7653,512,216,67.8955,1.0191,26176,147,77,878,100,40,1021,366924,6260
S1,1,77,1077,201,26048,False,False,20261005T104005Z_7611453d,66.7639,512,216,67.8262,0.964,26304,140,77,879,101,40,1022,366924,6260
S1,1,77,1077,202,26176,False,False,20261005T104005Z_7611453d,66.9456,512,216,68.4063,1.3161,26432,139,78,878,101,40,1021,366924,6260
S1,1,77,1077,203,26304,False,False,20261005T104005Z_7611453d,67.2309,512,216,68.9499,1.5495,26560,144,78,879,100,40,1022,366924,6260
S1,1,77,1077,204,26432,False,False,20261005T104005Z_7611453d,67.3553,512,216,70.0289,2.4546,26688,147,78,878,101,40,1021,366924,6260
S1,1,77,1077,205,26560,False,False,20261005T104005Z_7611453d,67.345,512,216,70.2233,2.4085,26816,141,77,878,101,39,1021,366924,6260
S1,1,77,1077,206,26688,False,False,20261005T104005Z_7611453d,66.9868,512,216,68.0931,0.9976,26944,140,78,878,100,40,1020,366924,6260
S1,1,77,1077,207,26816,False,False,20261005T104005Z_7611453d,67.8138,512,216,70.5259,2.4044,27072,141,77,878,101,40,1021,366924,6260
S1,1,77,1077,208,26944,False,False,20261005T104005Z_7611453d,67.803,512,216,70.1464,2.1178,27200,141,78,878,101,39,1021,366924,6260
S1,1,77,1077,209,27072,False,False,20261005T104005Z_7611453d,66.9992,512,216,68.4694,1.3195,27328,142,78,879,100,48,1029,366924,6260
S1,1,77,1077,210,27200,False,False,20261005T104005Z_7611453d,70.338,512,216,71.4992,1.0505,27456,149,78,878,101,40,1021,366924,6260
S1,1,77,1077,211,27328,False,False,20261005T104005Z_7611453d,67.2195,512,216,69.3109,1.9092,27584,141,78,878,100,40,1021,366924,6260
S1,1,77,1077,212,27456,False,False,20261005T104005Z_7611453d,67.5064,512,216,69.7936,2.056,27712,139,78,879,101,40,1021,366924,6260
S1,1,77,1077,213,27584,False,False,20261005T104005Z_7611453d,67.0753,512,216,68.7717,1.5372,27840,140,78,870,108,40,1021,366924,6260
S1,1,77,1077,214,27712,False,False,20261005T104005Z_7611453d,67.0007,512,216,68.4707,1.3217,27968,148,77,871,109,39,1021,366924,6260
S1,1,77,1077,215,27840,False,False,20261005T104005Z_7611453d,67.5933,512,216,70.0349,2.2275,28096,140,78,879,101,40,1021,366924,6260
S1,1,77,1077,216,27968,False,False,20261005T104005Z_7611453d,67.0721,512,216,68.4297,1.078,28224,150,77,878,101,40,1021,366924,6260
S1,1,77,1077,217,28096,False,False,20261005T104005Z_7611453d,67.2465,512,216,69.1539,1.7308,28352,138,77,878,101,40,1022,366924,6260
S1,1,77,1077,218,28224,False,False,20261005T104005Z_7611453d,67.432,512,216,69.6503,2.0108,28480,149,77,878,101,39,1021,366924,6260
S1,1,77,1077,219,28352,False,False,20261005T104005Z_7611453d,67.5457,512,216,70.0067,2.246,28608,137,77,879,101,40,1022,366924,6260
S1,1,77,1077,220,28480,False,False,20261005T104005Z_7611453d,67.3315,512,216,69.9966,2.4506,28736,144,77,878,101,40,1021,366924,6260
S1,1,77,1077,221,28608,False,False,20261005T104005Z_7611453d,67.589,512,216,70.0402,2.1841,28864,140,78,879,101,40,1021,366924,6260
S1,1,77,1077,222,28736,False,False,20261005T104005Z_7611453d,67.371,512,216,69.8396,2.1362,28992,142,77,878,101,39,1021,366924,6260
S1,1,77,1077,223,28864,False,False,20261005T104005Z_7611453d,67.6801,512,216,70.1753,2.2318,29120,140,77,879,101,40,1022,366924,6260
S1,1,77,1077,224,28992,False,False,20261005T104005Z_7611453d,67.263,512,216,68.5755,1.1219,29248,139,77,878,101,40,1021,366924,6260
S1,1,77,1077,225,29120,False,False,20261005T104005Z_7611453d,67.2893,512,216,68.4636,1.0558,29376,140,78,878,101,40,1021,366924,6260
S1,1,77,1077,226,29248,False,False,20261005T104005Z_7611453d,67.7723,512,216,69.782,1.7662,29504,139,77,878,101,40,1021,366924,6260
S1,1,77,1077,227,29376,False,False,20261005T104005Z_7611453d,68.1627,512,216,70.6198,2.2363,29632,140,78,878,100,40,1021,366924,6260
S1,1,77,1077,228,29504,False,False,20261005T104005Z_7611453d,66.7001,512,216,67.9888,1.1725,29760,141,77,878,101,39,1021,366924,6260
S1,1,77,1077,229,29632,False,False,20261005T104005Z_7611453d,67.4012,512,216,69.3619,1.7654,29888,141,78,878,101,40,1021,366924,6260
S1,1,77,1077,230,29760,False,False,20261005T104005Z_7611453d,67.5952,512,216,69.4409,1.6539,30016,142,78,878,100,40,1021,366924,6260
S1,1,77,1077,231,29888,False,False,20261005T104005Z_7611453d,67.3661,512,216,70.2903,2.6988,30144,139,78,878,100,40,1020,366924,6260
S1,1,77,1077,232,30016,False,False,20261005T104005Z_7611453d,66.9305,512,216,68.8341,1.7915,30272,144,78,879,101,40,1022,366924,6260
S1,1,77,1077,233,30144,False,False,20261005T104005Z_7611453d,67.2018,512,216,69.3745,1.9751,30400,141,78,879,101,40,1021,366924,6260
S1,1,77,1077,234,30272,False,False,20261005T104005Z_7611453d,66.8879,512,216,67.9275,0.9248,30528,139,78,878,100,40,1021,366924,6260
S1,1,77,1077,235,30400,False,False,20261005T104005Z_7611453d,67.0131,512,216,69.1035,1.8425,30656,138,77,879,101,40,1022,366924,6260
S1,1,77,1077,236,30528,False,False,20261005T104005Z_7611453d,67.6857,512,216,70.4889,2.5691,30784,142,78,878,100,40,1020,366924,6260
S1,1,77,1077,237,30656,False,False,20261005T104005Z_7611453d,67.3061,512,216,69.6195,2.119,30912,141,78,879,101,39,1022,366924,6260
S1,1,77,1077,238,30784,False,False,20261005T104005Z_7611453d,67.7282,512,216,70.1819,2.2313,31040,137,77,878,101,40,1022,366924,6260
S1,1,77,1077,239,30912,False,False,20261005T104005Z_7611453d,67.0703,512,216,68.9052,1.674,31168,140,85,870,108,40,1021,366924,6260
S1,1,77,1077,240,31040,False,False,20261005T104005Z_7611453d,67.3785,512,216,69.9017,2.2919,31296,141,78,878,100,40,1021,366924,6260
S1,1,77,1077,241,31168,False,False,20261005T104005Z_7611453d,67.39,512,216,70.617,3.0117,31424,140,78,878,101,39,1021,366924,6260
S1,1,77,1077,242,31296,False,False,20261005T104005Z_7611453d,67.4112,512,216,69.8364,2.2141,31552,139,78,879,102,40,1022,366924,6260
S1,1,77,1077,243,31424,False,False,20261005T104005Z_7611453d,66.7858,512,216,68.3928,1.4818,31680,139,77,878,101,39,1021,366924,6260
S1,1,77,1077,244,31552,False,False,20261005T104005Z_7611453d,67.0262,512,216,68.8,1.6201,31808,142,77,878,101,39,1021,366924,6260
S1,1,77,1077,245,31680,False,False,20261005T104005Z_7611453d,67.1804,512,216,69.7226,2.378,31936,143,78,879,101,39,1021,366924,6260
S1,1,77,1077,246,31808,False,False,20261005T104005Z_7611453d,67.5215,512,216,69.9452,2.235,32064,139,77,878,101,40,1021,366924,6260
S1,1,77,1077,247,31936,False,False,20261005T104005Z_7611453d,67.8568,512,216,70.0736,2.0165,32192,140,77,879,101,40,1021,366924,6260
S1,1,77,1077,248,32064,False,False,20261005T104005Z_7611453d,67.6483,512,216,69.9702,2.1218,32320,141,78,871,108,40,1021,366924,6260
S1,1,77,1077,249,32192,False,False,20261005T104005Z_7611453d,67.1315,512,216,69.0467,1.6518,32448,153,78,878,100,40,1020,366924,6260
S1,1,77,1077,250,32320,False,False,20261005T104005Z_7611453d,67.3801,512,216,69.1473,1.595,32576,148,77,878,100,40,1021,366924,6260
S1,1,77,1077,251,32448,False,False,20261005T104005Z_7611453d,66.8945,512,216,68.0779,1.0739,32704,143,77,878,101,39,1021,366924,6260
S1,1,77,1077,252,32576,False,False,20261005T104005Z_7611453d,67.5687,512,216,69.9435,2.164,32832,138,78,879,101,40,1021,366924,6260
S1,1,77,1077,253,32704,False,False,20261005T104005Z_7611453d,66.7741,512,216,67.9888,1.0914,32960,142,78,878,101,40,1021,366924,6260
S1,1,77,1077,254,32832,False,False,20261005T104005Z_7611453d,68.2006,512,216,70.5005,2.0986,33088,140,78,878,101,40,1021,366924,6260
S1,1,77,1077,255,32960,False,False,20261005T104005Z_7611453d,67.8429,512,216,70.7391,2.6784,33216,148,77,878,100,40,1021,366924,6260
S1,1,77,1077,256,33088,False,False,20261005T104005Z_7611453d,67.3909,512,216,69.81,2.1906,33344,137,77,878,101,39,1021,366924,6260
S1,1,77,1077,257,33216,False,False,20261005T104005Z_7611453d,66.7438,512,216,67.7075,0.8673,33472,141,78,870,108,40,1021,366924,6260
S1,1,77,1077,258,33344,False,False,20261005T104005Z_7611453d,67.4408,512,216,69.7615,2.1205,33600,142,77,878,101,40,1021,366924,6260
S1,1,77,1077,259,33472,False,False,20261005T104005Z_7611453d,67.3926,512,216,69.5869,1.9966,33728,140,85,871,108,40,1021,366924,6260
S1,1,77,1077,260,33600,False,False,20261005T104005Z_7611453d,67.2669,512,216,69.3126,1.8582,33856,137,77,878,101,39,1021,366924,6260
S1,1,77,1077,261,33728,False,False,20261005T104005Z_7611453d,67.8003,512,216,70.2865,2.2397,33984,141,78,878,100,40,1021,366924,6260
S1,1,77,1077,262,33856,False,False,20261005T104005Z_7611453d,67.4652,512,216,70.3712,2.6625,34112,139,78,878,100,40,1021,366924,6260
S1,1,77,1077,263,33984,False,False,20261005T104005Z_7611453d,66.9661,512,216,68.8092,1.7163,34240,143,86,871,108,39,1021,366924,6260
S1,1,77,1077,264,34112,False,False,20261005T104005Z_7611453d,67.1334,512,216,69.2155,1.8667,34368,137,77,878,101,39,1021,366924,6260
S1,1,77,1077,265,34240,False,False,20261005T104005Z_7611453d,67.3604,512,216,69.178,1.6447,34496,148,77,878,101,39,1021,366924,6260
S1,1,77,1077,266,34368,False,False,20261005T104005Z_7611453d,67.4834,512,216,70.5363,2.8247,34624,149,78,879,100,40,1022,366924,6260
S1,1,77,1077,267,34496,False,False,20261005T104005Z_7611453d,67.7061,512,216,70.2754,2.3726,34752,137,78,879,101,40,1022,366924,6260
S1,1,77,1077,268,34624,False,False,20261005T104005Z_7611453d,66.9321,512,216,67.8976,0.8649,34880,140,78,879,100,40,1021,366924,6260
S1,1,77,1077,269,34752,False,False,20261005T104005Z_7611453d,67.627,512,216,70.4852,2.5836,35008,140,78,878,100,40,1021,366924,6260
S1,1,77,1077,270,34880,False,False,20261005T104005Z_7611453d,67.5512,512,216,70.0312,2.2877,35136,141,77,879,101,39,1021,366924,6260
S1,1,77,1077,271,35008,False,False,20261005T104005Z_7611453d,66.9609,512,216,68.1942,1.1096,35264,142,77,878,101,39,1021,366924,6260
S1,1,77,1077,272,35136,False,False,20261005T104005Z_7611453d,67.1052,512,216,68.1584,0.9353,35392,143,78,879,100,40,1022,366924,6260
S1,1,77,1077,273,35264,False,False,20261005T104005Z_7611453d,66.9021,512,216,68.3764,1.3565,35520,152,85,870,109,40,1021,366924,6260
S1,1,77,1077,274,35392,False,False,20261005T104005Z_7611453d,67.3353,512,216,70.1383,2.5873,35648,141,78,879,101,39,1021,366924,6260
S1,1,77,1077,275,35520,False,False,20261005T104005Z_7611453d,67.337,512,216,69.0257,1.3815,35776,143,77,871,108,40,1021,366924,6260
S1,1,77,1077,276,35648,False,False,20261005T104005Z_7611453d,67.5646,512,216,69.8087,2.0337,35904,142,77,878,101,40,1021,366924,6260
S1,1,77,1077,277,35776,False,False,20261005T104005Z_7611453d,67.2971,512,216,69.3648,1.9035,36032,140,77,878,101,39,1021,366924,6260
S1,1,77,1077,278,35904,False,False,20261005T104005Z_7611453d,67.8131,512,216,70.3445,2.3014,36160,148,85,870,101,47,1021,366924,6260
S1,1,77,1077,279,36032,False,False,20261005T104005Z_7611453d,67.5765,512,216,70.056,2.2666,36288,142,77,878,101,40,1021,366924,6260
S1,1,77,1077,280,36160,False,False,20261005T104005Z_7611453d,67.405,512,216,69.783,2.174,36416,141,78,878,100,40,1020,366924,6260
S1,1,77,1077,281,36288,False,False,20261005T104005Z_7611453d,67.0263,512,216,68.9036,1.6632,36544,151,78,878,101,40,1021,366924,6260
S1,1,77,1077,282,36416,False,False,20261005T104005Z_7611453d,67.0711,512,216,68.9851,1.7346,36672,138,78,878,101,39,1021,366924,6260
S1,1,77,1077,283,36544,False,False,20261005T104005Z_7611453d,67.3411,512,216,69.8703,2.3387,36800,141,77,878,101,40,1021,366924,6260
S1,1,77,1077,284,36672,False,False,20261005T104005Z_7611453d,67.3578,512,216,69.5079,1.9628,36928,140,78,878,100,40,1021,366924,6260
S1,1,77,1077,285,36800,False,False,20261005T104005Z_7611453d,67.1706,512,216,68.9307,1.5867,37056,147,78,879,100,40,1021,366924,6260
S1,1,77,1077,286,36928,False,False,20261005T104005Z_7611453d,66.9293,512,216,68.5841,1.5142,37184,142,85,871,108,39,1021,366924,6260
S1,1,77,1077,287,37056,False,False,20261005T104005Z_7611453d,66.8804,512,216,68.4285,1.407,37312,142,78,878,101,40,1021,366924,6260
S1,1,77,1077,288,37184,False,False,20261005T104005Z_7611453d,67.4499,512,216,69.7643,1.9416,37440,142,78,879,101,40,1022,366924,6260
S1,1,77,1077,289,37312,False,False,20261005T104005Z_7611453d,67.4498,512,216,69.6433,2.0039,37568,142,77,878,101,40,1022,366924,6260
S1,1,77,1077,290,37440,False,False,20261005T104005Z_7611453d,67.2995,512,216,69.5201,2.0326,37696,140,78,878,101,40,1021,366924,6260
S1,1,77,1077,291,37568,False,False,20261005T104005Z_7611453d,67.3518,512,216,69.4031,1.8567,37824,142,77,878,101,40,1021,366924,6260
S1,1,77,1077,292,37696,False,False,20261005T104005Z_7611453d,67.39,512,216,69.8549,2.271,37952,150,78,879,101,40,1021,366924,6260
S1,1,77,1077,293,37824,False,False,20261005T104005Z_7611453d,66.763,512,216,67.7586,0.9026,38080,144,77,878,101,40,1022,366924,6260
S1,1,77,1077,294,37952,False,False,20261005T104005Z_7611453d,66.9538,512,216,68.8639,1.7547,38208,141,78,878,100,40,1020,366924,6260
S1,1,77,1077,295,38080,False,False,20261005T104005Z_7611453d,67.3398,512,216,69.6138,2.0925,38336,142,77,878,101,39,1021,366924,6260
S1,1,77,1077,296,38208,False,False,20261005T104005Z_7611453d,66.7498,512,216,67.71,0.8605,38464,146,77,878,101,40,1021,366924,6260
S1,1,77,1077,297,38336,False,False,20261005T104005Z_7611453d,67.1976,512,216,69.4305,2.0645,38592,139,78,878,101,40,1021,366924,6260
S1,1,77,1077,298,38464,False,False,20261005T104005Z_7611453d,67.4092,512,216,69.5019,1.9191,38720,141,77,878,101,39,1021,366924,6260
S1,1,77,1077,299,38592,False,False,20261005T104005Z_7611453d,66.8888,512,216,68.475,1.4894,38848,138,78,878,101,40,1021,366924,6260
S1,1,77,1077,300,38720,False,False,20261005T104005Z_7611453d,66.9225,512,216,69.0445,2.028,38976,142,77,878,101,40,1021,366924,6260
S1,1,77,1077,301,38848,False,False,20261005T104005Z_7611453d,66.6424,512,216,67.5729,0.8337,39104,144,78,878,100,40,1021,366924,6260
S1,1,77,1077,302,38976,False,False,20261005T104005Z_7611453d,67.2868,512,216,68.2632,0.8762,39232,141,78,879,101,40,1022,366924,6260
S1,1,77,1077,303,39104,False,False,20261005T104005Z_7611453d,67.8229,512,216,70.4643,2.4053,39360,140,85,871,108,40,1021,366924,6260
S1,1,77,1077,304,39232,False,False,20261005T104005Z_7611453d,67.2837,512,216,69.6827,2.2098,39488,140,78,878,101,39,1021,366924,6260
S1,1,77,1077,305,39360,False,False,20261005T104005Z_7611453d,67.3825,512,216,69.7809,2.084,39616,149,78,878,100,40,1021,366924,6260
S1,1,77,1077,306,39488,False,False,20261005T104005Z_7611453d,67.3792,512,216,69.8011,2.2154,39744,141,78,878,101,40,1021,366924,6260
S1,1,77,1077,307,39616,False,False,20261005T104005Z_7611453d,67.1851,512,216,69.2811,1.93,39872,141,78,870,108,40,1021,366924,6260
S1,1,77,1077,308,39744,False,False,20261005T104005Z_7611453d,67.521,512,216,70.2246,2.4719,40000,142,77,878,101,39,1021,366924,6260
S1,1,77,1077,309,39872,False,False,20261005T104005Z_7611453d,67.4711,512,216,70.5111,2.8146,40128,143,78,879,100,40,1022,366924,6260
S1,1,77,1077,310,40000,False,False,20261005T104005Z_7611453d,67.517,512,216,70.6034,2.8503,40256,139,78,879,101,40,1021,366924,6260
S1,1,77,1077,311,40128,False,False,20261005T104005Z_7611453d,67.2319,512,216,68.5932,1.1695,40384,146,77,878,101,40,1021,366924,6260
S1,1,77,1077,312,40256,False,False,20261005T104005Z_7611453d,67.3287,512,216,69.2933,1.7447,40512,138,78,878,100,40,1021,366924,6260
S1,1,77,1077,313,40384,False,False,20261005T104005Z_7611453d,67.2713,512,216,69.678,2.0669,40640,141,77,878,101,40,1022,366924,6260
S1,1,77,1077,314,40512,False,False,20261005T104005Z_7611453d,67.227,512,216,68.518,1.157,40768,138,77,878,101,39,1021,366924,6260
S1,1,77,1077,315,40640,False,False,20261005T104005Z_7611453d,67.0637,512,216,69.1701,1.9437,40896,142,77,878,101,40,1022,366924,6260
S1,1,77,1077,316,40768,False,False,20261005T104005Z_7611453d,67.4286,512,216,70.064,2.1781,41024,140,78,878,101,39,1021,366924,6260
S1,1,77,1077,317,40896,False,False,20261005T104005Z_7611453d,67.641,512,216,70.1297,2.2631,41152,140,78,879,100,40,1021,366924,6260
S1,1,77,1077,318,41024,False,False,20261005T104005Z_7611453d,67.7887,512,216,70.6621,2.6205,41280,142,78,879,101,39,1021,366924,6260
S1,1,77,1077,319,41152,False,False,20261005T104005Z_7611453d,67.6984,512,216,70.2367,2.205,41408,145,77,878,101,39,1021,366924,6260
S1,1,77,1077,320,41280,False,False,20261005T104005Z_7611453d,67.4992,512,216,70.2304,2.5037,41536,151,77,878,101,40,1021,366924,6260
S1,1,77,1077,321,41408,False,False,20261005T104005Z_7611453d,67.6303,512,216,70.8138,2.9656,41664,141,77,879,101,40,1021,366924,6260
S1,1,77,1077,322,41536,False,False,20261005T104005Z_7611453d,67.8618,512,216,69.8515,1.8093,41792,143,78,878,100,40,1021,366924,6260
S1,1,77,1077,323,41664,False,False,20261005T104005Z_7611453d,67.6737,512,216,70.2788,2.3782,41920,139,78,878,101,40,1021,366924,6260
S1,1,77,1077,324,41792,False,False,20261005T104005Z_7611453d,67.408,512,216,68.9131,1.3559,42048,142,78,879,100,40,1021,366924,6260
S1,1,77,1077,325,41920,False,False,20261005T104005Z_7611453d,66.7595,512,216,67.8568,0.9865,42176,141,85,871,108,40,1021,366924,6260
S1,1,77,1077,326,42048,False,False,20261005T104005Z_7611453d,67.1449,512,216,68.2124,0.9556,42304,140,78,878,100,40,1021,366924,6260
S1,1,77,1077,327,42176,False,False,20261005T104005Z_7611453d,67.1372,512,216,69.5459,2.2227,42432,142,78,878,100,40,1021,366924,6260
S1,1,77,1077,328,42304,False,False,20261005T104005Z_7611453d,68.2761,512,216,70.7898,2.2998,42560,142,78,878,100,40,1020,366924,6260
S1,1,77,1077,329,42432,False,False,20261005T104005Z_7611453d,67.29,512,216,69.377,1.909,42688,148,78,878,101,40,1021,366924,6260
S1,1,77,1077,330,42560,False,False,20261005T104005Z_7611453d,66.9714,512,216,69.4284,2.284,42816,141,78,879,101,40,1022,366924,6260
S1,1,77,1077,331,42688,False,False,20261005T104005Z_7611453d,66.747,512,216,67.8555,0.9957,42944,140,78,878,101,40,1021,366924,6260
S1,1,77,1077,332,42816,False,False,20261005T104005Z_7611453d,67.09,512,216,68.6454,1.4095,43072,143,77,878,101,39,1021,366924,6260
S1,1,77,1077,333,42944,False,False,20261005T104005Z_7611453d,67.8432,512,216,70.5618,2.5001,43200,140,77,878,101,40,1021,366924,6260
S1,1,77,1077,334,43072,False,False,20261005T104005Z_7611453d,67.2844,512,216,68.3731,0.9378,43328,140,78,879,100,40,1022,366924,6260
S1,1,77,1077,335,43200,False,False,20261005T104005Z_7611453d,67.9163,512,216,70.4943,2.3485,43456,142,77,878,101,39,1021,366924,6260
S1,1,77,1077,336,43328,False,False,20261005T104005Z_7611453d,67.6479,512,216,69.7498,1.9136,43584,140,77,878,101,40,1021,366924,6260
S1,1,77,1077,337,43456,False,False,20261005T104005Z_7611453d,67.1211,512,216,68.9494,1.6651,43712,139,78,878,100,40,1021,366924,6260
S1,1,77,1077,338,43584,False,False,20261005T104005Z_7611453d,67.2842,512,216,69.1793,1.7312,43840,138,78,878,100,40,1020,366924,6260
S1,1,77,1077,339,43712,False,False,20261005T104005Z_7611453d,67.1075,512,216,68.9196,1.6247,43968,139,78,878,100,40,1021,366924,6260
S1,1,77,1077,340,43840,False,False,20261005T104005Z_7611453d,67.0001,512,216,68.4284,1.2812,44096,143,78,870,109,40,1021,366924,6260
S1,1,77,1077,341,43968,False,False,20261005T104005Z_7611453d,67.3344,512,216,69.7234,2.1774,44224,140,78,878,101,40,1021,366924,6260
S1,1,77,1077,342,44096,False,False,20261005T104005Z_7611453d,67.427,512,216,69.607,1.9845,44352,158,78,878,101,40,1021,366924,6260
S1,1,77,1077,343,44224,False,False,20261005T104005Z_7611453d,66.9836,512,216,68.6992,1.6208,44480,139,77,878,101,40,1021,366924,6260
S1,1,77,1077,344,44352,False,False,20261005T104005Z_7611453d,67.2013,512,216,69.4888,2.0858,44608,141,77,879,101,40,1021,366924,6260
S1,1,77,1077,345,44480,False,False,20261005T104005Z_7611453d,66.7608,512,216,67.7632,0.9009,44736,139,78,879,101,40,1022,366924,6260
S1,1,77,1077,346,44608,False,False,20261005T104005Z_7611453d,67.7009,512,216,69.6811,1.8024,44864,140,78,878,101,40,1021,366924,6260
S1,1,77,1077,347,44736,False,False,20261005T104005Z_7611453d,67.4205,512,216,70.506,2.8682,44992,143,78,879,101,40,1022,366924,6260
S1,1,77,1077,348,44864,False,False,20261005T104005Z_7611453d,67.2908,512,216,69.2503,1.7697,45120,140,78,879,100,40,1021,366924,6260
S1,1,77,1077,349,44992,False,False,20261005T104005Z_7611453d,67.2047,512,216,68.9685,1.6243,45248,140,77,878,101,40,1021,366924,6260
S1,1,77,1077,350,45120,False,False,20261005T104005Z_7611453d,67.4068,512,216,69.7106,2.0908,45376,142,77,878,101,39,1021,366924,6260
S1,1,77,1077,351,45248,False,False,20261005T104005Z_7611453d,67.3495,512,216,70.1678,2.5927,45504,144,85,870,109,40,1021,366924,6260
S1,1,77,1077,352,45376,False,False,20261005T104005Z_7611453d,67.4441,512,216,69.9381,2.2664,45632,138,78,878,101,40,1021,366924,6260
S1,1,77,1077,353,45504,False,False,20261005T104005Z_7611453d,67.8157,512,216,70.9274,2.8992,45760,148,78,878,100,40,1020,366924,6260
S1,1,77,1077,354,45632,False,False,20261005T104005Z_7611453d,67.2492,512,216,68.7986,1.3711,45888,141,78,878,101,40,1021,366924,6260
S1,1,77,1077,355,45760,False,False,20261005T104005Z_7611453d,66.9656,512,216,68.5595,1.4101,46016,141,77,878,101,40,1021,366924,6260
S1,1,77,1077,356,45888,False,False,20261005T104005Z_7611453d,67.2827,512,216,69.7642,2.2762,46144,140,85,871,109,39,1021,366924,6260
S1,1,77,1077,357,46016,False,False,20261005T104005Z_7611453d,67.5712,512,216,68.7781,1.0923,46272,143,77,879,101,40,1021,366924,6260
S1,1,77,1077,358,46144,False,False,20261005T104005Z_7611453d,67.2085,512,216,69.4009,2.0137,46400,141,78,879,100,40,1022,366924,6260
S1,1,77,1077,359,46272,False,False,20261005T104005Z_7611453d,67.6089,512,216,68.8769,1.0936,46528,140,77,871,108,40,1021,366924,6260
S1,1,77,1077,360,46400,False,False,20261005T104005Z_7611453d,67.2952,512,216,70.051,2.4191,46656,146,78,871,108,40,1021,366924,6260
S1,1,77,1077,361,46528,False,False,20261005T104005Z_7611453d,67.7848,512,216,70.4914,2.4628,46784,142,77,878,101,40,1022,366924,6260
S1,1,77,1077,362,46656,False,False,20261005T104005Z_7611453d,67.4846,512,216,69.8408,2.1458,46912,141,78,878,100,40,1021,366924,6260
S1,1,77,1077,363,46784,False,False,20261005T104005Z_7611453d,67.3826,512,216,69.675,2.0972,47040,145,77,878,101,39,1021,366924,6260
S1,1,77,1077,364,46912,False,False,20261005T104005Z_7611453d,67.3228,512,216,69.3308,1.8206,47168,141,78,879,100,40,1021,366924,6260
S1,1,77,1077,365,47040,False,False,20261005T104005Z_7611453d,67.3246,512,216,69.5319,1.9776,47296,141,78,879,100,40,1022,366924,6260
S1,1,77,1077,366,47168,False,False,20261005T104005Z_7611453d,67.5235,512,216,69.574,1.8576,47424,143,77,878,101,40,1021,366924,6260
S1,1,77,1077,367,47296,False,False,20261005T104005Z_7611453d,67.3664,512,216,69.708,2.1465,47552,142,78,878,100,40,1020,366924,6260
S1,1,77,1077,368,47424,False,False,20261005T104005Z_7611453d,67.6875,512,216,70.7469,2.8488,47680,142,78,878,100,40,1021,366924,6260
S1,1,77,1077,369,47552,False,False,20261005T104005Z_7611453d,66.9837,512,216,68.5096,1.3253,47808,143,77,878,101,40,1021,366924,6260
S1,1,77,1077,370,47680,False,False,20261005T104005Z_7611453d,67.66,512,216,70.3746,2.325,47936,140,78,871,108,40,1022,366924,6260
S1,1,77,1077,371,47808,False,False,20261005T104005Z_7611453d,67.7047,512,216,70.3408,2.3975,48064,152,78,878,101,40,1021,366924,6260
S1,1,77,1077,372,47936,False,False,20261005T104005Z_7611453d,66.905,512,216,68.3119,1.3017,48192,140,78,879,101,40,1022,366924,6260
S1,1,77,1077,373,48064,False,False,20261005T104005Z_7611453d,67.2637,512,216,69.6532,2.1804,48320,138,78,878,100,40,1020,366924,6260
S1,1,77,1077,374,48192,False,False,20261005T104005Z_7611453d,67.5581,512,216,70.2545,2.4683,48448,147,78,878,101,40,1021,366924,6260
S1,1,77,1077,375,48320,False,False,20261005T104005Z_7611453d,67.4204,512,216,70.2656,2.6124,48576,147,77,878,101,39,1021,366924,6260
S1,1,77,1077,376,48448,False,False,20261005T104005Z_7611453d,67.2007,512,216,69.3205,1.915,48704,150,77,878,101,40,1021,366924,6260
S1,1,77,1077,377,48576,False,False,20261005T104005Z_7611453d,67.1609,512,216,68.678,1.3644,48832,139,85,870,108,40,1020,366924,6260
S1,1,77,1077,378,48704,False,False,20261005T104005Z_7611453d,67.5182,512,216,69.6698,1.927,48960,140,78,879,101,40,1022,366924,6260
S1,1,77,1077,379,48832,False,False,20261005T104005Z_7611453d,67.4445,512,216,69.469,1.8168,49088,140,77,878,101,39,1021,366924,6260
S1,1,77,1077,380,48960,False,False,20261005T104005Z_7611453d,67.5068,512,216,69.8151,2.0978,49216,142,78,878,101,40,1021,366924,6260
S1,1,77,1077,381,49088,False,False,20261005T104005Z_7611453d,67.3211,512,216,70.3116,2.7848,49344,140,78,870,101,40,1021,366924,6260
S1,1,77,1077,382,49216,False,False,20261005T104005Z_7611453d,68.2294,512,216,70.6367,2.1947,49472,138,77,879,101,39,1021,366924,6260
S1,1,77,1077,383,49344,False,False,20261005T104005Z_7611453d,66.871,512,216,67.9133,0.9301,49600,148,78,878,100,40,1021,366924,6260
S1,1,77,1077,384,49472,False,False,20261005T104005Z_7611453d,67.3987,512,216,69.5361,1.9063,49728,142,78,878,100,40,1021,366924,6260
S1,1,77,1077,385,49600,False,False,20261005T104005Z_7611453d,67.6312,512,216,70.1347,2.2684,49856,142,77,878,101,40,1021,366924,6260
S1,1,77,1077,386,49728,False,False,20261005T104005Z_7611453d,66.7127,512,216,68.0513,1.1633,49984,140,77,878,101,39,1021,366924,6260
S1,1,77,1077,387,49856,False,False,20261005T104005Z_7611453d,66.7352,512,216,67.9294,1.0925,50112,139,78,879,100,40,1022,366924,6260
S1,1,77,1077,388,49984,False,False,20261005T104005Z_7611453d,67.0627,512,216,68.9561,1.7589,50240,145,78,879,101,40,1022,366924,6260
S1,1,77,1077,389,50112,False,False,20261005T104005Z_7611453d,67.3915,512,216,69.7958,2.2142,50368,141,78,878,101,40,1021,366924,6260
S1,1,77,1077,390,50240,False,False,20261005T104005Z_7611453d,67.1352,512,216,68.9522,1.6399,50496,139,78,878,101,40,1021,366924,6260
S1,1,77,1077,391,50368,False,False,20261005T104005Z_7611453d,66.9846,512,216,69.2166,2.1117,50624,141,78,879,101,39,1021,366924,6260
S1,1,77,1077,392,50496,False,False,20261005T104005Z_7611453d,67.2819,512,216,69.3762,1.9323,50752,143,78,878,101,40,1021,366924,6260
S1,1,77,1077,393,50624,False,False,20261005T104005Z_7611453d,67.2472,512,216,69.3518,1.9529,50880,141,77,878,101,47,1029,366924,6260
S1,1,77,1077,394,50752,False,False,20261005T104005Z_7611453d,67.0281,512,216,68.8693,1.6929,51008,138,77,879,101,40,1022,366924,6260
S1,1,77,1077,395,50880,False,False,20261005T104005Z_7611453d,67.4399,512,216,70.1508,2.493,51136,147,78,878,101,40,1021,366924,6260
S1,1,77,1077,396,51008,False,False,20261005T104005Z_7611453d,67.3481,512,216,69.8675,2.3188,51264,140,77,878,101,39,1021,366924,6260
S1,1,77,1077,397,51136,False,False,20261005T104005Z_7611453d,67.9394,512,216,70.658,2.4803,51392,150,78,878,101,40,1021,366924,6260
S1,1,77,1077,398,51264,False,False,20261005T104005Z_7611453d,67.2791,512,216,68.3469,0.9528,51520,142,77,879,101,40,1021,366924,6260
S1,1,77,1077,399,51392,False,False,20261005T104005Z_7611453d,67.1238,512,216,68.4739,1.2215,51648,139,78,879,101,39,1021,366924,6260
S1,1,77,1077,400,51520,False,False,20261005T104005Z_7611453d,67.0177,512,216,68.1408,1.0047,51776,140,78,879,101,40,1022,366924,6260
S1,1,77,1077,401,51648,False,False,20261005T104005Z_7611453d,67.3315,512,216,69.8841,2.3423,51904,142,78,878,101,39,1021,366924,6260
S1,1,77,1077,402,51776,False,False,20261005T104005Z_7611453d,67.866,512,216,70.059,1.9775,52032,146,78,878,101,40,1021,366924,6260
S1,1,77,1077,403,51904,False,False,20261005T104005Z_7611453d,67.5564,512,216,70.0719,2.2856,52160,140,77,878,101,40,1021,366924,6260
S1,1,77,1077,404,52032,False,False,20261005T104005Z_7611453d,67.8028,512,216,70.2829,2.2531,52288,143,77,878,101,39,1021,366924,6260
S1,1,77,1077,405,52160,False,False,20261005T104005Z_7611453d,67.5032,512,216,69.6345,1.8753,52416,141,77,878,102,40,1022,366924,6260
S1,1,77,1077,406,52288,False,False,20261005T104005Z_7611453d,67.1135,512,216,69.3813,2.0755,52544,142,77,878,101,40,1022,366924,6260
S1,1,77,1077,407,52416,False,False,20261005T104005Z_7611453d,67.5496,512,216,70.003,2.2259,52672,140,77,878,101,39,1021,366924,6260
S1,1,77,1077,408,52544,False,False,20261005T104005Z_7611453d,67.425,512,216,69.7484,2.1372,52800,138,77,878,101,39,1021,366924,6260
S1,1,77,1077,409,52672,False,False,20261005T104005Z_7611453d,67.1991,512,216,69.3627,2.0007,52928,142,77,878,101,39,1021,366924,6260
S1,1,77,1077,410,52800,False,False,20261005T104005Z_7611453d,67.8575,512,216,70.2729,2.2158,53056,143,77,878,101,39,1021,366924,6260
S1,1,77,1077,411,52928,False,False,20261005T104005Z_7611453d,68.2216,512,216,70.5112,2.0956,53184,141,77,879,101,39,1021,366924,6260
S1,1,77,1077,412,53056,False,False,20261005T104005Z_7611453d,66.6416,512,216,67.6161,0.8828,53312,141,78,878,100,40,1020,366924,6260
S1,1,77,1077,413,53184,False,False,20261005T104005Z_7611453d,66.9121,512,216,68.7187,1.6796,53440,141,78,879,101,40,1022,366924,6260
S1,1,77,1077,414,53312,False,False,20261005T104005Z_7611453d,67.7882,512,216,70.504,2.2162,53568,150,78,878,100,40,1021,366924,6260
S1,1,77,1077,415,53440,False,False,20261005T104005Z_7611453d,67.1373,512,216,68.6096,1.3325,53696,141,77,878,100,40,1021,366924,6260
S1,1,77,1077,416,53568,False,False,20261005T104005Z_7611453d,67.3551,512,216,69.1008,1.5716,53824,142,77,871,109,39,1021,366924,6260
S1,1,77,1077,417,53696,False,False,20261005T104005Z_7611453d,67.1382,512,216,68.6437,1.2722,53952,141,78,878,101,40,1021,366924,6260
S1,1,77,1077,418,53824,False,False,20261005T104005Z_7611453d,67.0654,512,216,68.7228,1.513,54080,139,78,878,101,40,1021,366924,6260
S1,1,77,1077,419,53952,False,False,20261005T104005Z_7611453d,66.8468,512,216,67.8288,0.8796,54208,143,77,871,109,39,1021,366924,6260
S1,1,77,1077,420,54080,False,False,20261005T104005Z_7611453d,67.0687,512,216,69.0065,1.7586,54336,140,78,870,108,40,1021,366924,6260
S1,1,77,1077,421,54208,False,False,20261005T104005Z_7611453d,67.4229,512,216,69.9088,2.2767,54464,139,78,879,101,39,1021,366924,6260
S1,1,77,1077,422,54336,False,False,20261005T104005Z_7611453d,67.3856,512,216,69.3556,1.7731,54592,144,78,878,101,40,1021,366924,6260
S1,1,77,1077,423,54464,False,False,20261005T104005Z_7611453d,67.3086,512,216,70.1249,2.5929,54720,141,77,879,101,40,1021,366924,6260
S1,1,77,1077,424,54592,False,False,20261005T104005Z_7611453d,67.429,512,216,70.0915,2.4623,54848,140,78,878,101,40,1021,366924,6260
S1,1,77,1077,425,54720,False,False,20261005T104005Z_7611453d,68.1522,512,216,70.1862,1.8253,54976,141,77,878,101,39,1021,366924,6260
S1,1,77,1077,426,54848,False,False,20261005T104005Z_7611453d,67.8311,512,216,70.6559,2.5521,55104,141,78,879,101,40,1021,366924,6260
S1,1,77,1077,427,54976,False,False,20261005T104005Z_7611453d,66.956,512,216,68.7998,1.6825,55232,147,78,878,100,40,1021,366924,6260
S1,1,77,1077,428,55104,False,False,20261005T104005Z_7611453d,67.3076,512,216,69.52,2.012,55360,140,78,878,101,39,1021,366924,6260
S1,1,77,1077,429,55232,False,False,20261005T104005Z_7611453d,67.4226,512,216,69.4798,1.8714,55488,140,78,878,100,40,1021,366924,6260
S1,1,77,1077,430,55360,False,False,20261005T104005Z_7611453d,67.4255,512,216,69.7361,2.0987,55616,140,77,878,102,40,1022,366924,6260
S1,1,77,1077,431,55488,False,False,20261005T104005Z_7611453d,67.4761,512,216,69.8379,2.1678,55744,141,77,878,101,39,1021,366924,6260
S1,1,77,1077,432,55616,False,False,20261005T104005Z_7611453d,67.2466,512,216,69.9944,2.5509,55872,141,77,878,101,39,1021,366924,6260
S1,1,77,1077,433,55744,False,False,20261005T104005Z_7611453d,67.5959,512,216,70.5159,2.7133,56000,142,78,878,101,39,1021,366924,6260
S1,1,77,1077,434,55872,False,False,20261005T104005Z_7611453d,67.8085,512,216,70.1766,2.1703,56128,141,85,871,108,40,1021,366924,6260
S1,1,77,1077,435,56000,False,False,20261005T104005Z_7611453d,67.6425,512,216,70.191,2.3238,56256,139,78,878,101,40,1021,366924,6260
S1,1,77,1077,436,56128,False,False,20261005T104005Z_7611453d,67.2376,512,216,69.2329,1.8301,56384,139,78,878,101,40,1021,366924,6260
S1,1,77,1077,437,56256,False,False,20261005T104005Z_7611453d,67.1011,512,216,69.0325,1.7667,56512,141,78,878,100,40,1021,366924,6260
S1,1,77,1077,438,56384,False,False,20261005T104005Z_7611453d,67.4642,512,216,70.0527,2.3675,56640,142,85,871,108,40,1021,366924,6260
S1,1,77,1077,439,56512,False,False,20261005T104005Z_7611453d,67.1253,512,216,69.4781,1.9978,56768,138,77,878,101,40,1021,366924,6260
S1,1,77,1077,440,56640,False,False,20261005T104005Z_7611453d,67.6962,512,216,69.7833,1.8788,56896,139,78,879,100,40,1022,366924,6260
S1,1,77,1077,441,56768,False,False,20261005T104005Z_7611453d,67.1932,512,216,69.4864,2.0958,57024,140,78,879,101,40,1022,366924,6260
S1,1,77,1077,442,56896,False,False,20261005T104005Z_7611453d,67.4821,512,216,69.8811,2.195,57152,141,78,879,101,40,1022,366924,6260
S1,1,77,1077,443,57024,False,False,20261005T104005Z_7611453d,67.1437,512,216,69.2787,1.9706,57280,142,78,879,101,40,1022,366924,6260
S1,1,77,1077,444,57152,False,False,20261005T104005Z_7611453d,67.2673,512,216,68.9231,1.479,57408,143,85,871,108,39,1021,366924,6260
S1,1,77,1077,445,57280,False,False,20261005T104005Z_7611453d,67.0777,512,216,68.5583,1.3342,57536,140,78,878,100,40,1021,366924,6260
S1,1,77,1077,446,57408,False,False,20261005T104005Z_7611453d,67.8704,512,216,70.2793,2.1976,57664,140,78,878,100,40,1021,366924,6260
S1,1,77,1077,447,57536,False,False,20261005T104005Z_7611453d,67.27,512,216,70.1747,2.7184,57792,141,77,878,101,40,1022,366924,6260
S1,1,77,1077,448,57664,False,False,20261005T104005Z_7611453d,67.4448,512,216,69.1207,1.5011,57920,140,77,878,101,39,1021,366924,6260
S1,1,77,1077,449,57792,False,False,20261005T104005Z_7611453d,67.1527,512,216,68.7415,1.4068,58048,143,77,878,101,39,1021,366924,6260
S1,1,77,1077,450,57920,False,False,20261005T104005Z_7611453d,66.8908,512,216,67.8314,0.8447,58176,142,78,878,101,39,1021,366924,6260
S1,1,77,1077,451,58048,False,False,20261005T104005Z_7611453d,67.2695,512,216,69.5144,2.0586,58304,142,77,878,101,39,1021,366924,6260
S1,1,77,1077,452,58176,False,False,20261005T104005Z_7611453d,67.3293,512,216,69.8346,2.3256,58432,140,77,878,101,40,1021,366924,6260
S1,1,77,1077,453,58304,False,False,20261005T104005Z_7611453d,67.5614,512,216,68.6756,0.9032,58560,141,78,878,100,40,1021,366924,6260
S1,1,77,1077,454,58432,False,False,20261005T104005Z_7611453d,67.204,512,216,69.0197,1.6654,58688,150,78,870,108,40,1021,366924,6260
S1,1,77,1077,455,58560,False,False,20261005T104005Z_7611453d,66.8431,512,216,68.086,1.1223,58816,140,78,878,101,39,1021,366924,6260
S1,1,77,1077,456,58688,False,False,20261005T104005Z_7611453d,66.8861,512,216,68.9865,1.9288,58944,139,78,878,101,40,1021,366924,6260
S1,1,77,1077,457,58816,False,False,20261005T104005Z_7611453d,67.4294,512,216,69.7356,2.1317,59072,140,77,878,101,40,1021,366924,6260
S1,1,77,1077,458,58944,False,False,20261005T104005Z_7611453d,67.078,512,216,68.7461,1.5102,59200,140,77,878,101,39,1021,366924,6260
S1,1,77,1077,459,59072,False,False,20261005T104005Z_7611453d,67.4325,512,216,69.4859,1.8791,59328,142,77,871,108,40,1022,366924,6260
S1,1,77,1077,460,59200,False,False,20261005T104005Z_7611453d,67.2804,512,216,70.3473,2.8205,59456,141,78,879,100,40,1022,366924,6260
S1,1,77,1077,461,59328,False,False,20261005T104005Z_7611453d,67.5104,512,216,70.3514,2.6315,59584,139,77,878,101,39,1021,366924,6260
S1,1,77,1077,462,59456,False,False,20261005T104005Z_7611453d,67.1815,512,216,69.8788,2.2593,59712,140,78,879,100,40,1022,366924,6260
S1,1,77,1077,463,59584,False,False,20261005T104005Z_7611453d,67.6278,512,216,70.0154,2.21,59840,142,78,878,100,39,1020,366924,6260
S1,1,77,1077,464,59712,False,False,20261005T104005Z_7611453d,67.5922,512,216,70.1132,2.2593,59968,148,78,878,100,40,1021,366924,6260
S1,1,77,1077,465,59840,False,False,20261005T104005Z_7611453d,66.9193,512,216,68.112,1.0027,60096,139,78,878,100,40,1021,366924,6260
S1,1,77,1077,466,59968,False,False,20261005T104005Z_7611453d,67.0856,512,216,69.0737,1.7952,60224,141,78,878,100,40,1021,366924,6260
S1,1,77,1077,467,60096,False,False,20261005T104005Z_7611453d,67.7939,512,216,70.0705,2.0831,60352,141,77,879,101,39,1021,366924,6260
S1,1,77,1077,468,60224,False,False,20261005T104005Z_7611453d,67.1731,512,216,69.2602,1.895,60480,141,77,878,101,39,1021,366924,6260
S1,1,77,1077,469,60352,False,False,20261005T104005Z_7611453d,67.2177,512,216,69.5045,2.1029,60608,139,78,878,100,40,1021,366924,6260
S1,1,77,1077,470,60480,False,False,20261005T104005Z_7611453d,67.0734,512,216,69.1291,1.8832,60736,140,78,878,101,39,1021,366924,6260
S1,1,77,1077,471,60608,False,False,20261005T104005Z_7611453d,67.3459,512,216,69.7312,2.178,60864,142,78,870,108,40,1021,366924,6260
S1,1,77,1077,472,60736,False,False,20261005T104005Z_7611453d,67.1447,512,216,68.8208,1.5216,60992,141,77,878,101,40,1021,366924,6260
S1,1,77,1077,473,60864,False,False,20261005T104005Z_7611453d,66.928,512,216,68.0708,1.0285,61120,142,78,879,100,40,1021,366924,6260
S1,1,77,1077,474,60992,False,False,20261005T104005Z_7611453d,67.718,512,216,69.6885,1.7884,61248,137,78,878,101,40,1021,366924,6260
S1,1,77,1077,475,61120,False,False,20261005T104005Z_7611453d,67.1115,512,216,69.2551,1.9138,61376,139,78,878,100,40,1021,366924,6260
S1,1,77,1077,476,61248,False,False,20261005T104005Z_7611453d,66.81,512,216,67.9342,1.0113,61504,148,85,871,109,40,1021,366924,6260
S1,1,77,1077,477,61376,False,False,20261005T104005Z_7611453d,67.4296,512,216,70.0397,2.4046,61632,140,77,871,108,40,1021,366924,6260
S1,1,77,1077,478,61504,False,False,20261005T104005Z_7611453d,67.0284,512,216,68.8058,1.6207,61760,150,78,878,100,40,1021,366924,6260
S1,1,77,1077,479,61632,False,False,20261005T104005Z_7611453d,66.7825,512,216,67.7118,0.8351,61888,141,78,879,102,40,1022,366924,6260
S1,1,77,1077,480,61760,False,False,20261005T104005Z_7611453d,67.0554,512,216,68.4974,1.1488,62016,142,78,879,100,40,1022,366924,6260
S1,1,77,1077,481,61888,False,False,20261005T104005Z_7611453d,67.0039,512,216,69.1748,2.0159,62144,141,85,870,109,40,1021,366924,6260
S1,1,77,1077,482,62016,False,False,20261005T104005Z_7611453d,67.3804,512,216,70.094,2.5058,62272,142,78,878,101,40,1022,366924,6260
S1,1,77,1077,483,62144,False,False,20261005T104005Z_7611453d,68.1505,512,216,70.439,2.0801,62400,142,78,878,101,40,1021,366924,6260
S1,1,77,1077,484,62272,False,False,20261005T104005Z_7611453d,67.3114,512,216,69.8048,2.2615,62528,142,77,878,101,40,1021,366924,6260
S1,1,77,1077,485,62400,False,False,20261005T104005Z_7611453d,67.1083,512,216,68.4145,1.1344,62656,141,78,878,101,40,1021,366924,6260
S1,1,77,1077,486,62528,False,False,20261005T104005Z_7611453d,67.4398,512,216,68.9958,1.3875,62784,141,77,879,101,40,1022,366924,6260
S1,1,77,1077,487,62656,False,False,20261005T104005Z_7611453d,66.872,512,216,67.9709,0.9849,62912,151,77,878,101,40,1021,366924,6260
S1,1,77,1077,488,62784,False,False,20261005T104005Z_7611453d,67.6225,512,216,70.2782,2.2903,63040,150,77,878,101,39,1021,366924,6260
S1,1,77,1077,489,62912,False,False,20261005T104005Z_7611453d,67.6239,512,216,70.3109,2.4629,63168,140,78,879,102,40,1022,366924,6260
S1,1,77,1077,490,63040,False,False,20261005T104005Z_7611453d,67.5699,512,216,70.1117,2.3274,63296,145,77,878,101,40,1021,366924,6260
S1,1,77,1077,491,63168,False,False,20261005T104005Z_7611453d,67.4468,512,216,69.8761,2.2126,63424,142,77,879,101,39,1021,366924,6260
S1,1,77,1077,492,63296,False,False,20261005T104005Z_7611453d,67.2348,512,216,69.3282,1.9138,63552,140,78,878,101,39,1021,366924,6260
S1,1,77,1077,493,63424,False,False,20261005T104005Z_7611453d,67.4277,512,216,69.7889,2.1704,63680,141,77,878,101,40,1021,366924,6260
S1,1,77,1077,494,63552,False,False,20261005T104005Z_7611453d,67.6604,512,216,70.4897,2.5242,63808,141,77,879,101,40,1022,366924,6260
S1,1,77,1077,495,63680,False,False,20261005T104005Z_7611453d,67.4193,512,216,69.3055,1.6944,63936,140,78,879,101,40,1021,366924,6260
S1,1,77,1077,496,63808,False,False,20261005T104005Z_7611453d,67.1536,512,216,69.1225,1.7415,64064,148,78,878,100,40,1021,366924,6260
S1,1,77,1077,497,63936,False,False,20261005T104005Z_7611453d,67.9554,512,216,70.5353,2.3693,64192,140,77,878,101,39,1021,366924,6260
S1,1,77,1077,498,64064,False,False,20261005T104005Z_7611453d,67.5754,512,216,70.1553,2.3738,64320,143,78,878,100,40,1020,366924,6260
S1,1,77,1077,499,64192,False,False,20261005T104005Z_7611453d,66.8755,512,216,67.9254,0.9372,64448,149,77,878,101,39,1021,366924,6260
S1,1,77,1077,500,64320,False,False,20261005T104005Z_7611453d,67.5408,512,216,70.064,2.2909,64576,139,78,878,101,39,1021,366924,6260
S1,1,77,1077,501,64448,False,False,20261005T104005Z_7611453d,67.3033,512,216,69.3655,1.8813,64704,142,78,879,100,40,1021,366924,6260
S1,1,77,1077,502,64576,False,False,20261005T104005Z_7611453d,66.9264,512,216,68.0718,1.0232,64832,139,77,879,101,40,1021,366924,6260
S1,1,77,1077,503,64704,False,False,20261005T104005Z_7611453d,66.9826,512,216,68.5967,1.4682,64960,140,77,878,101,39,1021,366924,6260
S1,1,77,1077,504,64832,False,False,20261005T104005Z_7611453d,68.0329,512,216,70.6666,2.4106,65088,140,78,878,101,39,1021,366924,6260
S1,1,77,1077,505,64960,False,False,20261005T104005Z_7611453d,67.5309,512,216,69.7837,2.043,65216,142,78,878,100,40,1021,366924,6260
S1,1,77,1077,506,65088,False,False,20261005T104005Z_7611453d,67.2604,512,216,69.1474,1.635,65344,139,78,878,100,40,1020,366924,6260
S1,1,77,1077,507,65216,False,False,20261005T104005Z_7611453d,67.3662,512,216,69.7447,2.1224,65472,142,78,879,101,40,1022,366924,6260
S1,1,77,1077,508,65344,False,False,20261005T104005Z_7611453d,67.2357,512,216,69.6675,2.214,65600,141,78,878,101,40,1021,366924,6260
S1,1,77,1077,509,65472,False,False,20261005T104005Z_7611453d,66.7916,512,216,67.8295,0.9329,65728,140,78,879,101,40,1021,366924,6260
S1,1,77,1077,510,65600,False,False,20261005T104005Z_7611453d,66.6975,512,216,67.7424,0.8993,65856,139,78,879,101,39,1021,366924,6260
S1,1,77,1077,511,65728,False,False,20261005T104005Z_7611453d,66.8523,512,216,67.9197,0.9472,65984,143,78,878,101,40,1021,366924,6260
S1,1,77,1077,512,65856,False,False,20261005T104005Z_7611453d,67.3163,512,216,68.8451,1.3289,66112,141,77,879,101,40,1021,366924,6260
S1,1,77,1077,513,65984,False,False,20261005T104005Z_7611453d,67.4443,512,216,69.3964,1.7491,66240,141,77,878,101,40,1021,366924,6260
S1,1,77,1077,514,66112,False,False,20261005T104005Z_7611453d,67.266,512,216,68.9872,1.5029,66368,138,85,871,108,40,1021,366924,6260
S1,1,77,1077,515,66240,False,False,20261005T104005Z_7611453d,66.8845,512,216,68.0034,1.0052,66496,140,77,878,101,39,1021,366924,6260
S1,1,77,1077,516,66368,False,False,20261005T104005Z_7611453d,67.1548,512,216,69.0972,1.7725,66624,142,78,878,100,40,1021,366924,6260
S1,1,77,1077,517,66496,False,False,20261005T104005Z_7611453d,66.9946,512,216,68.1021,0.9925,66752,141,77,878,101,40,1021,366924,6260
S1,1,77,1077,518,66624,False,False,20261005T104005Z_7611453d,67.4753,512,216,69.9545,2.257,66880,142,77,871,108,39,1021,366924,6260
S1,1,77,1077,519,66752,False,False,20261005T104005Z_7611453d,67.5889,512,216,71.1616,3.3629,67008,140,78,879,101,39,1021,366924,6260
S1,1,77,1077,520,66880,False,False,20261005T104005Z_7611453d,68.0198,512,216,70.778,2.5279,67136,145,77,878,101,39,1021,366924,6260
S1,1,77,1077,521,67008,False,False,20261005T104005Z_7611453d,67.3786,512,216,69.7639,2.1887,67264,140,78,878,100,40,1021,366924,6260
S1,1,77,1077,522,67136,False,False,20261005T104005Z_7611453d,67.7013,512,216,69.9609,2.0549,67392,139,78,878,100,40,1021,366924,6260
S1,1,77,1077,523,67264,False,False,20261005T104005Z_7611453d,67.3964,512,216,69.5326,1.9253,67520,142,77,879,101,40,1021,366924,6260
S1,1,77,1077,524,67392,False,False,20261005T104005Z_7611453d,67.2991,512,216,69.6093,2.1284,67648,140,78,879,101,40,1021,366924,6260
S1,1,77,1077,525,67520,False,False,20261005T104005Z_7611453d,67.5471,512,216,70.0354,2.2569,67776,139,77,878,101,39,1021,366924,6260
S1,1,77,1077,526,67648,False,False,20261005T104005Z_7611453d,67.6139,512,216,70.2888,2.4676,67904,140,77,878,101,39,1021,366924,6260
S1,1,77,1077,527,67776,False,False,20261005T104005Z_7611453d,66.8204,512,216,68.3605,1.4138,68032,141,78,878,101,40,1021,366924,6260
S1,1,77,1077,528,67904,False,False,20261005T104005Z_7611453d,67.301,512,216,70.0444,2.5347,68160,142,78,879,101,40,1022,366924,6260
S1,1,77,1077,529,68032,False,False,20261005T104005Z_7611453d,66.8662,512,216,68.1166,1.1369,68288,140,77,878,102,40,1022,366924,6260
S1,1,77,1077,530,68160,False,False,20261005T104005Z_7611453d,67.4564,512,216,69.8555,2.1918,68416,156,78,879,101,40,1022,366924,6260
S1,1,77,1077,531,68288,False,False,20261005T104005Z_7611453d,67.4101,512,216,70.4677,2.8329,68544,140,86,871,108,40,1021,366924,6260
S1,1,77,1077,532,68416,False,False,20261005T104005Z_7611453d,67.8805,512,216,70.836,2.7184,68672,140,77,878,101,40,1021,366924,6260
S1,1,77,1077,533,68544,False,False,20261005T104005Z_7611453d,67.3467,512,216,69.5494,1.9935,68800,142,77,871,108,40,1022,366924,6260
S1,1,77,1077,534,68672,False,False,20261005T104005Z_7611453d,67.2134,512,216,69.1462,1.7731,68928,140,78,879,101,40,1022,366924,6260
S1,1,77,1077,535,68800,False,False,20261005T104005Z_7611453d,67.2639,512,216,69.045,1.6123,69056,139,77,878,101,39,1021,366924,6260
S1,1,77,1077,536,68928,False,False,20261005T104005Z_7611453d,67.4216,512,216,70.3054,2.6908,69184,152,77,878,101,40,1022,366924,6260
S1,1,77,1077,537,69056,False,False,20261005T104005Z_7611453d,67.4721,512,216,69.5954,1.9173,69312,139,78,878,100,40,1021,366924,6260
S1,1,77,1077,538,69184,False,False,20261005T104005Z_7611453d,67.5141,512,216,69.9721,2.2666,69440,139,78,879,101,40,1021,366924,6260
S1,1,77,1077,539,69312,False,False,20261005T104005Z_7611453d,67.2292,512,216,69.5273,2.1267,69568,139,78,879,101,40,1022,366924,6260
S1,1,77,1077,540,69440,False,False,20261005T104005Z_7611453d,67.2686,512,216,69.4573,2.0224,69696,142,78,878,101,40,1021,366924,6260
S1,1,77,1077,541,69568,False,False,20261005T104005Z_7611453d,66.8769,512,216,68.936,1.8893,69824,149,78,878,100,40,1020,366924,6260
S1,1,77,1077,542,69696,False,False,20261005T104005Z_7611453d,67.1809,512,216,69.7989,2.4369,69952,148,78,878,101,40,1021,366924,6260
S1,1,77,1077,543,69824,False,False,20261005T104005Z_7611453d,66.6478,512,216,67.5764,0.8381,70080,140,78,879,101,40,1022,366924,6260
S1,1,77,1077,544,69952,False,False,20261005T104005Z_7611453d,67.1791,512,216,68.881,1.5451,70208,144,78,878,100,40,1021,366924,6260
S1,1,77,1077,545,70080,False,False,20261005T104005Z_7611453d,67.117,512,216,68.5724,1.3145,70336,142,78,878,101,40,1021,366924,6260
S1,1,77,1077,546,70208,False,False,20261005T104005Z_7611453d,67.7514,512,216,70.169,2.1882,70464,141,78,878,100,40,1021,366924,6260
S1,1,77,1077,547,70336,False,False,20261005T104005Z_7611453d,67.2382,512,216,69.5794,2.1502,70592,142,85,870,108,40,1021,366924,6260
S1,1,77,1077,548,70464,False,False,20261005T104005Z_7611453d,67.1675,512,216,69.0926,1.7532,70720,149,78,879,100,40,1022,366924,6260
S1,1,77,1077,549,70592,False,False,20261005T104005Z_7611453d,67.5693,512,216,71.2562,3.4634,70848,140,77,878,101,40,1021,366924,6260
S1,1,77,1077,550,70720,False,False,20261005T104005Z_7611453d,67.6265,512,216,70.5232,2.6566,70976,140,78,879,100,40,1022,366924,6260
S1,1,77,1077,551,70848,False,False,20261005T104005Z_7611453d,67.3482,512,216,69.9234,2.3435,71104,150,78,878,100,40,1021,366924,6260
S1,1,77,1077,552,70976,False,False,20261005T104005Z_7611453d,67.6343,512,216,70.0552,2.2048,71232,141,85,871,108,39,1021,366924,6260
S1,1,77,1077,553,71104,False,False,20261005T104005Z_7611453d,67.0484,512,216,68.7304,1.5107,71360,151,78,879,101,40,1022,366924,6260
S1,1,77,1077,554,71232,False,False,20261005T104005Z_7611453d,67.3831,512,216,68.6018,1.1003,71488,151,78,879,101,40,1021,366924,6260
S1,1,77,1077,555,71360,False,False,20261005T104005Z_7611453d,66.7088,512,216,68.1922,1.3787,71616,138,77,879,101,40,1022,366924,6260
S1,1,77,1077,556,71488,False,False,20261005T104005Z_7611453d,67.5999,512,216,70.2131,2.3847,71744,140,77,878,101,40,1021,366924,6260
S1,1,77,1077,557,71616,False,False,20261005T104005Z_7611453d,67.3406,512,216,69.3866,1.8676,71872,143,78,878,100,40,1021,366924,6260
S1,1,77,1077,558,71744,False,False,20261005T104005Z_7611453d,67.1136,512,216,69.1439,1.8432,72000,146,86,871,108,39,1021,366924,6260
S1,1,77,1077,559,71872,False,False,20261005T104005Z_7611453d,67.1157,512,216,69.1792,1.8899,72128,143,78,878,101,40,1022,366924,6260
S1,1,77,1077,560,72000,False,False,20261005T104005Z_7611453d,67.1288,512,216,68.7344,1.452,72256,141,85,871,109,39,1021,366924,6260
S1,1,77,1077,561,72128,False,False,20261005T104005Z_7611453d,67.5684,512,216,69.8435,2.0416,72384,141,77,878,101,40,1021,366924,6260
S1,1,77,1077,562,72256,False,False,20261005T104005Z_7611453d,67.0756,512,216,68.9586,1.7411,72512,140,78,878,101,40,1021,366924,6260
S1,1,77,1077,563,72384,False,False,20261005T104005Z_7611453d,67.3638,512,216,69.6563,2.0807,72640,139,78,879,101,40,1022,366924,6260
S1,1,77,1077,564,72512,False,False,20261005T104005Z_7611453d,67.0599,512,216,68.916,1.6689,72768,141,78,878,100,40,1021,366924,6260
S1,1,77,1077,565,72640,False,False,20261005T104005Z_7611453d,67.4163,512,216,69.7476,2.1477,72896,142,77,878,101,39,1021,366924,6260
S1,1,77,1077,566,72768,False,False,20261005T104005Z_7611453d,67.687,512,216,69.6142,1.7324,73024,141,78,878,101,40,1021,366924,6260
S1,1,77,1077,567,72896,False,False,20261005T104005Z_7611453d,67.3969,512,216,69.8453,2.2568,73152,142,78,878,100,40,1021,366924,6260
S1,1,77,1077,568,73024,False,False,20261005T104005Z_7611453d,67.4583,512,216,70.1781,2.5147,73280,142,78,870,108,40,1021,366924,6260
S1,1,77,1077,569,73152,False,False,20261005T104005Z_7611453d,68.2546,512,216,70.987,2.5176,73408,149,78,878,100,40,1021,366924,6260
S1,1,77,1077,570,73280,False,False,20261005T104005Z_7611453d,67.5394,512,216,70.1287,2.3719,73536,143,85,871,101,47,1021,366924,6260
S1,1,77,1077,571,73408,False,False,20261005T104005Z_7611453d,66.8916,512,216,68.0579,1.0574,73664,141,77,878,101,40,1021,366924,6260
S1,1,77,1077,572,73536,False,False,20261005T104005Z_7611453d,66.7956,512,216,68.0037,1.0887,73792,140,77,879,101,40,1022,366924,6260
S1,1,77,1077,573,73664,False,False,20261005T104005Z_7611453d,67.0786,512,216,68.2554,1.0676,73920,139,86,871,108,40,1021,366924,6260
S1,1,77,1077,574,73792,False,False,20261005T104005Z_7611453d,67.4126,512,216,69.8694,2.259,74048,139,78,878,101,40,1021,366924,6260
S1,1,77,1077,575,73920,False,False,20261005T104005Z_7611453d,67.3811,512,216,68.5569,0.9647,74176,142,78,878,101,40,1021,366924,6260
S1,1,77,1077,576,74048,False,False,20261005T104005Z_7611453d,67.3317,512,216,68.8466,1.3201,74304,139,77,878,101,40,1021,366924,6260
S1,1,77,1077,577,74176,False,False,20261005T104005Z_7611453d,67.101,512,216,69.5278,2.2573,74432,148,77,878,101,39,1021,366924,6260
S1,1,77,1077,578,74304,False,False,20261005T104005Z_7611453d,67.3424,512,216,68.8631,1.3581,74560,141,78,879,100,39,1021,366924,6260
S1,1,77,1077,579,74432,False,False,20261005T104005Z_7611453d,66.9345,512,216,68.463,1.3891,74688,144,77,878,101,40,1021,366924,6260
S1,1,77,1077,580,74560,False,False,20261005T104005Z_7611453d,67.6543,512,216,70.814,2.9335,74816,143,78,879,101,40,1022,366924,6260
S1,1,77,1077,581,74688,False,False,20261005T104005Z_7611453d,67.9294,512,216,70.1672,2.0165,74944,140,77,878,100,40,1021,366924,6260
S1,1,77,1077,582,74816,False,False,20261005T104005Z_7611453d,67.3474,512,216,69.1562,1.6494,75072,148,78,879,101,40,1022,366924,6260
S1,1,77,1077,583,74944,False,False,20261005T104005Z_7611453d,67.2525,512,216,70.0153,2.4868,75200,142,78,870,108,40,1021,366924,6260
S1,1,77,1077,584,75072,False,False,20261005T104005Z_7611453d,67.3746,512,216,69.6111,2.0471,75328,140,77,878,101,40,1021,366924,6260
S1,1,77,1077,585,75200,False,False,20261005T104005Z_7611453d,66.8678,512,216,67.7935,0.8323,75456,152,78,879,100,40,1022,366924,6260
S1,1,77,1077,586,75328,False,False,20261005T104005Z_7611453d,66.895,512,216,67.8443,0.837,75584,141,77,878,101,40,1021,366924,6260
S1,1,77,1077,587,75456,False,False,20261005T104005Z_7611453d,66.6819,512,216,67.6347,0.8538,75712,141,78,878,100,40,1021,366924,6260
S1,1,77,1077,588,75584,False,False,20261005T104005Z_7611453d,66.7527,512,216,67.709,0.8582,75840,142,78,879,100,40,1022,366924,6260
S1,1,77,1077,589,75712,False,False,20261005T104005Z_7611453d,66.6913,512,216,67.7084,0.9177,75968,139,78,870,109,40,1021,366924,6260
S1,1,77,1077,590,75840,False,False,20261005T104005Z_7611453d,66.6159,512,216,67.5764,0.8622,76096,139,78,878,100,47,1028,366924,6260
S1,1,77,1077,591,75968,False,False,20261005T104005Z_7611453d,66.6825,512,216,67.6968,0.9148,76224,142,77,878,101,40,1021,366924,6260
S1,1,77,1077,592,76096,False,False,20261005T104005Z_7611453d,66.7471,512,216,67.7427,0.9011,76352,141,78,878,101,40,1021,366924,6260
S1,1,77,1077,593,76224,False,False,20261005T104005Z_7611453d,66.9663,512,216,69.1499,2.028,76480,149,77,879,101,40,1022,366924,6260
S1,1,77,1077,594,76352,False,False,20261005T104005Z_7611453d,66.8192,512,216,67.8317,0.9075,76608,147,78,879,101,40,1022,366924,6260
S1,1,77,1077,595,76480,False,False,20261005T104005Z_7611453d,67.2164,512,216,69.3708,1.9543,76736,149,77,878,101,40,1021,366924,6260
S1,1,77,1077,596,76608,False,False,20261005T104005Z_7611453d,67.2298,512,216,69.5328,2.1106,76864,141,78,879,102,40,1022,366924,6260
S1,1,77,1077,597,76736,False,False,20261005T104005Z_7611453d,67.4947,512,216,69.8659,2.1677,76992,140,78,878,100,40,1021,366924,6260
S1,1,77,1077,598,76864,False,False,20261005T104005Z_7611453d,67.2304,512,216,69.5347,2.1001,77120,140,77,878,101,39,1021,366924,6260
S1,1,77,1077,599,76992,False,False,20261005T104005Z_7611453d,67.5945,512,216,70.5399,2.7149,77248,142,77,878,101,40,1021,366924,6260
S1,1,77,1077,600,77120,False,False,20261005T104005Z_7611453d,67.5458,512,216,69.1368,1.4648,77376,144,78,878,100,40,1021,366924,6260
S1,1,77,1077,601,77248,False,False,20261005T104005Z_7611453d,67.1728,512,216,69.7117,2.3595,77504,140,78,878,100,40,1021,366924,6260
S1,1,77,1077,602,77376,False,False,20261005T104005Z_7611453d,67.3476,512,216,69.0914,1.5852,77632,143,77,878,101,40,1021,366924,6260
S1,1,77,1077,603,77504,False,False,20261005T104005Z_7611453d,67.3718,512,216,69.0733,1.5155,77760,137,77,878,101,40,1021,366924,6260
S1,1,77,1077,604,77632,False,False,20261005T104005Z_7611453d,67.4409,512,216,70.1193,2.4554,77888,142,77,879,101,40,1022,366924,6260
S1,1,77,1077,605,77760,False,False,20261005T104005Z_7611453d,67.7383,512,216,70.3671,2.421,78016,140,78,879,101,40,1021,366924,6260
S1,1,77,1077,606,77888,False,False,20261005T104005Z_7611453d,67.4972,512,216,69.5528,1.8628,78144,150,78,879,102,39,1022,366924,6260
S1,1,77,1077,607,78016,False,False,20261005T104005Z_7611453d,67.3939,512,216,69.2926,1.6955,78272,147,78,879,100,40,1022,366924,6260
S1,1,77,1077,608,78144,False,False,20261005T104005Z_7611453d,67.6318,512,216,69.9978,2.1732,78400,141,78,879,100,40,1022,366924,6260
S1,1,77,1077,609,78272,False,False,20261005T104005Z_7611453d,67.3511,512,216,69.7944,2.2311,78528,142,77,879,101,39,1021,366924,6260
S1,1,77,1077,610,78400,False,False,20261005T104005Z_7611453d,67.2429,512,216,70.019,2.5378,78656,142,78,878,100,40,1021,366924,6260
S1,1,77,1077,611,78528,False,False,20261005T104005Z_7611453d,67.0538,512,216,68.7706,1.5769,78784,147,78,878,101,40,1021,366924,6260
S1,1,77,1077,612,78656,False,False,20261005T104005Z_7611453d,67.6255,512,216,69.9954,2.1644,78912,140,78,878,101,40,1021,366924,6260
S1,1,77,1077,613,78784,False,False,20261005T104005Z_7611453d,67.465,512,216,70.4737,2.794,79040,139,78,879,101,40,1021,366924,6260
S1,1,77,1077,614,78912,False,False,20261005T104005Z_7611453d,67.4476,512,216,69.9417,2.0478,79168,142,78,878,101,40,1021,366924,6260
S1,1,77,1077,615,79040,False,False,20261005T104005Z_7611453d,67.5692,512,216,69.0125,1.2754,79296,142,77,878,101,40,1022,366924,6260
S1,1,77,1077,616,79168,False,False,20261005T104005Z_7611453d,67.102,512,216,68.8373,1.5105,79424,144,78,879,101,40,1021,366924,6260
S1,1,77,1077,617,79296,False,False,20261005T104005Z_7611453d,67.324,512,216,69.088,1.5613,79552,139,77,878,101,40,1022,366924,6260
S1,1,77,1077,618,79424,False,False,20261005T104005Z_7611453d,67.3612,512,216,69.9109,2.3197,79680,142,78,878,101,48,1029,366924,6260
S1,1,77,1077,619,79552,False,False,20261005T104005Z_7611453d,67.6577,512,216,70.4448,2.4591,79808,141,78,878,101,40,1021,366924,6260
S1,1,77,1077,620,79680,False,False,20261005T104005Z_7611453d,67.9647,512,216,70.6812,2.4959,79936,140,78,870,109,39,1021,366924,6260
S1,1,77,1077,621,79808,False,False,20261005T104005Z_7611453d,67.4892,512,216,70.0024,2.3197,80064,140,77,878,101,40,1021,366924,6260
S1,1,77,1077,622,79936,False,False,20261005T104005Z_7611453d,67.3962,512,216,69.404,1.804,80192,140,78,878,100,40,1021,366924,6260
S1,1,77,1077,623,80064,False,False,20261005T104005Z_7611453d,67.4321,512,216,70.2476,2.5992,80320,149,77,878,101,40,1021,366924,6260
S1,1,77,1077,624,80192,False,False,20261005T104005Z_7611453d,66.8993,512,216,67.8499,0.8582,80448,146,77,878,101,39,1021,366924,6260
S1,1,77,1077,625,80320,False,False,20261005T104005Z_7611453d,67.1022,512,216,69.1811,1.9064,80576,140,78,878,100,40,1021,366924,6260
S1,1,77,1077,626,80448,False,False,20261005T104005Z_7611453d,67.1224,512,216,68.8681,1.5985,80704,141,78,879,101,40,1021,366924,6260
S1,1,77,1077,627,80576,False,False,20261005T104005Z_7611453d,67.2561,512,216,69.5505,2.108,80832,141,77,878,101,39,1021,366924,6260
S1,1,77,1077,628,80704,False,False,20261005T104005Z_7611453d,67.3792,512,216,70.1933,2.6067,80960,158,78,879,100,39,1021,366924,6260
S1,1,77,1077,629,80832,False,False,20261005T104005Z_7611453d,67.0877,512,216,69.1319,1.8865,81088,140,78,878,100,40,1020,366924,6260
S1,1,77,1077,630,80960,False,False,20261005T104005Z_7611453d,67.2375,512,216,69.1439,1.7594,81216,148,78,871,101,48,1022,366924,6260
S1,1,77,1077,631,81088,False,False,20261005T104005Z_7611453d,67.3093,512,216,69.6194,2.1258,81344,148,78,879,101,40,1021,366924,6260
S1,1,77,1077,632,81216,False,False,20261005T104005Z_7611453d,67.2006,512,216,69.6224,2.2537,81472,142,78,879,101,40,1021,366924,6260
S1,1,77,1077,633,81344,False,False,20261005T104005Z_7611453d,67.2137,512,216,69.1428,1.7525,81600,141,78,879,101,40,1022,366924,6260
S1,1,77,1077,634,81472,False,False,20261005T104005Z_7611453d,66.824,512,216,67.8046,0.8836,81728,145,77,878,101,39,1021,366924,6260
S1,1,77,1077,635,81600,False,False,20261005T104005Z_7611453d,67.248,512,216,70.0433,2.5827,81856,140,78,879,102,40,1022,366924,6260
S1,1,77,1077,636,81728,False,False,20261005T104005Z_7611453d,67.3204,512,216,70.3252,2.569,81984,155,85,870,108,40,1021,366924,6260
S1,1,77,1077,637,81856,False,False,20261005T104005Z_7611453d,68.0501,512,216,70.3552,2.0837,82112,141,78,879,101,39,1021,366924,6260
S1,1,77,1077,638,81984,False,False,20261005T104005Z_7611453d,67.3216,512,216,69.7572,2.208,82240,142,77,878,102,40,1022,366924,6260
S1,1,77,1077,639,82112,False,False,20261005T104005Z_7611453d,66.6509,512,216,67.7485,0.9995,82368,140,78,878,101,40,1022,366924,6260
S1,1,77,1077,640,82240,False,False,20261005T104005Z_7611453d,66.8919,512,216,69.1619,2.1207,82496,141,78,878,101,40,1021,366924,6260
S1,1,77,1077,641,82368,False,False,20261005T104005Z_7611453d,67.7958,512,216,70.3545,2.2168,82624,140,78,878,100,40,1021,366924,6260
S1,1,77,1077,642,82496,False,False,20261005T104005Z_7611453d,68.026,512,216,70.5669,2.3108,82752,144,78,878,101,39,1021,366924,6260
S1,1,77,1077,643,82624,False,False,20261005T104005Z_7611453d,66.9154,512,216,68.0258,0.9921,82880,140,78,879,102,40,1022,366924,6260
S1,1,77,1077,644,82752,False,False,20261005T104005Z_7611453d,67.0939,512,216,68.6771,1.4302,83008,143,77,879,101,39,1021,366924,6260
S1,1,77,1077,645,82880,False,False,20261005T104005Z_7611453d,66.8846,512,216,67.92,0.9239,83136,151,78,879,101,39,1021,366924,6260
S1,1,77,1077,646,83008,False,False,20261005T104005Z_7611453d,67.3026,512,216,69.1616,1.616,83264,141,78,878,100,40,1021,366924,6260
S1,1,77,1077,647,83136,False,False,20261005T104005Z_7611453d,67.3246,512,216,69.0191,1.5363,83392,141,78,878,100,40,1021,366924,6260
S1,1,77,1077,648,83264,False,False,20261005T104005Z_7611453d,67.3712,512,216,69.0576,1.5181,83520,142,77,878,101,40,1022,366924,6260
S1,1,77,1077,649,83392,False,False,20261005T104005Z_7611453d,67.6645,512,216,69.9098,1.9255,83648,140,78,878,101,39,1021,366924,6260
S1,1,77,1077,650,83520,False,False,20261005T104005Z_7611453d,67.5911,512,216,69.483,1.7209,83776,151,78,879,101,40,1021,366924,6260
S1,1,77,1077,651,83648,False,False,20261005T104005Z_7611453d,67.3385,512,216,68.9533,1.4604,83904,140,78,878,100,40,1021,366924,6260
S1,1,77,1077,652,83776,False,False,20261005T104005Z_7611453d,67.4542,512,216,69.4706,1.8283,84032,140,85,870,109,40,1021,366924,6260
S1,1,77,1077,653,83904,False,False,20261005T104005Z_7611453d,67.2749,512,216,68.5695,1.1754,84160,142,77,879,101,40,1022,366924,6260
S1,1,77,1077,654,84032,False,False,20261005T104005Z_7611453d,67.3867,512,216,70.03,2.4237,84288,141,77,878,101,40,1021,366924,6260
S1,1,77,1077,655,84160,False,False,20261005T104005Z_7611453d,67.3543,512,216,69.9629,2.3929,84416,148,78,878,101,40,1021,366924,6260
S1,1,77,1077,656,84288,False,False,20261005T104005Z_7611453d,67.3752,512,216,69.9619,2.3673,84544,141,78,878,101,39,1021,366924,6260
S1,1,77,1077,657,84416,False,False,20261005T104005Z_7611453d,66.9252,512,216,68.1995,1.1549,84672,140,78,878,100,40,1021,366924,6260
S1,1,77,1077,658,84544,False,False,20261005T104005Z_7611453d,67.3629,512,216,69.8883,2.3476,84800,141,77,878,101,40,1022,366924,6260
S1,1,77,1077,659,84672,False,False,20261005T104005Z_7611453d,67.5109,512,216,69.8955,2.1705,84928,139,77,878,101,39,1021,366924,6260
S1,1,77,1077,660,84800,False,False,20261005T104005Z_7611453d,67.0598,512,216,68.7188,1.5055,85056,142,78,879,100,40,1022,366924,6260
S1,1,77,1077,661,84928,False,False,20261005T104005Z_7611453d,67.1279,512,216,68.6463,1.3693,85184,140,77,879,101,39,1021,366924,6260
S1,1,77,1077,662,85056,False,False,20261005T104005Z_7611453d,67.4493,512,216,69.4733,1.8383,85312,150,78,879,101,40,1021,366924,6260
S1,1,77,1077,663,85184,False,False,20261005T104005Z_7611453d,66.9795,512,216,68.2765,1.1669,85440,141,77,878,101,39,1021,366924,6260
S1,1,77,1077,664,85312,False,False,20261005T104005Z_7611453d,67.1873,512,216,68.2897,0.9881,85568,142,77,878,101,39,1021,366924,6260
S1,1,77,1077,665,85440,False,False,20261005T104005Z_7611453d,67.3422,512,216,68.4428,0.9872,85696,139,77,878,101,40,1021,366924,6260
S1,1,77,1077,666,85568,False,False,20261005T104005Z_7611453d,67.4176,512,216,69.5397,1.8676,85824,140,78,878,100,40,1021,366924,6260
S1,1,77,1077,667,85696,False,False,20261005T104005Z_7611453d,67.5829,512,216,69.662,1.8684,85952,139,77,878,101,40,1021,366924,6260
S1,1,77,1077,668,85824,False,False,20261005T104005Z_7611453d,67.6556,512,216,69.547,1.713,86080,139,78,878,100,40,1021,366924,6260
S1,1,77,1077,669,85952,False,False,20261005T104005Z_7611453d,67.5329,512,216,69.2946,1.5924,86208,140,78,878,100,40,1021,366924,6260
S1,1,77,1077,670,86080,False,False,20261005T104005Z_7611453d,67.3726,512,216,69.8745,2.2251,86336,141,78,878,101,39,1021,366924,6260
S1,1,77,1077,671,86208,False,False,20261005T104005Z_7611453d,67.2028,512,216,69.1981,1.8241,86464,140,77,879,101,39,1021,366924,6260
S1,1,77,1077,672,86336,False,False,20261005T104005Z_7611453d,67.4472,512,216,69.8592,2.2071,86592,141,78,879,101,40,1022,366924,6260
S1,1,77,1077,673,86464,False,False,20261005T104005Z_7611453d,66.9951,512,216,68.5592,1.4193,86720,143,78,879,102,40,1022,366924,6260
S1,1,77,1077,674,86592,False,False,20261005T104005Z_7611453d,67.1716,512,216,69.1472,1.7842,86848,142,78,878,100,40,1021,366924,6260
S1,1,77,1077,675,86720,False,False,20261005T104005Z_7611453d,67.1729,512,216,69.6007,2.2024,86976,141,77,879,101,40,1022,366924,6260
S1,1,77,1077,676,86848,False,False,20261005T104005Z_7611453d,67.593,512,216,69.8424,2.0451,87104,140,77,879,101,40,1021,366924,6260
S1,1,77,1077,677,86976,False,False,20261005T104005Z_7611453d,67.4512,512,216,69.6865,2.0319,87232,150,77,878,101,40,1021,366924,6260
S1,1,77,1077,678,87104,False,False,20261005T104005Z_7611453d,67.5361,512,216,69.831,2.1067,87360,141,77,878,101,39,1021,366924,6260
S1,1,77,1077,679,87232,False,False,20261005T104005Z_7611453d,67.3939,512,216,69.2599,1.7088,87488,148,77,871,108,40,1021,366924,6260
S1,1,77,1077,680,87360,False,False,20261005T104005Z_7611453d,67.3605,512,216,69.6658,2.1241,87616,140,78,878,101,40,1021,366924,6260
S1,1,77,1077,681,87488,False,False,20261005T104005Z_7611453d,67.4483,512,216,70.2222,2.5629,87744,141,78,878,100,40,1021,366924,6260
S1,1,77,1077,682,87616,False,False,20261005T104005Z_7611453d,67.9212,512,216,70.5148,2.3589,87872,141,77,879,101,39,1021,366924,6260
S1,1,77,1077,683,87744,False,False,20261005T104005Z_7611453d,67.4872,512,216,70.0183,2.3043,88000,141,77,878,101,40,1021,366924,6260
S1,1,77,1077,684,87872,False,False,20261005T104005Z_7611453d,67.213,512,216,69.6466,2.2192,88128,140,78,878,101,40,1021,366924,6260
S1,1,77,1077,685,88000,False,False,20261005T104005Z_7611453d,67.4515,512,216,69.4882,1.8318,88256,141,78,878,101,39,1021,366924,6260
S1,1,77,1077,686,88128,False,False,20261005T104005Z_7611453d,67.3327,512,216,69.0068,1.524,88384,140,77,878,101,40,1021,366924,6260
S1,1,77,1077,687,88256,False,False,20261005T104005Z_7611453d,66.8696,512,216,68.1881,1.2018,88512,141,78,879,101,40,1022,366924,6260
S1,1,77,1077,688,88384,False,False,20261005T104005Z_7611453d,67.2639,512,216,69.5235,2.0857,88640,140,85,870,108,40,1021,366924,6260
S1,1,77,1077,689,88512,False,False,20261005T104005Z_7611453d,67.4499,512,216,69.8253,2.1928,88768,149,77,878,101,39,1021,366924,6260
S1,1,77,1077,690,88640,False,False,20261005T104005Z_7611453d,67.3499,512,216,69.321,1.7982,88896,140,78,871,108,40,1022,366924,6260
S1,1,77,1077,691,88768,False,False,20261005T104005Z_7611453d,67.4491,512,216,70.0169,2.2805,89024,140,77,878,101,39,1021,366924,6260
S1,1,77,1077,692,88896,False,False,20261005T104005Z_7611453d,67.5297,512,216,69.7427,2.0027,89152,141,77,878,101,39,1021,366924,6260
S1,1,77,1077,693,89024,False,False,20261005T104005Z_7611453d,67.7895,512,216,70.373,2.3989,89280,150,77,878,101,39,1021,366924,6260
S1,1,77,1077,694,89152,False,False,20261005T104005Z_7611453d,66.9013,512,216,68.4485,1.4126,89408,138,77,879,101,40,1021,366924,6260
S1,1,77,1077,695,89280,False,False,20261005T104005Z_7611453d,67.2117,512,216,69.4389,2.042,89536,141,78,878,100,40,1021,366924,6260
S1,1,77,1077,696,89408,False,False,20261005T104005Z_7611453d,67.2414,512,216,69.4507,2.0526,89664,148,78,878,101,39,1021,366924,6260
S1,1,77,1077,697,89536,False,False,20261005T104005Z_7611453d,67.1896,512,216,69.3253,1.9736,89792,139,85,870,100,47,1020,366924,6260
S1,1,77,1077,698,89664,False,False,20261005T104005Z_7611453d,67.1975,512,216,69.4192,2.0521,89920,138,78,878,101,39,1021,366924,6260
S1,1,77,1077,699,89792,False,False,20261005T104005Z_7611453d,67.1368,512,216,69.1918,1.8677,90048,137,77,878,101,40,1021,366924,6260
S1,1,77,1077,700,89920,False,False,20261005T104005Z_7611453d,67.1459,512,216,69.138,1.815,90176,143,77,878,101,40,1022,366924,6260
S1,1,77,1077,701,90048,False,False,20261005T104005Z_7611453d,67.0761,512,216,69.2884,2.0489,90304,139,78,878,100,40,1021,366924,6260
S1,1,77,1077,702,90176,False,False,20261005T104005Z_7611453d,67.2909,512,216,69.1371,1.6761,90432,143,78,878,100,40,1021,366924,6260
S1,1,77,1077,703,90304,False,False,20261005T104005Z_7611453d,67.2242,512,216,69.4744,2.0804,90560,150,77,878,101,40,1021,366924,6260
S1,1,77,1077,704,90432,False,False,20261005T104005Z_7611453d,67.3362,512,216,69.8237,2.2951,90688,141,77,878,101,40,1021,366924,6260
S1,1,77,1077,705,90560,False,False,20261005T104005Z_7611453d,67.3039,512,216,69.9047,2.2425,90816,141,78,878,100,40,1021,366924,6260
S1,1,77,1077,706,90688,False,False,20261005T104005Z_7611453d,67.5216,512,216,69.1093,1.4406,90944,139,78,879,101,40,1022,366924,6260
S1,1,77,1077,707,90816,False,False,20261005T104005Z_7611453d,67.5494,512,216,69.8688,2.1203,91072,150,78,870,109,40,1021,366924,6260
S1,1,77,1077,708,90944,False,False,20261005T104005Z_7611453d,67.4549,512,216,69.9996,2.3155,91200,143,77,878,101,39,1021,366924,6260
S1,1,77,1077,709,91072,False,False,20261005T104005Z_7611453d,66.9168,512,216,68.2947,1.1975,91328,148,78,879,100,40,1022,366924,6260
S1,1,77,1077,710,91200,False,False,20261005T104005Z_7611453d,67.0999,512,216,68.7078,1.4636,91456,139,77,878,101,40,1021,366924,6260
S1,1,77,1077,711,91328,False,False,20261005T104005Z_7611453d,68.0305,512,216,70.2979,2.0481,91584,148,78,871,108,40,1022,366924,6260
S1,1,77,1077,712,91456,False,False,20261005T104005Z_7611453d,66.9591,512,216,68.3167,1.2203,91712,144,77,878,101,40,1021,366924,6260
S1,1,77,1077,713,91584,False,False,20261005T104005Z_7611453d,67.3586,512,216,69.586,2.047,91840,142,77,878,101,40,1021,366924,6260
S1,1,77,1077,714,91712,False,False,20261005T104005Z_7611453d,67.3886,512,216,69.1815,1.6262,91968,149,78,870,109,40,1021,366924,6260
S1,1,77,1077,715,91840,False,False,20261005T104005Z_7611453d,67.2035,512,216,69.1991,1.8185,92096,140,78,878,100,40,1021,366924,6260
S1,1,77,1077,716,91968,False,False,20261005T104005Z_7611453d,66.8978,512,216,67.8961,0.89,92224,147,85,871,108,40,1021,366924,6260
S1,1,77,1077,717,92096,False,False,20261005T104005Z_7611453d,67.2331,512,216,68.7595,1.2587,92352,138,78,870,109,40,1021,366924,6260
S1,1,77,1077,718,92224,False,False,20261005T104005Z_7611453d,67.2668,512,216,69.6645,2.188,92480,137,78,878,100,48,1028,366924,6260
S1,1,77,1077,719,92352,False,False,20261005T104005Z_7611453d,67.8643,512,216,70.5312,2.4418,92608,140,77,878,101,47,1029,366924,6260
S1,1,77,1077,720,92480,False,False,20261005T104005Z_7611453d,67.0624,512,216,68.7436,1.5169,92736,148,77,878,101,39,1021,366924,6260
S1,1,77,1077,721,92608,False,False,20261005T104005Z_7611453d,67.5505,512,216,70.1911,2.3539,92864,149,78,879,101,40,1022,366924,6260
S1,1,77,1077,722,92736,False,False,20261005T104005Z_7611453d,67.2136,512,216,68.9249,1.5705,92992,137,77,878,101,40,1021,366924,6260
S1,1,77,1077,723,92864,False,False,20261005T104005Z_7611453d,66.9886,512,216,68.2253,1.1223,93120,151,78,878,101,40,1021,366924,6260
S1,1,77,1077,724,92992,False,False,20261005T104005Z_7611453d,68.2681,512,216,70.6062,2.1382,93248,142,78,879,100,47,1029,366924,6260
S1,1,77,1077,725,93120,False,False,20261005T104005Z_7611453d,67.0188,512,216,68.3788,1.2387,93376,143,78,878,101,40,1021,366924,6260
S1,1,77,1077,726,93248,False,False,20261005T104005Z_7611453d,66.8145,512,216,67.7658,0.8573,93504,139,78,879,101,40,1022,366924,6260
S1,1,77,1077,727,93376,False,False,20261005T104005Z_7611453d,67.2316,512,216,68.5998,1.1836,93632,143,78,879,101,40,1021,366924,6260
S1,1,77,1077,728,93504,False,False,20261005T104005Z_7611453d,67.5982,512,216,70.2588,2.4483,93760,143,77,879,101,40,1021,366924,6260
S1,1,77,1077,729,93632,False,False,20261005T104005Z_7611453d,67.8738,512,216,69.9046,1.8534,93888,151,78,879,101,40,1021,366924,6260
S1,1,77,1077,730,93760,False,False,20261005T104005Z_7611453d,67.5282,512,216,69.6998,1.9857,94016,140,85,870,108,40,1021,366924,6260
S1,1,77,1077,731,93888,False,False,20261005T104005Z_7611453d,66.9909,512,216,68.0165,0.9259,94144,150,85,871,108,40,1021,366924,6260
S1,1,77,1077,732,94016,False,False,20261005T104005Z_7611453d,68.6404,512,216,71.0621,2.2055,94272,142,77,879,101,40,1021,366924,6260
S1,1,77,1077,733,94144,False,False,20261005T104005Z_7611453d,67.5265,512,216,69.7959,2.074,94400,140,78,879,102,39,1022,366924,6260
S1,1,77,1077,734,94272,False,False,20261005T104005Z_7611453d,67.4388,512,216,69.817,2.0719,94528,142,77,879,101,40,1021,366924,6260
S1,1,77,1077,735,94400,False,False,20261005T104005Z_7611453d,67.4522,512,216,69.9162,2.2475,94656,139,78,878,101,40,1021,366924,6260
S1,1,77,1077,736,94528,False,False,20261005T104005Z_7611453d,67.5193,512,216,69.3209,1.6058,94784,141,78,878,100,40,1021,366924,6260
S1,1,77,1077,737,94656,False,False,20261005T104005Z_7611453d,67.8029,512,216,70.9716,2.9398,94912,141,77,879,101,40,1022,366924,6260
S1,1,77,1077,738,94784,False,False,20261005T104005Z_7611453d,67.4041,512,216,70.1558,2.2294,95040,139,78,878,101,39,1021,366924,6260
S1,1,77,1077,739,94912,False,False,20261005T104005Z_7611453d,67.878,512,216,70.5498,2.4301,95168,143,78,879,100,40,1022,366924,6260
S1,1,77,1077,740,95040,False,False,20261005T104005Z_7611453d,67.7819,512,216,70.2227,2.1944,95296,147,78,879,102,39,1022,366924,6260
S1,1,77,1077,741,95168,False,False,20261005T104005Z_7611453d,67.4918,512,216,69.8465,2.1437,95424,149,77,878,101,40,1021,366924,6260
S1,1,77,1077,742,95296,False,False,20261005T104005Z_7611453d,67.4252,512,216,69.8585,2.2244,95552,141,77,879,101,40,1021,366924,6260
S1,1,77,1077,743,95424,False,False,20261005T104005Z_7611453d,67.4416,512,216,70.4078,2.7582,95680,139,78,878,100,40,1020,366924,6260
S1,1,77,1077,744,95552,False,False,20261005T104005Z_7611453d,67.7213,512,216,70.5398,2.2132,95808,140,78,879,101,40,1022,366924,6260
S1,1,77,1077,745,95680,False,False,20261005T104005Z_7611453d,66.8266,512,216,67.871,0.9283,95936,140,78,878,101,40,1021,366924,6260
S1,1,77,1077,746,95808,False,False,20261005T104005Z_7611453d,67.4086,512,216,70.2484,2.6114,96064,140,78,878,100,40,1021,366924,6260
S1,1,77,1077,747,95936,False,False,20261005T104005Z_7611453d,67.6245,512,216,70.0971,2.2573,96192,140,78,878,101,48,1029,366924,6260
S1,1,77,1077,748,96064,False,False,20261005T104005Z_7611453d,67.5687,512,216,69.781,1.9885,96320,142,78,878,101,40,1021,366924,6260
S1,1,77,1077,749,96192,False,False,20261005T104005Z_7611453d,67.1192,512,216,69.4675,2.1336,96448,140,77,878,101,40,1021,366924,6260
S1,1,77,1077,750,96320,False,False,20261005T104005Z_7611453d,67.4909,512,216,69.8843,2.1773,96576,143,77,878,101,39,1021,366924,6260
S1,1,77,1077,751,96448,False,False,20261005T104005Z_7611453d,67.3368,512,216,69.4103,1.8846,96704,139,77,879,101,40,1021,366924,6260
S1,1,77,1077,752,96576,False,False,20261005T104005Z_7611453d,67.0665,512,216,69.1219,1.87,96832,150,77,878,101,39,1021,366924,6260
S1,1,77,1077,753,96704,False,False,20261005T104005Z_7611453d,67.5086,512,216,69.9117,2.2007,96960,141,78,878,101,39,1021,366924,6260
S1,1,77,1077,754,96832,False,False,20261005T104005Z_7611453d,67.3018,512,216,71.003,3.4949,97088,140,77,878,101,39,1021,366924,6260
S1,1,77,1077,755,96960,False,False,20261005T104005Z_7611453d,67.0847,512,216,68.4176,1.1716,97216,139,78,878,101,40,1021,366924,6260
S1,1,77,1077,756,97088,False,False,20261005T104005Z_7611453d,67.1314,512,216,68.241,1.0096,97344,138,78,879,101,40,1022,366924,6260
S1,1,77,1077,757,97216,False,False,20261005T104005Z_7611453d,67.2208,512,216,69.0904,1.714,97472,140,78,878,100,40,1021,366924,6260
S1,1,77,1077,758,97344,False,False,20261005T104005Z_7611453d,66.7993,512,216,67.7618,0.8668,97600,142,78,878,101,40,1021,366924,6260
S1,1,77,1077,759,97472,False,False,20261005T104005Z_7611453d,67.3543,512,216,69.4781,1.9298,97728,139,78,878,101,40,1021,366924,6260
S1,1,77,1077,760,97600,False,False,20261005T104005Z_7611453d,67.2002,512,216,68.1936,0.8928,97856,142,77,878,101,39,1021,366924,6260
S1,1,77,1077,761,97728,False,False,20261005T104005Z_7611453d,66.8418,512,216,67.8166,0.878,97984,144,77,878,101,40,1022,366924,6260
S1,1,77,1077,762,97856,False,False,20261005T104005Z_7611453d,67.2002,512,216,68.3549,0.9919,98112,137,78,879,102,40,1022,366924,6260
S1,1,77,1077,763,97984,False,False,20261005T104005Z_7611453d,67.1817,512,216,69.5139,2.1785,98240,141,78,870,108,40,1021,366924,6260
S1,1,77,1077,764,98112,False,False,20261005T104005Z_7611453d,67.5134,512,216,69.1772,1.4728,98368,141,77,879,101,40,1022,366924,6260
S1,1,77,1077,765,98240,False,False,20261005T104005Z_7611453d,66.9678,512,216,68.3379,1.244,98496,149,78,878,100,40,1021,366924,6260
S1,1,77,1077,766,98368,False,False,20261005T104005Z_7611453d,67.1856,512,216,69.4049,2.0391,98624,140,77,878,101,39,1021,366924,6260
S1,1,77,1077,767,98496,False,False,20261005T104005Z_7611453d,67.1366,512,216,69.2391,1.9504,98752,143,77,878,101,40,1022,366924,6260
S1,1,77,1077,768,98624,False,False,20261005T104005Z_7611453d,67.1058,512,216,68.9433,1.6947,98880,147,85,871,100,47,1021,366924,6260
S1,1,77,1077,769,98752,False,False,20261005T104005Z_7611453d,67.142,512,216,69.1086,1.8119,99008,150,77,871,109,40,1021,366924,6260
S1,1,77,1077,770,98880,False,False,20261005T104005Z_7611453d,67.1193,512,216,69.4146,2.1266,99136,140,77,878,101,39,1021,366924,6260
S1,1,77,1077,771,99008,False,False,20261005T104005Z_7611453d,67.3644,512,216,70.8027,3.2317,99264,149,78,878,101,40,1021,366924,6260
S1,1,77,1077,772,99136,False,False,20261005T104005Z_7611453d,67.6934,512,216,69.911,2.0231,99392,141,78,879,101,40,1021,366924,6260
S1,1,77,1077,773,99264,False,False,20261005T104005Z_7611453d,67.2616,512,216,69.0819,1.6558,99520,142,78,878,101,40,1021,366924,6260
S1,1,77,1077,774,99392,False,False,20261005T104005Z_7611453d,67.1002,512,216,68.4149,1.192,99648,141,78,879,101,40,1022,366924,6260
S1,1,77,1077,775,99520,False,False,20261005T104005Z_7611453d,66.9942,512,216,68.6101,1.4638,99776,143,77,878,101,40,1021,366924,6260
S1,1,77,1077,776,99648,False,False,20261005T104005Z_7611453d,67.9166,512,216,70.6399,2.512,99904,142,78,879,101,40,1022,366924,6260
S1,1,77,1077,777,99776,False,False,20261005T104005Z_7611453d,67.0027,512,216,68.4165,1.2881,100032,140,78,878,101,40,1021,366924,6260
S1,1,77,1077,778,99904,False,False,20261005T104005Z_7611453d,67.6857,512,216,70.2733,2.3592,100160,141,77,878,101,40,1021,366924,6260
S1,1,77,1077,779,100032,False,False,20261005T104005Z_7611453d,67.221,512,216,69.707,2.2804,100288,139,77,878,101,40,1021,366924,6260
S1,1,77,1077,780,100160,False,False,20261005T104005Z_7611453d,67.4098,512,216,70.1842,2.5804,100416,139,77,878,101,40,1022,366924,6260
S1,1,77,1077,781,100288,False,False,20261005T104005Z_7611453d,67.5158,512,216,69.5406,1.8262,100544,139,77,871,108,40,1021,366924,6260
S1,1,77,1077,782,100416,False,False,20261005T104005Z_7611453d,67.5762,512,216,69.5076,1.7398,100672,138,78,878,100,40,1021,366924,6260
S1,1,77,1077,783,100544,False,False,20261005T104005Z_7611453d,67.7069,512,216,70.7482,2.7678,100800,141,78,879,101,40,1021,366924,6260
S1,1,77,1077,784,100672,False,False,20261005T104005Z_7611453d,67.0423,512,216,69.209,2.0176,100928,139,78,879,101,40,1022,366924,6260
S1,1,77,1077,785,100800,False,False,20261005T104005Z_7611453d,67.716,512,216,70.9223,2.9788,101056,150,78,878,100,40,1021,366924,6260
S1,1,77,1077,786,100928,False,False,20261005T104005Z_7611453d,67.1666,512,216,68.7347,1.4252,101184,147,78,878,101,40,1021,366924,6260
S1,1,77,1077,787,101056,False,False,20261005T104005Z_7611453d,67.2209,512,216,68.8382,1.4592,101312,141,77,878,101,40,1021,366924,6260
S1,1,77,1077,788,101184,False,False,20261005T104005Z_7611453d,67.1297,512,216,68.6292,1.2171,101440,139,77,878,101,39,1021,366924,6260
S1,1,77,1077,789,101312,False,False,20261005T104005Z_7611453d,67.3501,512,216,69.138,1.5961,101568,141,78,878,100,40,1021,366924,6260
S1,1,77,1077,790,101440,False,False,20261005T104005Z_7611453d,67.4154,512,216,69.0313,1.4253,101696,141,78,879,101,40,1022,366924,6260
S1,1,77,1077,791,101568,False,False,20261005T104005Z_7611453d,67.2917,512,216,69.3085,1.8277,101824,148,77,878,101,40,1022,366924,6260
S1,1,77,1077,792,101696,False,False,20261005T104005Z_7611453d,67.3427,512,216,69.3942,1.8697,101952,140,78,878,100,40,1021,366924,6260
S1,1,77,1077,793,101824,False,False,20261005T104005Z_7611453d,67.2836,512,216,69.0929,1.642,102080,141,78,879,101,40,1022,366924,6260
S1,1,77,1077,794,101952,False,False,20261005T104005Z_7611453d,67.1739,512,216,69.2817,1.9371,102208,146,77,871,109,39,1021,366924,6260
S1,1,77,1077,795,102080,False,False,20261005T104005Z_7611453d,66.876,512,216,68.4196,1.4036,102336,148,77,878,101,40,1021,366924,6260
S1,1,77,1077,796,102208,False,False,20261005T104005Z_7611453d,66.9512,512,216,68.5307,1.424,102464,140,78,878,100,40,1021,366924,6260
S1,1,77,1077,797,102336,False,False,20261005T104005Z_7611453d,67.6674,512,216,70.5111,2.5774,102592,149,78,879,101,40,1021,366924,6260
S1,1,77,1077,798,102464,False,False,20261005T104005Z_7611453d,67.2268,512,216,69.8805,2.4341,102720,141,77,878,101,39,1021,366924,6260
S1,1,77,1077,799,102592,False,False,20261005T104005Z_7611453d,68.0262,512,216,70.933,2.6744,102848,141,78,879,101,40,1022,366924,6260
S1,1,77,1077,800,102720,False,False,20261005T104005Z_7611453d,67.3974,512,216,69.4979,1.8937,102976,142,78,879,100,40,1022,366924,6260
S1,1,77,1077,801,102848,False,False,20261005T104005Z_7611453d,67.3402,512,216,69.3699,1.8604,103104,142,78,878,101,40,1022,366924,6260
S1,1,77,1077,802,102976,False,False,20261005T104005Z_7611453d,66.9096,512,216,67.984,0.9684,103232,142,78,878,101,39,1021,366924,6260
S1,1,77,1077,803,103104,False,False,20261005T104005Z_7611453d,66.919,512,216,67.9607,0.925,103360,140,78,878,100,40,1021,366924,6260
S1,1,77,1077,804,103232,False,False,20261005T104005Z_7611453d,67.0427,512,216,68.8463,1.5013,103488,140,78,879,100,40,1021,366924,6260
S1,1,77,1077,805,103360,False,False,20261005T104005Z_7611453d,68.3539,512,216,70.4627,1.921,103616,142,78,879,102,40,1022,366924,6260
S1,1,77,1077,806,103488,False,False,20261005T104005Z_7611453d,66.961,512,216,67.9031,0.8519,103744,141,77,879,101,40,1021,366924,6260
S1,1,77,1077,807,103616,False,False,20261005T104005Z_7611453d,67.3629,512,216,69.6936,1.946,103872,139,77,878,101,40,1021,366924,6260
S1,1,77,1077,808,103744,False,False,20261005T104005Z_7611453d,67.4789,512,216,69.1323,1.3933,104000,140,78,878,101,40,1021,366924,6260
S1,1,77,1077,809,103872,False,False,20261005T104005Z_7611453d,67.6969,512,216,70.2787,2.3849,104128,139,77,878,101,40,1021,366924,6260
S1,1,77,1077,810,104000,False,False,20261005T104005Z_7611453d,67.5792,512,216,70.1046,2.3281,104256,138,77,878,101,39,1021,366924,6260
S1,1,77,1077,811,104128,False,False,20261005T104005Z_7611453d,67.4115,512,216,69.6544,2.0477,104384,140,77,878,101,40,1021,366924,6260
S1,1,77,1077,812,104256,False,False,20261005T104005Z_7611453d,67.2082,512,216,68.9556,1.6024,104512,138,77,879,101,40,1021,366924,6260
S1,1,77,1077,813,104384,False,False,20261005T104005Z_7611453d,66.8232,512,216,67.8796,0.9519,104640,140,78,878,100,40,1021,366924,6260
S1,1,77,1077,814,104512,False,False,20261005T104005Z_7611453d,67.1595,512,216,68.6871,1.3894,104768,138,78,878,100,40,1021,366924,6260
S1,1,77,1077,815,104640,False,False,20261005T104005Z_7611453d,67.4106,512,216,68.4994,0.9827,104896,142,78,878,101,40,1021,366924,6260
S1,1,77,1077,816,104768,False,False,20261005T104005Z_7611453d,67.2587,512,216,69.1139,1.6746,105024,142,77,878,101,40,1022,366924,6260
S1,1,77,1077,817,104896,False,False,20261005T104005Z_7611453d,67.2058,512,216,68.7493,1.3666,105152,138,78,878,100,40,1021,366924,6260
S1,1,77,1077,818,105024,False,False,20261005T104005Z_7611453d,66.8748,512,216,67.8175,0.8488,105280,139,77,878,101,40,1021,366924,6260
S1,1,77,1077,819,105152,False,False,20261005T104005Z_7611453d,67.3417,512,216,69.5722,2.0361,105408,140,78,878,100,40,1021,366924,6260
S1,1,77,1077,820,105280,False,False,20261005T104005Z_7611453d,67.5045,512,216,68.9105,1.222,105536,140,78,878,101,40,1021,366924,6260
S1,1,77,1077,821,105408,False,False,20261005T104005Z_7611453d,67.5649,512,216,70.1114,2.3464,105664,144,77,878,101,39,1021,366924,6260
S1,1,77,1077,822,105536,False,False,20261005T104005Z_7611453d,67.4188,512,216,69.268,1.6536,105792,143,77,879,101,40,1021,366924,6260
S1,1,77,1077,823,105664,False,False,20261005T104005Z_7611453d,66.7068,512,216,67.7599,0.9537,105920,140,77,878,101,40,1021,366924,6260
S1,1,77,1077,824,105792,False,False,20261005T104005Z_7611453d,66.683,512,216,67.6273,0.8489,106048,140,78,878,101,40,1021,366924,6260
S1,1,77,1077,825,105920,False,False,20261005T104005Z_7611453d,66.9896,512,216,68.1682,1.0725,106176,141,77,878,101,39,1021,366924,6260
S1,1,77,1077,826,106048,False,False,20261005T104005Z_7611453d,66.7867,512,216,67.7711,0.871,106304,141,78,878,101,40,1021,366924,6260
S1,1,77,1077,827,106176,False,False,20261005T104005Z_7611453d,66.7401,512,216,67.8139,0.9814,106432,144,78,879,100,40,1022,366924,6260
S1,1,77,1077,828,106304,False,False,20261005T104005Z_7611453d,66.6401,512,216,67.5957,0.8585,106560,139,78,879,101,40,1022,366924,6260
S1,1,77,1077,829,106432,False,False,20261005T104005Z_7611453d,67.2426,512,216,69.3945,1.9741,106688,141,77,878,101,39,1021,366924,6260
S1,1,77,1077,830,106560,False,False,20261005T104005Z_7611453d,67.3387,512,216,69.5879,2.0643,106816,150,77,878,101,39,1021,366924,6260
S1,1,77,1077,831,106688,False,False,20261005T104005Z_7611453d,67.3381,512,216,69.3382,1.8296,106944,150,85,871,108,40,1021,366924,6260
S1,1,77,1077,832,106816,False,False,20261005T104005Z_7611453d,67.1009,512,216,68.2097,0.996,107072,149,78,879,101,40,1021,366924,6260
S1,1,77,1077,833,106944,False,False,20261005T104005Z_7611453d,66.9236,512,216,68.0726,1.0438,107200,142,86,871,108,40,1022,366924,6260
S1,1,77,1077,834,107072,False,False,20261005T104005Z_7611453d,67.4896,512,216,70.1336,2.4311,107328,140,77,879,101,40,1021,366924,6260
S1,1,77,1077,835,107200,False,False,20261005T104005Z_7611453d,67.597,512,216,70.0332,2.2207,107456,144,78,878,101,40,1021,366924,6260
S1,1,77,1077,836,107328,False,False,20261005T104005Z_7611453d,67.2294,512,216,69.3888,1.965,107584,142,78,878,100,40,1021,366924,6260
S1,1,77,1077,837,107456,False,False,20261005T104005Z_7611453d,66.9597,512,216,68.5648,1.4311,107712,142,77,878,101,40,1021,366924,6260
S1,1,77,1077,838,107584,False,False,20261005T104005Z_7611453d,67.1499,512,216,68.6378,1.3511,107840,141,78,870,108,40,1021,366924,6260
S1,1,77,1077,839,107712,False,False,20261005T104005Z_7611453d,67.2022,512,216,69.0074,1.6433,107968,142,78,878,100,40,1021,366924,6260
S1,1,77,1077,840,107840,False,False,20261005T104005Z_7611453d,66.8082,512,216,68.5894,1.6228,108096,141,78,878,100,40,1021,366924,6260
S1,1,77,1077,841,107968,False,False,20261005T104005Z_7611453d,67.4911,512,216,69.9851,2.289,108224,139,78,878,100,40,1021,366924,6260
S1,1,77,1077,842,108096,False,False,20261005T104005Z_7611453d,67.4715,512,216,69.9278,2.2392,108352,142,78,878,100,40,1021,366924,6260
S1,1,77,1077,843,108224,False,False,20261005T104005Z_7611453d,67.6408,512,216,70.4647,2.5961,108480,137,78,878,101,40,1021,366924,6260
S1,1,77,1077,844,108352,False,False,20261005T104005Z_7611453d,67.7222,512,216,70.536,2.3895,108608,148,77,878,101,40,1021,366924,6260
S1,1,77,1077,845,108480,False,False,20261005T104005Z_7611453d,68.3712,512,216,70.9471,2.3347,108736,138,78,878,101,39,1021,366924,6260
S1,1,77,1077,846,108608,False,False,20261005T104005Z_7611453d,67.1779,512,216,69.104,1.766,108864,142,78,879,101,40,1021,366924,6260
S1,1,77,1077,847,108736,False,False,20261005T104005Z_7611453d,67.0917,512,216,68.8877,1.6512,108992,141,77,878,101,40,1021,366924,6260
S1,1,77,1077,848,108864,False,False,20261005T104005Z_7611453d,67.7762,512,216,69.9739,2.001,109120,138,77,878,101,40,1021,366924,6260
S1,1,77,1077,849,108992,False,False,20261005T104005Z_7611453d,67.0995,512,216,68.0323,0.8373,109248,141,77,879,101,39,1021,366924,6260
S1,1,77,1077,850,109120,False,False,20261005T104005Z_7611453d,66.8084,512,216,67.7495,0.8432,109376,139,78,878,101,39,1021,366924,6260
S1,1,77,1077,851,109248,False,False,20261005T104005Z_7611453d,67.3602,512,216,68.9468,1.398,109504,142,77,879,101,40,1021,366924,6260
S1,1,77,1077,852,109376,False,False,20261005T104005Z_7611453d,67.0223,512,216,68.0156,0.8922,109632,139,77,878,101,40,1021,366924,6260
S1,1,77,1077,853,109504,False,False,20261005T104005Z_7611453d,67.1994,512,216,69.6013,2.2158,109760,140,86,871,100,47,1021,366924,6260
S1,1,77,1077,854,109632,False,False,20261005T104005Z_7611453d,67.0044,512,216,68.6453,1.4969,109888,142,78,879,101,40,1021,366924,6260
S1,1,77,1077,855,109760,False,False,20261005T104005Z_7611453d,67.114,512,216,69.0208,1.7473,110016,139,78,879,101,40,1022,366924,6260
S1,1,77,1077,856,109888,False,False,20261005T104005Z_7611453d,67.1818,512,216,69.032,1.6375,110144,144,85,871,100,48,1021,366924,6260
S1,1,77,1077,857,110016,False,False,20261005T104005Z_7611453d,67.5222,512,216,70.1288,2.4527,110272,144,77,878,101,39,1021,366924,6260
S1,1,77,1077,858,110144,False,False,20261005T104005Z_7611453d,67.4665,512,216,70.6792,3.0078,110400,142,78,879,101,39,1021,366924,6260
S1,1,77,1077,859,110272,False,False,20261005T104005Z_7611453d,67.8594,512,216,70.6156,2.3687,110528,147,78,878,101,39,1021,366924,6260
S1,1,77,1077,860,110400,False,False,20261005T104005Z_7611453d,66.907,512,216,68.7647,1.6912,110656,140,77,878,101,39,1021,366924,6260
S1,1,77,1077,861,110528,False,False,20261005T104005Z_7611453d,66.9851,512,216,68.059,0.9549,110784,140,78,878,100,40,1021,366924,6260
S1,1,77,1077,862,110656,False,False,20261005T104005Z_7611453d,67.5432,512,216,69.975,2.2062,110912,148,85,871,108,40,1021,366924,6260
S1,1,77,1077,863,110784,False,False,20261005T104005Z_7611453d,67.4181,512,216,69.8903,2.1151,111040,141,78,878,100,40,1021,366924,6260
S1,1,77,1077,864,110912,False,False,20261005T104005Z_7611453d,67.2756,512,216,69.1024,1.6412,111168,140,78,878,100,40,1021,366924,6260
S1,1,77,1077,865,111040,False,False,20261005T104005Z_7611453d,67.3066,512,216,69.4284,1.9656,111296,141,85,871,108,40,1021,366924,6260
S1,1,77,1077,866,111168,False,False,20261005T104005Z_7611453d,67.4351,512,216,69.2006,1.4402,111424,149,77,878,100,40,1021,366924,6260
S1,1,77,1077,867,111296,False,False,20261005T104005Z_7611453d,67.1642,512,216,68.7792,1.4424,111552,141,78,878,101,40,1021,366924,6260
S1,1,77,1077,868,111424,False,False,20261005T104005Z_7611453d,66.5709,512,216,67.5767,0.9102,111680,138,78,878,100,40,1020,366924,6260
S1,1,77,1077,869,111552,False,False,20261005T104005Z_7611453d,67.9148,512,216,69.9804,1.8707,111808,140,78,879,101,40,1021,366924,6260
S1,1,77,1077,870,111680,False,False,20261005T104005Z_7611453d,67.1588,512,216,69.3432,1.802,111936,142,77,871,109,39,1021,366924,6260
S1,1,77,1077,871,111808,False,False,20261005T104005Z_7611453d,67.6045,512,216,70.1418,2.3181,112064,140,78,878,101,39,1021,366924,6260
S1,1,77,1077,872,111936,False,False,20261005T104005Z_7611453d,67.4613,512,216,69.9852,2.3011,112192,141,77,878,101,40,1021,366924,6260
S1,1,77,1077,873,112064,False,False,20261005T104005Z_7611453d,67.1705,512,216,68.9319,1.609,112320,140,78,878,101,40,1021,366924,6260
S1,1,77,1077,874,112192,False,False,20261005T104005Z_7611453d,67.0024,512,216,68.5566,1.3977,112448,140,77,878,101,40,1021,366924,6260
S1,1,77,1077,875,112320,False,False,20261005T104005Z_7611453d,67.558,512,216,69.8678,2.0666,112576,151,77,878,101,39,1021,366924,6260
S1,1,77,1077,876,112448,False,False,20261005T104005Z_7611453d,66.8326,512,216,67.8869,0.9456,112704,144,85,871,109,39,1021,366924,6260
S1,1,77,1077,877,112576,False,False,20261005T104005Z_7611453d,67.2319,512,216,69.2804,1.8829,112832,140,85,870,101,48,1021,366924,6260
S1,1,77,1077,878,112704,False,False,20261005T104005Z_7611453d,67.3479,512,216,69.8304,2.2917,112960,138,77,878,100,40,1021,366924,6260
S1,1,77,1077,879,112832,False,False,20261005T104005Z_7611453d,66.6831,512,216,67.9628,1.1639,113088,140,78,878,100,40,1021,366924,6260
S1,1,77,1077,880,112960,False,False,20261005T104005Z_7611453d,67.1442,512,216,68.0929,0.8549,113216,139,77,878,101,39,1021,366924,6260
S1,1,77,1077,881,113088,False,False,20261005T104005Z_7611453d,67.1195,512,216,68.4766,1.1788,113344,140,78,878,100,40,1021,366924,6260
S1,1,77,1077,882,113216,False,False,20261005T104005Z_7611453d,66.921,512,216,68.175,1.1552,113472,142,78,878,100,40,1021,366924,6260
S1,1,77,1077,883,113344,False,False,20261005T104005Z_7611453d,67.2483,512,216,69.2849,1.8573,113600,140,78,870,100,40,1021,366924,6260
S1,1,77,1077,884,113472,False,False,20261005T104005Z_7611453d,67.6253,512,216,70.224,2.3814,113728,151,77,878,101,39,1021,366924,6260
S1,1,77,1077,885,113600,False,False,20261005T104005Z_7611453d,68.1182,512,216,70.7645,2.4461,113856,141,78,878,100,40,1021,366924,6260
S1,1,77,1077,886,113728,False,False,20261005T104005Z_7611453d,67.2441,512,216,69.7271,2.0417,113984,140,78,879,100,40,1021,366924,6260
S1,1,77,1077,887,113856,False,False,20261005T104005Z_7611453d,66.968,512,216,68.2611,1.1447,114112,140,78,878,100,40,1021,366924,6260
S1,1,77,1077,888,113984,False,False,20261005T104005Z_7611453d,67.5757,512,216,69.4082,1.6624,114240,140,78,878,100,40,1021,366924,6260
S1,1,77,1077,889,114112,False,False,20261005T104005Z_7611453d,66.9787,512,216,68.1969,1.0995,114368,139,77,878,101,40,1021,366924,6260
S1,1,77,1077,890,114240,False,False,20261005T104005Z_7611453d,67.2969,512,216,69.0467,1.59,114496,148,78,879,101,39,1021,366924,6260
S1,1,77,1077,891,114368,False,False,20261005T104005Z_7611453d,67.6063,512,216,69.4218,1.6385,114624,140,77,878,101,40,1021,366924,6260
S1,1,77,1077,892,114496,False,False,20261005T104005Z_7611453d,67.7608,512,216,70.1063,2.1163,114752,143,78,878,100,40,1021,366924,6260
S1,1,77,1077,893,114624,False,False,20261005T104005Z_7611453d,67.1561,512,216,69.2646,1.901,114880,140,78,878,100,40,1021,366924,6260
S1,1,77,1077,894,114752,False,False,20261005T104005Z_7611453d,67.3476,512,216,69.8373,2.2718,115008,140,78,878,101,40,1021,366924,6260
S1,1,77,1077,895,114880,False,False,20261005T104005Z_7611453d,67.8084,512,216,70.2011,2.1787,115136,140,78,870,108,40,1021,366924,6260
S1,1,77,1077,896,115008,False,False,20261005T104005Z_7611453d,67.3336,512,216,69.5937,2.0546,115264,140,78,878,101,39,1021,366924,6260
S1,1,77,1077,897,115136,False,False,20261005T104005Z_7611453d,67.32,512,216,68.9763,1.4731,115392,140,78,878,101,40,1022,366924,6260
S1,1,77,1077,898,115264,False,False,20261005T104005Z_7611453d,67.1889,512,216,69.1584,1.8005,115520,148,78,879,100,40,1022,366924,6260
S1,1,77,1077,899,115392,False,False,20261005T104005Z_7611453d,66.9331,512,216,68.267,1.209,115648,141,78,879,101,40,1022,366924,6260
S1,1,77,1077,900,115520,False,False,20261005T104005Z_7611453d,67.19,512,216,69.1332,1.7323,115776,142,78,878,101,40,1021,366924,6260
S1,1,77,1077,901,115648,False,False,20261005T104005Z_7611453d,67.2948,512,216,69.1986,1.7194,115904,142,77,878,101,40,1021,366924,6260
S1,1,77,1077,902,115776,False,False,20261005T104005Z_7611453d,67.4386,512,216,69.7467,2.1032,116032,150,78,878,101,40,1021,366924,6260
S1,1,77,1077,903,115904,False,False,20261005T104005Z_7611453d,66.9332,512,216,68.1349,1.0773,116160,140,78,879,101,40,1022,366924,6260
S1,1,77,1077,904,116032,False,False,20261005T104005Z_7611453d,66.7985,512,216,67.8465,0.9357,116288,140,77,878,100,40,1021,366924,6260
S1,1,77,1077,905,116160,False,False,20261005T104005Z_7611453d,67.2558,512,216,68.281,0.916,116416,142,85,871,100,47,1021,366924,6260
S1,1,77,1077,906,116288,False,False,20261005T104005Z_7611453d,67.032,512,216,68.7224,1.5084,116544,143,78,879,101,40,1021,366924,6260
S1,1,77,1077,907,116416,False,False,20261005T104005Z_7611453d,67.7884,512,216,70.3896,2.3773,116672,150,77,878,101,39,1021,366924,6260
S1,1,77,1077,908,116544,False,False,20261005T104005Z_7611453d,67.7199,512,216,70.4692,2.3983,116800,138,78,870,108,40,1021,366924,6260
S1,1,77,1077,909,116672,False,False,20261005T104005Z_7611453d,67.3809,512,216,69.8441,2.2432,116928,140,78,878,100,40,1021,366924,6260
S1,1,77,1077,910,116800,False,False,20261005T104005Z_7611453d,66.8991,512,216,68.4206,1.4026,117056,139,78,879,101,40,1021,366924,6260
S1,1,77,1077,911,116928,False,False,20261005T104005Z_7611453d,66.9838,512,216,67.9959,0.9026,117184,140,77,878,100,40,1021,366924,6260
S1,1,77,1077,912,117056,False,False,20261005T104005Z_7611453d,67.2634,512,216,69.4082,1.9481,117312,147,77,878,101,39,1021,366924,6260
S1,1,77,1077,913,117184,False,False,20261005T104005Z_7611453d,67.3009,512,216,68.3036,0.8905,117440,139,78,879,101,40,1021,366924,6260
S1,1,77,1077,914,117312,False,False,20261005T104005Z_7611453d,67.506,512,216,68.9568,1.1837,117568,143,78,878,100,40,1021,366924,6260
S1,1,77,1077,915,117440,False,False,20261005T104005Z_7611453d,67.1509,512,216,68.9943,1.6702,117696,142,77,878,101,39,1021,366924,6260
S1,1,77,1077,916,117568,False,False,20261005T104005Z_7611453d,66.9928,512,216,68.0517,0.9478,117824,142,78,879,101,40,1022,366924,6260
S1,1,77,1077,917,117696,False,False,20261005T104005Z_7611453d,67.1925,512,216,69.0867,1.7261,117952,140,78,878,100,40,1021,366924,6260
S1,1,77,1077,918,117824,False,False,20261005T104005Z_7611453d,67.2382,512,216,68.3622,0.9783,118080,141,78,879,100,40,1022,366924,6260
S1,1,77,1077,919,117952,False,False,20261005T104005Z_7611453d,66.9877,512,216,68.6439,1.4788,118208,141,78,879,101,40,1022,366924,6260
S1,1,77,1077,920,118080,False,False,20261005T104005Z_7611453d,67.2698,512,216,69.7719,2.2919,118336,141,77,878,101,40,1022,366924,6260
S1,1,77,1077,921,118208,False,False,20261005T104005Z_7611453d,67.6809,512,216,69.9783,2.1119,118464,148,78,879,101,39,1021,366924,6260
S1,1,77,1077,922,118336,False,False,20261005T104005Z_7611453d,67.3791,512,216,70.2214,2.5395,118592,139,78,878,101,40,1021,366924,6260
S1,1,77,1077,923,118464,False,False,20261005T104005Z_7611453d,67.41,512,216,70.4443,2.8517,118720,142,77,878,101,40,1021,366924,6260
S1,1,77,1077,924,118592,False,False,20261005T104005Z_7611453d,67.6856,512,216,69.7807,1.8506,118848,142,77,878,101,40,1021,366924,6260
S1,1,77,1077,925,118720,False,False,20261005T104005Z_7611453d,67.0206,512,216,68.5802,1.4207,118976,139,78,879,100,39,1021,366924,6260
S1,1,77,1077,926,118848,False,False,20261005T104005Z_7611453d,67.9525,512,216,70.4829,2.3011,119104,141,77,878,101,40,1022,366924,6260
S1,1,77,1077,927,118976,False,False,20261005T104005Z_7611453d,67.2451,512,216,69.6938,2.2368,119232,147,78,878,101,40,1021,366924,6260
S1,1,77,1077,928,119104,False,False,20261005T104005Z_7611453d,67.5439,512,216,69.9156,2.1586,119360,141,77,878,101,41,1021,366924,6260
S1,1,77,1077,929,119232,False,False,20261005T104005Z_7611453d,67.649,512,216,69.9359,2.0909,119488,142,78,878,100,40,1021,366924,6260
S1,1,77,1077,930,119360,False,False,20261005T104005Z_7611453d,67.4579,512,216,69.5835,1.922,119616,143,78,878,101,48,1028,366924,6260
S1,1,77,1077,931,119488,False,False,20261005T104005Z_7611453d,67.2312,512,216,69.7398,2.3064,119744,142,78,878,100,40,1021,366924,6260
S1,1,77,1077,932,119616,False,False,20261005T104005Z_7611453d,67.1031,512,216,69.0043,1.7232,119872,137,78,878,101,40,1021,366924,6260
S1,1,77,1077,933,119744,False,False,20261005T104005Z_7611453d,66.817,512,216,67.8519,0.9248,120000,140,78,879,101,40,1022,366924,6260
S1,1,77,1077,934,119872,False,False,20261005T104005Z_7611453d,67.5136,512,216,69.7719,2.0649,120128,147,78,878,101,40,1021,366924,6260
S1,1,77,1077,935,120000,False,False,20261005T104005Z_7611453d,67.618,512,216,70.1492,2.3051,120256,140,78,879,101,40,1021,366924,6260
S1,1,77,1077,936,120128,False,False,20261005T104005Z_7611453d,67.2852,512,216,68.902,1.4862,120384,140,85,870,108,40,1021,366924,6260
S1,1,77,1077,937,120256,False,False,20261005T104005Z_7611453d,67.7182,512,216,70.7226,2.7875,120512,142,78,870,109,40,1021,366924,6260
S1,1,77,1077,938,120384,False,False,20261005T104005Z_7611453d,67.99,512,216,70.0134,1.8279,120640,140,78,878,100,40,1021,366924,6260
S1,1,77,1077,939,120512,False,False,20261005T104005Z_7611453d,67.6862,512,216,69.9345,2.0442,120768,140,78,879,101,40,1021,366924,6260
S1,1,77,1077,940,120640,False,False,20261005T104005Z_7611453d,67.3169,512,216,69.0762,1.611,120896,140,77,878,101,40,1021,366924,6260
S1,1,77,1077,941,120768,False,False,20261005T104005Z_7611453d,67.0939,512,216,68.1411,0.9467,121024,141,78,870,108,40,1021,366924,6260
S1,1,77,1077,942,120896,False,False,20261005T104005Z_7611453d,67.1222,512,216,68.153,0.9252,121152,142,77,878,101,40,1021,366924,6260
S1,1,77,1077,943,121024,False,False,20261005T104005Z_7611453d,66.8148,512,216,67.9148,1.0055,121280,139,78,878,101,39,1021,366924,6260
S1,1,77,1077,944,121152,False,False,20261005T104005Z_7611453d,67.1265,512,216,68.9881,1.7155,121408,138,78,878,100,40,1021,366924,6260
S1,1,77,1077,945,121280,False,False,20261005T104005Z_7611453d,66.9657,512,216,68.9961,1.8626,121536,142,77,878,101,40,1021,366924,6260
S1,1,77,1077,946,121408,False,False,20261005T104005Z_7611453d,67.386,512,216,69.7107,2.1477,121664,142,77,878,101,40,1021,366924,6260
S1,1,77,1077,947,121536,False,False,20261005T104005Z_7611453d,67.2492,512,216,69.5825,2.1559,121792,141,78,879,102,40,1022,366924,6260
S1,1,77,1077,948,121664,False,False,20261005T104005Z_7611453d,66.827,512,216,67.7683,0.8446,121920,140,77,878,101,40,1021,366924,6260
S1,1,77,1077,949,121792,False,False,20261005T104005Z_7611453d,67.0978,512,216,68.9657,1.7115,122048,143,77,878,101,39,1021,366924,6260
S1,1,77,1077,950,121920,False,False,20261005T104005Z_7611453d,67.2631,512,216,69.3469,1.8975,122176,146,78,878,100,40,1021,366924,6260
S1,1,77,1077,951,122048,False,False,20261005T104005Z_7611453d,67.8745,512,216,70.3262,2.2367,122304,146,77,871,109,39,1021,366924,6260
S1,1,77,1077,952,122176,False,False,20261005T104005Z_7611453d,67.7329,512,216,70.4266,2.5011,122432,142,78,878,101,40,1021,366924,6260
S1,1,77,1077,953,122304,False,False,20261005T104005Z_7611453d,67.3466,512,216,69.1051,1.5779,122560,141,78,879,100,40,1022,366924,6260
S1,1,77,1077,954,122432,False,False,20261005T104005Z_7611453d,67.3782,512,216,69.4679,1.9109,122688,140,77,878,101,40,1021,366924,6260
S1,1,77,1077,955,122560,False,False,20261005T104005Z_7611453d,67.4663,512,216,69.454,1.8236,122816,140,78,879,101,40,1021,366924,6260
S1,1,77,1077,956,122688,False,False,20261005T104005Z_7611453d,67.5976,512,216,69.3058,1.5406,122944,138,78,878,101,40,1021,366924,6260
S1,1,77,1077,957,122816,False,False,20261005T104005Z_7611453d,67.7856,512,216,70.5039,2.5046,123072,138,77,879,101,40,1021,366924,6260
S1,1,77,1077,958,122944,False,False,20261005T104005Z_7611453d,67.3953,512,216,69.2545,1.6633,123200,140,77,879,101,40,1022,366924,6260
S1,1,77,1077,959,123072,False,False,20261005T104005Z_7611453d,67.4697,512,216,69.5023,1.843,123328,143,78,878,101,39,1021,366924,6260
S1,1,77,1077,960,123200,False,False,20261005T104005Z_7611453d,67.0846,512,216,69.047,1.7872,123456,142,78,878,101,40,1021,366924,6260
S1,1,77,1077,961,123328,False,False,20261005T104005Z_7611453d,67.1914,512,216,68.8219,1.4751,123584,139,78,879,101,40,1021,366924,6260
S1,1,77,1077,962,123456,False,False,20261005T104005Z_7611453d,67.0606,512,216,68.8566,1.6432,123712,142,77,878,101,40,1022,366924,6260
S1,1,77,1077,963,123584,False,False,20261005T104005Z_7611453d,67.2964,512,216,68.4329,1.0202,123840,141,78,879,101,40,1022,366924,6260
S1,1,77,1077,964,123712,False,False,20261005T104005Z_7611453d,67.0894,512,216,69.2447,1.9595,123968,138,77,878,102,40,1022,366924,6260
S1,1,77,1077,965,123840,False,False,20261005T104005Z_7611453d,66.8402,512,216,68.0435,1.0736,124096,139,78,878,100,40,1020,366924,6260
S1,1,77,1077,966,123968,False,False,20261005T104005Z_7611453d,67.7845,512,216,70.337,2.3269,124224,144,77,878,101,40,1021,366924,6260
S1,1,77,1077,967,124096,False,False,20261005T104005Z_7611453d,66.9233,512,216,67.9805,0.9472,124352,139,77,878,101,40,1021,366924,6260
S1,1,77,1077,968,124224,False,False,20261005T104005Z_7611453d,67.1667,512,216,68.7011,1.241,124480,141,77,878,101,40,1021,366924,6260
S1,1,77,1077,969,124352,False,False,20261005T104005Z_7611453d,67.0997,512,216,68.9493,1.6965,124608,141,78,870,108,40,1021,366924,6260
S1,1,77,1077,970,124480,False,False,20261005T104005Z_7611453d,67.2557,512,216,69.4475,1.9955,124736,138,77,879,101,40,1021,366924,6260
S1,1,77,1077,971,124608,False,False,20261005T104005Z_7611453d,67.3424,512,216,69.3803,1.8662,124864,139,78,870,108,40,1020,366924,6260
S1,1,77,1077,972,124736,False,False,20261005T104005Z_7611453d,67.1028,512,216,68.2306,1.0338,124992,142,78,879,101,39,1021,366924,6260
S1,1,77,1077,973,124864,False,False,20261005T104005Z_7611453d,66.8819,512,216,67.8087,0.8348,125120,141,85,870,108,40,1021,366924,6260
S1,1,77,1077,974,124992,False,False,20261005T104005Z_7611453d,67.1421,512,216,69.0408,1.7393,125248,141,77,878,101,39,1021,366924,6260
S1,1,77,1077,975,125120,False,False,20261005T104005Z_7611453d,67.1605,512,216,69.3703,2.0251,125376,139,78,878,101,40,1021,366924,6260
S1,1,77,1077,976,125248,False,False,20261005T104005Z_7611453d,66.9762,512,216,69.2726,2.1308,125504,142,85,870,108,40,1021,366924,6260
S1,1,77,1077,977,125376,False,False,20261005T104005Z_7611453d,66.7719,512,216,67.7709,0.9021,125632,141,77,878,101,39,1021,366924,6260
S1,1,77,1077,978,125504,False,False,20261005T104005Z_7611453d,66.9694,512,216,68.7116,1.5921,125760,139,78,879,101,40,1022,366924,6260
S1,1,77,1077,979,125632,False,False,20261005T104005Z_7611453d,67.1351,512,216,68.8095,1.5316,125888,140,78,879,102,39,1022,366924,6260
S1,1,77,1077,980,125760,False,False,20261005T104005Z_7611453d,67.3412,512,216,69.8932,2.3515,126016,141,78,878,101,39,1021,366924,6260
S1,1,77,1077,981,125888,False,False,20261005T104005Z_7611453d,66.7286,512,216,68.0327,1.2054,126144,140,77,878,101,39,1021,366924,6260
S1,1,77,1077,982,126016,False,False,20261005T104005Z_7611453d,66.7434,512,216,67.6835,0.8404,126272,148,85,870,108,40,1020,366924,6260
S1,1,77,1077,983,126144,False,False,20261005T104005Z_7611453d,67.2013,512,216,68.6968,1.3335,126400,147,78,879,100,40,1022,366924,6260
S1,1,77,1077,984,126272,False,False,20261005T104005Z_7611453d,66.6117,512,216,67.5893,0.8648,126528,148,78,879,100,40,1022,366924,6260
S1,1,77,1077,985,126400,False,False,20261005T104005Z_7611453d,67.0698,512,216,68.76,1.5823,126656,140,78,878,101,40,1021,366924,6260
S1,1,77,1077,986,126528,False,False,20261005T104005Z_7611453d,67.0638,512,216,68.9644,1.7447,126784,141,78,878,101,40,1021,366924,6260
S1,1,77,1077,987,126656,False,False,20261005T104005Z_7611453d,66.8164,512,216,68.2669,1.336,126912,142,77,878,101,39,1021,366924,6260
S1,1,77,1077,988,126784,False,False,20261005T104005Z_7611453d,67.3593,512,216,69.4394,1.875,127040,140,78,878,100,40,1021,366924,6260
S1,1,77,1077,989,126912,False,False,20261005T104005Z_7611453d,67.364,512,216,69.4929,1.9441,127168,139,77,871,108,40,1021,366924,6260
S1,1,77,1077,990,127040,False,False,20261005T104005Z_7611453d,67.6617,512,216,69.8717,2.0147,127296,143,77,878,101,39,1021,366924,6260
S1,1,77,1077,991,127168,False,False,20261005T104005Z_7611453d,67.0096,512,216,68.7534,1.5911,127424,139,78,878,100,40,1021,366924,6260
S1,1,77,1077,992,127296,False,False,20261005T104005Z_7611453d,67.4449,512,216,69.7462,2.1081,127552,141,78,879,101,39,1021,366924,6260
S1,1,77,1077,993,127424,False,False,20261005T104005Z_7611453d,67.5318,512,216,70.4181,2.6806,127680,142,78,879,101,40,1022,366924,6260
S1,1,77,1077,994,127552,False,False,20261005T104005Z_7611453d,67.2913,512,216,69.2928,1.8352,127808,138,85,871,108,39,1021,366924,6260
S1,1,77,1077,995,127680,False,False,20261005T104005Z_7611453d,67.3145,512,216,69.5653,2.0609,127936,141,78,878,101,40,1021,366924,6260
S1,1,77,1077,996,127808,False,False,20261005T104005Z_7611453d,67.2529,512,216,68.5167,1.1548,128064,140,78,878,100,40,1021,366924,6260
S1,1,77,1077,997,127936,False,False,20261005T104005Z_7611453d,67.9106,512,216,70.3484,2.2354,128192,140,85,870,108,40,1021,366924,6260
S1,1,77,1077,998,128064,False,False,20261005T104005Z_7611453d,68.1404,512,216,70.389,2.0493,128320,150,78,879,101,40,1021,366924,6260
S1,1,77,1077,999,128192,False,False,20261005T104005Z_7611453d,68.349,512,216,70.9607,2.3857,128448,143,78,879,100,40,1022,366924,6260
S1,1,77,1077,1000,128320,False,False,20261005T104005Z_7611453d,67.1309,512,216,69.1832,1.8754,128576,140,77,878,101,39,1021,366924,6260
S1,1,77,1077,1001,128448,False,False,20261005T104005Z_7611453d,67.148,512,216,69.0469,1.7391,128704,141,77,879,101,40,1021,366924,6260
S1,1,77,1077,1002,128576,False,False,20261005T104005Z_7611453d,67.0643,512,216,68.8294,1.6088,128832,142,78,878,100,40,1020,366924,6260
S1,1,77,1077,1003,128704,False,False,20261005T104005Z_7611453d,66.8097,512,216,68.2022,1.2685,128960,149,78,879,101,40,1022,366924,6260
S1,1,77,1077,1004,128832,False,False,20261005T104005Z_7611453d,67.1128,512,216,68.3318,1.0933,129088,143,77,878,101,39,1021,366924,6260
S1,1,77,1077,1005,128960,False,False,20261005T104005Z_7611453d,67.0309,512,216,68.0823,0.9391,129216,140,78,878,100,40,1021,366924,6260
S1,1,77,1077,1006,129088,False,False,20261005T104005Z_7611453d,67.2585,512,216,68.8582,1.4095,129344,142,78,878,101,40,1021,366924,6260
S1,1,77,1077,1007,129216,False,False,20261005T104005Z_7611453d,67.3902,512,216,69.2111,1.6328,129472,141,78,878,101,47,1029,366924,6260
S1,1,77,1077,1008,129344,False,False,20261005T104005Z_7611453d,67.7198,512,216,70.3964,2.2807,129600,137,77,879,101,40,1021,366924,6260
S1,1,77,1077,1009,129472,False,False,20261005T104005Z_7611453d,67.5813,512,216,69.2046,1.4774,129728,143,78,878,100,40,1021,366924,6260
S1,1,77,1077,1010,129600,False,False,20261005T104005Z_7611453d,67.4297,512,216,68.5221,0.977,129856,139,78,878,101,39,1021,366924,6260
S1,1,77,1077,1011,129728,False,False,20261005T104005Z_7611453d,67.5061,512,216,69.1517,1.3937,129984,142,78,879,100,40,1022,366924,6260
S1,1,77,1077,1012,129856,False,False,20261005T104005Z_7611453d,67.4317,512,216,69.8518,2.213,130112,142,77,878,101,40,1022,366924,6260
S1,1,77,1077,1013,129984,False,False,20261005T104005Z_7611453d,67.4253,512,216,69.5162,1.9297,130240,142,78,878,101,40,1021,366924,6260
S1,1,77,1077,1014,130112,False,False,20261005T104005Z_7611453d,66.9835,512,216,68.0542,0.942,130368,139,77,879,101,40,1021,366924,6260
S1,1,77,1077,1015,130240,False,False,20261005T104005Z_7611453d,66.9765,512,216,68.2616,1.1737,130496,140,78,878,101,40,1021,366924,6260
S1,1,77,1077,1016,130368,False,False,20261005T104005Z_7611453d,67.1998,512,216,69.853,2.4449,130624,142,78,879,100,39,1021,366924,6260
S1,1,77,1077,1017,130496,False,False,20261005T104005Z_7611453d,67.1092,512,216,68.6319,1.3911,130752,140,78,879,100,40,1022,366924,6260
S1,1,77,1077,1018,130624,False,False,20261005T104005Z_7611453d,67.2313,512,216,69.7795,2.3868,130880,141,78,879,101,40,1022,366924,6260
S1,1,77,1077,1019,130752,False,False,20261005T104005Z_7611453d,67.3646,512,216,68.7937,1.1445,131008,138,78,878,101,40,1021,366924,6260
S1,1,77,1077,1020,130880,False,False,20261005T104005Z_7611453d,66.8925,512,216,68.3174,1.2881,131136,137,78,879,101,40,1021,366924,6260
S1,1,77,1077,1021,131008,False,False,20261005T104005Z_7611453d,67.5601,512,216,70.1113,2.3395,131264,150,78,878,100,40,1021,366924,6260
S1,1,77,1077,1022,131136,False,False,20261005T104005Z_7611453d,67.6756,512,216,70.6224,2.3158,131392,143,78,878,101,40,1021,366924,6260
S1,1,77,1077,1023,131264,False,False,20261005T104005Z_7611453d,67.2525,512,216,68.6835,1.2994,131520,143,77,878,101,40,1022,366924,6260
S1,1,77,1077,1024,131392,False,False,20261005T104005Z_7611453d,67.1669,512,216,68.3281,0.9831,131648,149,77,878,101,40,1022,366924,6260
S1,1,77,1077,1025,131520,False,False,20261005T104005Z_7611453d,67.6744,512,216,70.1593,2.251,131776,142,77,879,101,40,1021,366924,6260
S1,1,77,1077,1026,131648,False,False,20261005T104005Z_7611453d,67.8846,512,216,71.0831,2.9142,131904,140,77,878,102,40,1022,366924,6260
S1,1,77,1077,1027,131776,False,False,20261005T104005Z_7611453d,67.3839,512,216,70.0005,2.4198,132032,148,78,879,101,40,1029,366924,6260
S1,1,77,1077,1028,131904,False,False,20261005T104005Z_7611453d,67.4752,512,216,69.5519,1.9052,132160,141,78,879,101,40,1021,366924,6260
S1,1,77,1077,1029,132032,False,False,20261005T104005Z_7611453d,66.9583,512,216,68.4366,1.3528,132288,141,77,878,101,40,1022,366924,6260
S1,1,77,1077,1030,132160,False,False,20261005T104005Z_7611453d,67.211,512,216,69.0872,1.7168,132416,141,77,878,101,39,1021,366924,6260
S1,1,77,1077,1031,132288,False,False,20261005T104005Z_7611453d,66.5697,512,216,68.7512,2.0078,132544,141,78,878,100,40,1021,366924,6260
S1,1,128,1128,0,320,False,True,20261005T104005Z_7611453d,231.8457,2304,318,233.8581,1.8559,576,639,77,1464,172,66,1704,366924,6260
S1,1,128,1128,1,448,False,True,20261005T104005Z_7611453d,76.6937,512,318,77.9598,1.1565,704,142,78,1463,165,64,1694,366924,6260
S1,1,128,1128,2,576,False,True,20261005T104005Z_7611453d,76.6408,512,318,78.927,2.1054,832,142,77,1462,164,64,1693,366924,6260
S1,1,128,1128,3,704,False,True,20261005T104005Z_7611453d,76.8779,512,318,79.0341,1.9672,960,140,77,1455,164,63,1685,366924,6260
S1,1,128,1128,4,832,False,True,20261005T104005Z_7611453d,76.5372,512,318,77.8673,1.1924,1088,147,77,1455,164,71,1693,366924,6260
S1,1,128,1128,5,960,False,True,20261005T104005Z_7611453d,76.4113,512,318,78.0281,1.4737,1216,139,78,1454,172,63,1692,366924,6260
S1,1,128,1128,6,1088,False,True,20261005T104005Z_7611453d,76.7257,512,318,78.3063,1.4121,1344,141,78,1462,165,63,1693,366924,6260
S1,1,128,1128,7,1216,False,True,20261005T104005Z_7611453d,77.457,512,318,80.0116,2.3235,1472,140,78,1454,165,64,1685,366924,6260
S1,1,128,1128,8,1344,False,True,20261005T104005Z_7611453d,77.0184,512,318,79.2038,1.9649,1600,141,78,1462,164,63,1692,366924,6260
S1,1,128,1128,9,1472,False,True,20261005T104005Z_7611453d,76.5183,512,318,77.709,1.0778,1728,148,78,1455,164,64,1686,366924,6260
S1,1,128,1128,10,1600,False,True,20261005T104005Z_7611453d,76.4965,512,318,78.1582,1.5162,1856,143,78,1462,165,63,1693,366924,6260
S1,1,128,1128,11,1728,False,True,20261005T104005Z_7611453d,76.9193,512,318,79.154,2.0357,1984,139,78,1454,172,63,1692,366924,6260
S1,1,128,1128,12,1856,False,True,20261005T104005Z_7611453d,76.6239,512,318,78.5703,1.7502,2112,141,77,1462,165,64,1693,366924,6260
S1,1,128,1128,13,1984,False,True,20261005T104005Z_7611453d,76.9992,512,318,79.1195,1.9472,2240,145,77,1462,164,63,1692,366924,6260
S1,1,128,1128,14,2112,False,True,20261005T104005Z_7611453d,76.7697,512,318,79.5095,2.5254,2368,142,78,1455,164,64,1685,366924,6260
S1,1,128,1128,15,2240,False,True,20261005T104005Z_7611453d,76.7414,512,318,78.7916,1.8624,2496,140,85,1455,164,63,1685,366924,6260
S1,1,128,1128,16,2368,False,True,20261005T104005Z_7611453d,76.6471,512,318,78.3991,1.5722,2624,141,78,1455,164,64,1686,366924,6260
S1,1,128,1128,17,2496,False,True,20261005T104005Z_7611453d,77.9814,512,318,80.321,2.109,2752,141,78,1462,164,63,1692,366924,6260
S1,1,128,1128,18,2624,False,True,20261005T104005Z_7611453d,77.1281,512,318,79.4632,2.1284,2880,142,78,1455,172,64,1693,366924,6260
S1,1,128,1128,19,2752,False,True,20261005T104005Z_7611453d,76.8466,512,318,77.8259,0.8735,3008,140,78,1454,165,72,1693,366924,6260
S1,1,128,1128,20,2880,False,True,20261005T104005Z_7611453d,76.7686,512,318,79.0012,2.0377,3136,140,78,1454,164,64,1685,366924,6260
S1,1,128,1128,21,3008,False,True,20261005T104005Z_7611453d,76.708,512,318,77.9978,1.1925,3264,143,77,1462,164,64,1693,366924,6260
S1,1,128,1128,22,3136,False,True,20261005T104005Z_7611453d,76.493,512,318,77.999,1.2046,3392,141,77,1462,165,64,1693,366924,6260
S1,1,128,1128,23,3264,False,True,20261005T104005Z_7611453d,76.5293,512,318,77.7933,1.124,3520,141,78,1462,166,63,1693,366924,6260
S1,1,128,1128,24,3392,False,True,20261005T104005Z_7611453d,76.4666,512,318,77.9906,1.4124,3648,141,78,1462,165,64,1694,366924,6260
S1,1,128,1128,25,3520,False,True,20261005T104005Z_7611453d,76.6721,512,318,77.6053,0.8319,3776,152,77,1455,164,63,1685,366924,6260
S1,1,128,1128,26,3648,False,True,20261005T104005Z_7611453d,76.7395,512,318,78.1284,1.2293,3904,139,78,1462,164,64,1693,366924,6260
S1,1,128,1128,27,3776,False,True,20261005T104005Z_7611453d,76.7841,512,318,79.8733,2.8855,4032,138,78,1455,164,64,1685,366924,6260
S1,1,128,1128,28,3904,False,True,20261005T104005Z_7611453d,77.0866,512,318,79.2846,2.015,4160,140,78,1454,172,63,1692,366924,6260
S1,1,128,1128,29,4032,False,True,20261005T104005Z_7611453d,77.3459,512,318,79.7243,2.1509,4288,141,77,1462,165,63,1693,366924,6260
S1,1,128,1128,30,4160,False,True,20261005T104005Z_7611453d,76.8585,512,318,78.5468,1.5461,4416,139,77,1455,165,63,1685,366924,6260
S1,1,128,1128,31,4288,False,True,20261005T104005Z_7611453d,76.9416,512,318,78.5819,1.4882,4544,141,78,1462,164,64,1693,366924,6260
S1,1,128,1128,32,4416,False,False,20261005T104005Z_7611453d,76.356,512,318,77.4683,0.9871,4672,143,78,1463,165,63,1693,366924,6260
S1,1,128,1128,33,4544,False,False,20261005T104005Z_7611453d,76.4048,512,318,77.4861,0.9609,4800,142,78,1454,172,64,1692,366924,6260
S1,1,128,1128,34,4672,False,False,20261005T104005Z_7611453d,76.3679,512,318,77.44,0.9651,4928,138,86,1455,164,64,1685,366924,6260
S1,1,128,1128,35,4800,False,False,20261005T104005Z_7611453d,76.8445,512,318,78.8236,1.8078,5056,141,78,1462,164,64,1693,366924,6260
S1,1,128,1128,36,4928,False,False,20261005T104005Z_7611453d,76.4024,512,318,77.4947,0.9803,5184,139,77,1462,165,63,1693,366924,6260
S1,1,128,1128,37,5056,False,False,20261005T104005Z_7611453d,76.5761,512,318,78.3122,1.5835,5312,144,78,1455,172,64,1692,366924,6260
S1,1,128,1128,38,5184,False,False,20261005T104005Z_7611453d,77.3065,512,318,79.692,2.124,5440,140,77,1455,164,63,1685,366924,6260
S1,1,128,1128,39,5312,False,False,20261005T104005Z_7611453d,76.4458,512,318,77.7501,1.1827,5568,139,78,1454,164,64,1685,366924,6260
S1,1,128,1128,40,5440,False,False,20261005T104005Z_7611453d,77.0698,512,318,79.2637,2.0066,5696,148,85,1454,165,64,1686,366924,6260
S1,1,128,1128,41,5568,False,False,20261005T104005Z_7611453d,76.8671,512,318,78.8671,1.8138,5824,140,78,1462,164,64,1692,366924,6260
S1,1,128,1128,42,5696,False,False,20261005T104005Z_7611453d,76.9427,512,318,79.2633,2.1181,5952,140,77,1462,165,64,1693,366924,6260
S1,1,128,1128,43,5824,False,False,20261005T104005Z_7611453d,77.9844,512,318,80.7647,2.5452,6080,141,78,1454,164,72,1692,366924,6260
S1,1,128,1128,44,5952,False,False,20261005T104005Z_7611453d,76.6833,512,318,78.0326,1.1734,6208,138,78,1455,172,63,1693,366924,6260
S1,1,128,1128,45,6080,False,False,20261005T104005Z_7611453d,77.1553,512,318,79.7205,2.3645,6336,141,78,1462,164,63,1692,366924,6260
S1,1,128,1128,46,6208,False,False,20261005T104005Z_7611453d,76.9536,512,318,79.2355,2.0856,6464,139,78,1462,165,64,1693,366924,6260
S1,1,128,1128,47,6336,False,False,20261005T104005Z_7611453d,76.895,512,318,80.5269,3.4091,6592,141,77,1455,165,71,1693,366924,6260
S1,1,128,1128,48,6464,False,False,20261005T104005Z_7611453d,76.4425,512,318,77.4922,0.9458,6720,140,77,1455,165,63,1685,366924,6260
S1,1,128,1128,49,6592,False,False,20261005T104005Z_7611453d,76.7827,512,318,79.1599,2.1715,6848,141,78,1462,165,64,1693,366924,6260
S1,1,128,1128,50,6720,False,False,20261005T104005Z_7611453d,76.5688,512,318,77.6397,0.9354,6976,139,78,1454,165,63,1685,366924,6260
S1,1,128,1128,51,6848,False,False,20261005T104005Z_7611453d,76.8617,512,318,79.4099,2.3381,7104,139,85,1455,165,64,1685,366924,6260
S1,1,128,1128,52,6976,False,False,20261005T104005Z_7611453d,76.8588,512,318,79.36,2.319,7232,146,77,1462,164,64,1692,366924,6260
S1,1,128,1128,53,7104,False,False,20261005T104005Z_7611453d,76.2577,512,318,77.612,1.2494,7360,142,78,1462,164,64,1692,366924,6260
S1,1,128,1128,54,7232,False,False,20261005T104005Z_7611453d,76.6501,512,318,78.7199,1.8904,7488,140,78,1455,172,63,1693,366924,6260
S1,1,128,1128,55,7360,False,False,20261005T104005Z_7611453d,77.6265,512,318,79.9455,2.0392,7616,140,78,1454,172,63,1692,366924,6260
S1,1,128,1128,56,7488,False,False,20261005T104005Z_7611453d,76.9089,512,318,79.2499,2.1172,7744,143,77,1462,164,64,1693,366924,6260
S1,1,128,1128,57,7616,False,False,20261005T104005Z_7611453d,76.9034,512,318,79.8933,2.5238,7872,139,78,1454,172,64,1692,366924,6260
S1,1,128,1128,58,7744,False,False,20261005T104005Z_7611453d,77.3122,512,318,79.4599,1.9537,8000,140,78,1462,165,63,1693,366924,6260
S1,1,128,1128,59,7872,False,False,20261005T104005Z_7611453d,77.2181,512,318,79.1772,1.7659,8128,139,77,1455,172,64,1692,366924,6260
S1,1,128,1128,60,8000,False,False,20261005T104005Z_7611453d,76.3156,512,318,77.2951,0.8818,8256,141,78,1463,165,64,1693,366924,6260
S1,1,128,1128,61,8128,False,False,20261005T104005Z_7611453d,76.6622,512,318,78.5981,1.7774,8384,142,77,1455,164,63,1685,366924,6260
S1,1,128,1128,62,8256,False,False,20261005T104005Z_7611453d,76.8608,512,318,79.6241,2.3559,8512,142,77,1455,164,63,1685,366924,6260
S1,1,128,1128,63,8384,False,False,20261005T104005Z_7611453d,76.5149,512,318,78.2034,1.5498,8640,149,77,1455,164,63,1685,366924,6260
S1,1,128,1128,64,8512,False,False,20261005T104005Z_7611453d,77.1076,512,318,80.2146,2.8552,8768,140,78,1455,172,64,1693,366924,6260
S1,1,128,1128,65,8640,False,False,20261005T104005Z_7611453d,76.9837,512,318,79.0562,1.8777,8896,139,77,1455,164,64,1686,366924,6260
S1,1,128,1128,66,8768,False,False,20261005T104005Z_7611453d,77.1476,512,318,80.2951,2.9419,9024,143,78,1454,172,64,1692,366924,6260
S1,1,128,1128,67,8896,False,False,20261005T104005Z_7611453d,76.9553,512,318,79.1274,1.98,9152,143,85,1455,165,63,1685,366924,6260
S1,1,128,1128,68,9024,False,False,20261005T104005Z_7611453d,77.1247,512,318,80.0089,2.6389,9280,142,78,1455,164,63,1693,366924,6260
S1,1,128,1128,69,9152,False,False,20261005T104005Z_7611453d,77.1383,512,318,79.4936,2.1483,9408,140,78,1463,165,64,1694,366924,6260
S1,1,128,1128,70,9280,False,False,20261005T104005Z_7611453d,77.1541,512,318,79.9653,2.5858,9536,140,78,1462,165,64,1692,366924,6260
S1,1,128,1128,71,9408,False,False,20261005T104005Z_7611453d,76.9836,512,318,79.2515,2.0612,9664,142,85,1454,165,63,1685,366924,6260
S1,1,128,1128,72,9536,False,False,20261005T104005Z_7611453d,76.9762,512,318,80.0899,2.608,9792,141,77,1462,164,64,1693,366924,6260
S1,1,128,1128,73,9664,False,False,20261005T104005Z_7611453d,76.6765,512,318,78.0282,1.2067,9920,138,85,1454,165,63,1685,366924,6260
S1,1,128,1128,74,9792,False,False,20261005T104005Z_7611453d,77.2986,512,318,79.6816,2.1751,10048,139,77,1455,164,63,1685,366924,6260
S1,1,128,1128,75,9920,False,False,20261005T104005Z_7611453d,76.6593,512,318,78.1685,1.3825,10176,142,78,1454,165,71,1692,366924,6260
S1,1,128,1128,76,10048,False,False,20261005T104005Z_7611453d,76.9748,512,318,79.3859,2.2037,10304,150,78,1462,165,63,1693,366924,6260
S1,1,128,1128,77,10176,False,False,20261005T104005Z_7611453d,77.0632,512,318,79.2538,1.9246,10432,142,77,1455,172,64,1693,366924,6260
S1,1,128,1128,78,10304,False,False,20261005T104005Z_7611453d,76.9252,512,318,79.2135,2.0876,10560,140,78,1462,166,64,1693,366924,6260
S1,1,128,1128,79,10432,False,False,20261005T104005Z_7611453d,76.755,512,318,78.4986,1.5719,10688,150,77,1455,172,63,1693,366924,6260
S1,1,128,1128,80,10560,False,False,20261005T104005Z_7611453d,76.4575,512,318,77.6114,1.0476,10816,140,77,1455,164,64,1685,366924,6260
S1,1,128,1128,81,10688,False,False,20261005T104005Z_7611453d,76.3552,512,318,77.3288,0.8743,10944,138,85,1454,165,64,1685,366924,6260
S1,1,128,1128,82,10816,False,False,20261005T104005Z_7611453d,76.6695,512,318,78.5319,1.717,11072,148,77,1455,171,64,1693,366924,6260
S1,1,128,1128,83,10944,False,False,20261005T104005Z_7611453d,77.002,512,318,78.9625,1.7523,11200,149,77,1455,171,64,1693,366924,6260
S1,1,128,1128,84,11072,False,False,20261005T104005Z_7611453d,76.3774,512,318,78.3168,1.8032,11328,139,77,1455,173,64,1693,366924,6260
S1,1,128,1128,85,11200,False,False,20261005T104005Z_7611453d,76.2642,512,318,77.2294,0.87,11456,149,78,1454,165,64,1685,366924,6260
S1,1,128,1128,86,11328,False,False,20261005T104005Z_7611453d,76.8669,512,318,78.9378,1.8963,11584,140,78,1454,172,63,1692,366924,6260
S1,1,128,1128,87,11456,False,False,20261005T104005Z_7611453d,76.9009,512,318,79.1621,2.0629,11712,140,77,1462,164,64,1693,366924,6260
S1,1,128,1128,88,11584,False,False,20261005T104005Z_7611453d,76.8853,512,318,78.84,1.7895,11840,143,77,1455,164,63,1685,366924,6260
S1,1,128,1128,89,11712,False,False,20261005T104005Z_7611453d,77.5065,512,318,79.7966,2.0644,11968,137,78,1454,165,71,1692,366924,6260
S1,1,128,1128,90,11840,False,False,20261005T104005Z_7611453d,77.2062,512,318,79.7505,2.3164,12096,143,78,1454,172,64,1692,366924,6260
S1,1,128,1128,91,11968,False,False,20261005T104005Z_7611453d,76.9082,512,318,79.1248,1.9284,12224,135,77,1462,164,64,1692,366924,6260
S1,1,128,1128,92,12096,False,False,20261005T104005Z_7611453d,76.9034,512,318,79.8025,2.6892,12352,139,86,1455,165,64,1686,366924,6260
S1,1,128,1128,93,12224,False,False,20261005T104005Z_7611453d,77.1411,512,318,79.7262,2.3572,12480,143,78,1455,164,64,1686,366924,6260
S1,1,128,1128,94,12352,False,False,20261005T104005Z_7611453d,76.9665,512,318,79.7614,2.5583,12608,142,78,1455,164,64,1685,366924,6260
S1,1,128,1128,95,12480,False,False,20261005T104005Z_7611453d,76.9475,512,318,79.2365,2.0906,12736,144,78,1455,164,71,1693,366924,6260
S1,1,128,1128,96,12608,False,False,20261005T104005Z_7611453d,76.8547,512,318,79.5996,2.53,12864,141,77,1462,165,64,1693,366924,6260
S1,1,128,1128,97,12736,False,False,20261005T104005Z_7611453d,76.3223,512,318,77.2849,0.8613,12992,145,78,1462,164,64,1693,366924,6260
S1,1,128,1128,98,12864,False,False,20261005T104005Z_7611453d,76.3523,512,318,77.9473,1.4928,13120,142,77,1455,164,71,1693,366924,6260
S1,1,128,1128,99,12992,False,False,20261005T104005Z_7611453d,76.724,512,318,78.8349,1.9407,13248,144,77,1455,173,64,1693,366924,6260
S1,1,128,1128,100,13120,False,False,20261005T104005Z_7611453d,77.6251,512,318,79.8223,1.9849,13376,140,78,1462,164,64,1692,366924,6260
S1,1,128,1128,101,13248,False,False,20261005T104005Z_7611453d,76.6689,512,318,78.4627,1.6329,13504,148,78,1462,165,64,1692,366924,6260
S1,1,128,1128,102,13376,False,False,20261005T104005Z_7611453d,76.9504,512,318,79.8021,2.62,13632,140,78,1454,172,64,1692,366924,6260
S1,1,128,1128,103,13504,False,False,20261005T104005Z_7611453d,77.1537,512,318,79.6661,2.235,13760,143,77,1462,164,64,1693,366924,6260
S1,1,128,1128,104,13632,False,False,20261005T104005Z_7611453d,76.4621,512,318,78.0679,1.4818,13888,144,78,1462,164,64,1692,366924,6260
S1,1,128,1128,105,13760,False,False,20261005T104005Z_7611453d,77.0564,512,318,79.6112,2.3281,14016,150,78,1462,165,64,1693,366924,6260
S1,1,128,1128,106,13888,False,False,20261005T104005Z_7611453d,76.7887,512,318,78.7075,1.751,14144,140,78,1463,165,64,1693,366924,6260
S1,1,128,1128,107,14016,False,False,20261005T104005Z_7611453d,76.7206,512,318,77.7492,0.9214,14272,144,78,1462,165,63,1692,366924,6260
S1,1,128,1128,108,14144,False,False,20261005T104005Z_7611453d,76.4464,512,318,77.8559,1.268,14400,141,78,1462,165,63,1692,366924,6260
S1,1,128,1128,109,14272,False,False,20261005T104005Z_7611453d,76.2843,512,318,77.9263,1.5304,14528,140,77,1462,164,64,1693,366924,6260
S1,1,128,1128,110,14400,False,False,20261005T104005Z_7611453d,77.0732,512,318,78.8284,1.5863,14656,140,78,1455,164,63,1685,366924,6260
S1,1,128,1128,111,14528,False,False,20261005T104005Z_7611453d,76.8952,512,318,79.6151,2.5128,14784,139,78,1455,164,64,1685,366924,6260
S1,1,128,1128,112,14656,False,False,20261005T104005Z_7611453d,76.9472,512,318,78.786,1.6555,14912,145,77,1455,164,64,1686,366924,6260
S1,1,128,1128,113,14784,False,False,20261005T104005Z_7611453d,76.7765,512,318,77.7902,0.9061,15040,140,78,1455,165,63,1685,366924,6260
S1,1,128,1128,114,14912,False,False,20261005T104005Z_7611453d,76.3835,512,318,78.16,1.6638,15168,140,77,1455,164,63,1685,366924,6260
S1,1,128,1128,115,15040,False,False,20261005T104005Z_7611453d,77.0658,512,318,79.2432,1.9776,15296,140,77,1462,164,64,1693,366924,6260
S1,1,128,1128,116,15168,False,False,20261005T104005Z_7611453d,77.1528,512,318,79.6305,2.2702,15424,141,78,1455,164,64,1684,366924,6260
S1,1,128,1128,117,15296,False,False,20261005T104005Z_7611453d,77.2488,512,318,80.0068,2.5303,15552,149,78,1454,165,64,1685,366924,6260
S1,1,128,1128,118,15424,False,False,20261005T104005Z_7611453d,77.2351,512,318,79.7016,2.2354,15680,149,78,1455,172,63,1693,366924,6260
S1,1,128,1128,119,15552,False,False,20261005T104005Z_7611453d,77.4084,512,318,80.2986,2.6658,15808,142,78,1462,164,64,1692,366924,6260
S1,1,128,1128,120,15680,False,False,20261005T104005Z_7611453d,77.103,512,318,79.6513,2.1883,15936,149,78,1455,164,64,1685,366924,6260
S1,1,128,1128,121,15808,False,False,20261005T104005Z_7611453d,77.3138,512,318,80.2004,2.6422,16064,141,78,1455,165,64,1685,366924,6260
S1,1,128,1128,122,15936,False,False,20261005T104005Z_7611453d,76.6913,512,318,78.5402,1.6731,16192,140,77,1462,165,64,1693,366924,6260
S1,1,128,1128,123,16064,False,False,20261005T104005Z_7611453d,76.7277,512,318,77.754,0.9269,16320,142,78,1462,165,63,1692,366924,6260
S1,1,128,1128,124,16192,False,False,20261005T104005Z_7611453d,76.8475,512,318,78.7883,1.7929,16448,141,78,1462,164,63,1692,366924,6260
S1,1,128,1128,125,16320,False,False,20261005T104005Z_7611453d,77.1851,512,318,79.1158,1.7456,16576,140,78,1462,165,63,1692,366924,6260
S1,1,128,1128,126,16448,False,False,20261005T104005Z_7611453d,76.9175,512,318,78.8771,1.793,16704,144,78,1454,165,64,1685,366924,6260
S1,1,128,1128,127,16576,False,False,20261005T104005Z_7611453d,77.3859,512,318,79.889,2.222,16832,158,77,1455,165,63,1685,366924,6260
S1,1,128,1128,128,16704,False,False,20261005T104005Z_7611453d,76.9342,512,318,79.7382,2.5986,16960,140,77,1455,172,63,1693,366924,6260
S1,1,128,1128,129,16832,False,False,20261005T104005Z_7611453d,76.8225,512,318,79.2322,2.1844,17088,140,78,1454,172,64,1692,366924,6260
S1,1,128,1128,130,16960,False,False,20261005T104005Z_7611453d,76.4769,512,318,77.5259,0.9414,17216,145,78,1455,164,64,1686,366924,6260
S1,1,128,1128,131,17088,False,False,20261005T104005Z_7611453d,77.4368,512,318,79.8237,2.1571,17344,139,77,1462,164,64,1693,366924,6260
S1,1,128,1128,132,17216,False,False,20261005T104005Z_7611453d,76.8338,512,318,79.1423,2.1024,17472,141,78,1462,165,63,1693,366924,6260
S1,1,128,1128,133,17344,False,False,20261005T104005Z_7611453d,76.8443,512,318,79.0934,2.0719,17600,142,77,1455,172,63,1693,366924,6260
S1,1,128,1128,134,17472,False,False,20261005T104005Z_7611453d,76.3289,512,318,77.3576,0.9197,17728,145,78,1462,164,64,1693,366924,6260
S1,1,128,1128,135,17600,False,False,20261005T104005Z_7611453d,76.6581,512,318,78.825,1.9697,17856,141,77,1455,164,71,1693,366924,6260
S1,1,128,1128,136,17728,False,False,20261005T104005Z_7611453d,76.9741,512,318,79.1354,1.9177,17984,140,78,1455,172,64,1692,366924,6260
S1,1,128,1128,137,17856,False,False,20261005T104005Z_7611453d,76.6071,512,318,78.112,1.3751,18112,141,78,1462,164,64,1693,366924,6260
S1,1,128,1128,138,17984,False,False,20261005T104005Z_7611453d,76.6987,512,318,78.039,1.2096,18240,139,77,1455,164,64,1685,366924,6260
S1,1,128,1128,139,18112,False,False,20261005T104005Z_7611453d,76.7387,512,318,77.9483,1.054,18368,137,78,1462,164,64,1692,366924,6260
S1,1,128,1128,140,18240,False,False,20261005T104005Z_7611453d,77.0563,512,318,79.293,2.0454,18496,142,78,1462,164,64,1692,366924,6260
S1,1,128,1128,141,18368,False,False,20261005T104005Z_7611453d,76.9837,512,318,79.5432,2.3674,18624,140,77,1455,164,64,1686,366924,6260
S1,1,128,1128,142,18496,False,False,20261005T104005Z_7611453d,76.5773,512,318,78.1065,1.3905,18752,140,78,1455,164,63,1685,366924,6260
S1,1,128,1128,143,18624,False,False,20261005T104005Z_7611453d,76.8252,512,318,78.4765,1.4858,18880,142,78,1462,165,64,1693,366924,6260
S1,1,128,1128,144,18752,False,False,20261005T104005Z_7611453d,76.9063,512,318,79.5739,2.4703,19008,141,78,1455,172,64,1694,366924,6260
S1,1,128,1128,145,18880,False,False,20261005T104005Z_7611453d,76.3474,512,318,77.3105,0.8629,19136,148,78,1454,164,71,1692,366924,6260
S1,1,128,1128,146,19008,False,False,20261005T104005Z_7611453d,76.714,512,318,79.1284,2.222,19264,140,78,1462,164,63,1692,366924,6260
S1,1,128,1128,147,19136,False,False,20261005T104005Z_7611453d,77.2116,512,318,79.7787,2.2547,19392,143,77,1455,164,63,1685,366924,6260
S1,1,128,1128,148,19264,False,False,20261005T104005Z_7611453d,77.2423,512,318,79.327,1.8843,19520,141,77,1455,171,64,1692,366924,6260
S1,1,128,1128,149,19392,False,False,20261005T104005Z_7611453d,76.5927,512,318,78.6807,1.9278,19648,139,78,1462,165,64,1693,366924,6260
S1,1,128,1128,150,19520,False,False,20261005T104005Z_7611453d,76.9636,512,318,79.5089,2.319,19776,140,78,1462,165,64,1693,366924,6260
S1,1,128,1128,151,19648,False,False,20261005T104005Z_7611453d,76.9486,512,318,79.0954,1.9385,19904,141,77,1462,165,63,1693,366924,6260
S1,1,128,1128,152,19776,False,False,20261005T104005Z_7611453d,77.1374,512,318,79.5076,2.1618,20032,144,78,1455,164,64,1685,366924,6260
S1,1,128,1128,153,19904,False,False,20261005T104005Z_7611453d,76.6092,512,318,77.6927,0.9681,20160,141,78,1455,164,63,1685,366924,6260
S1,1,128,1128,154,20032,False,False,20261005T104005Z_7611453d,76.9266,512,318,80.613,3.3614,20288,148,85,1454,165,64,1686,366924,6260
S1,1,128,1128,155,20160,False,False,20261005T104005Z_7611453d,76.4084,512,318,77.3878,0.885,20416,145,77,1455,164,63,1685,366924,6260
S1,1,128,1128,156,20288,False,False,20261005T104005Z_7611453d,76.8863,512,318,79.3021,2.1818,20544,139,78,1462,164,63,1692,366924,6260
S1,1,128,1128,157,20416,False,False,20261005T104005Z_7611453d,76.6853,512,318,78.4689,1.5833,20672,143,78,1455,164,64,1685,366924,6260
S1,1,128,1128,158,20544,False,False,20261005T104005Z_7611453d,76.3296,512,318,77.3596,0.9287,20800,142,77,1462,165,63,1693,366924,6260
S1,1,128,1128,159,20672,False,False,20261005T104005Z_7611453d,76.257,512,318,77.3057,0.9475,20928,142,78,1455,172,64,1693,366924,6260
S1,1,128,1128,160,20800,False,False,20261005T104005Z_7611453d,76.2602,512,318,77.2636,0.8921,21056,150,78,1462,165,64,1693,366924,6260
S1,1,128,1128,161,20928,False,False,20261005T104005Z_7611453d,76.3351,512,318,77.6609,1.1955,21184,143,78,1454,172,63,1692,366924,6260
S1,1,128,1128,162,21056,False,False,20261005T104005Z_7611453d,76.3477,512,318,77.3145,0.8671,21312,142,77,1455,165,64,1685,366924,6260
S1,1,128,1128,163,21184,False,False,20261005T104005Z_7611453d,76.1989,512,318,77.1628,0.8678,21440,142,77,1462,164,64,1692,366924,6260
S1,1,128,1128,164,21312,False,False,20261005T104005Z_7611453d,76.8245,512,318,78.1636,1.1931,21568,141,85,1454,165,63,1685,366924,6260
S1,1,128,1128,165,21440,False,False,20261005T104005Z_7611453d,76.7663,512,318,79.4348,2.4859,21696,141,78,1454,172,63,1692,366924,6260
S1,1,128,1128,166,21568,False,False,20261005T104005Z_7611453d,76.5503,512,318,78.4397,1.7268,21824,143,78,1455,164,64,1685,366924,6260
S1,1,128,1128,167,21696,False,False,20261005T104005Z_7611453d,76.476,512,318,77.9796,1.3809,21952,143,78,1462,164,64,1693,366924,6260
S1,1,128,1128,168,21824,False,False,20261005T104005Z_7611453d,76.8967,512,318,80.0357,2.7657,22080,147,85,1455,165,63,1685,366924,6260
S1,1,128,1128,169,21952,False,False,20261005T104005Z_7611453d,76.3552,512,318,77.4889,1.0093,22208,140,78,1454,172,64,1693,366924,6260
S1,1,128,1128,170,22080,False,False,20261005T104005Z_7611453d,76.3714,512,318,77.5039,1.0132,22336,140,78,1454,165,63,1685,366924,6260
S1,1,128,1128,171,22208,False,False,20261005T104005Z_7611453d,76.4003,512,318,77.7879,1.2251,22464,140,78,1462,165,64,1692,366924,6260
S1,1,128,1128,172,22336,False,False,20261005T104005Z_7611453d,76.374,512,318,77.7101,1.0693,22592,141,78,1462,164,64,1693,366924,6260
S1,1,128,1128,173,22464,False,False,20261005T104005Z_7611453d,77.1905,512,318,79.2758,1.8913,22720,142,78,1462,165,64,1693,366924,6260
S1,1,128,1128,174,22592,False,False,20261005T104005Z_7611453d,76.4563,512,318,77.5722,0.9694,22848,138,78,1455,164,64,1685,366924,6260
S1,1,128,1128,175,22720,False,False,20261005T104005Z_7611453d,76.2523,512,318,78.4673,2.0917,22976,144,85,1455,165,64,1685,366924,6260
S1,1,128,1128,176,22848,False,False,20261005T104005Z_7611453d,76.8337,512,318,79.2049,2.1611,23104,142,77,1462,164,63,1692,366924,6260
S1,1,128,1128,177,22976,False,False,20261005T104005Z_7611453d,76.8624,512,318,78.8785,1.8381,23232,143,78,1454,165,72,1692,366924,6260
S1,1,128,1128,178,23104,False,False,20261005T104005Z_7611453d,76.7527,512,318,78.5631,1.6429,23360,141,77,1455,165,71,1693,366924,6260
S1,1,128,1128,179,23232,False,False,20261005T104005Z_7611453d,76.9051,512,318,78.5933,1.5306,23488,149,78,1455,164,64,1685,366924,6260
S1,1,128,1128,180,23360,False,False,20261005T104005Z_7611453d,76.8268,512,318,79.4022,2.3717,23616,143,77,1462,165,63,1693,366924,6260
S1,1,128,1128,181,23488,False,False,20261005T104005Z_7611453d,76.9636,512,318,79.3011,2.1267,23744,149,78,1462,164,64,1693,366924,6260
S1,1,128,1128,182,23616,False,False,20261005T104005Z_7611453d,77.4422,512,318,80.5652,2.8949,23872,140,78,1454,172,63,1692,366924,6260
S1,1,128,1128,183,23744,False,False,20261005T104005Z_7611453d,76.7642,512,318,79.1708,1.9876,24000,147,77,1455,165,71,1692,366924,6260
S1,1,128,1128,184,23872,False,False,20261005T104005Z_7611453d,76.9822,512,318,79.663,2.1629,24128,150,77,1462,164,64,1693,366924,6260
S1,1,128,1128,185,24000,False,False,20261005T104005Z_7611453d,76.9213,512,318,79.2111,2.1055,24256,142,78,1462,165,64,1693,366924,6260
S1,1,128,1128,186,24128,False,False,20261005T104005Z_7611453d,76.8693,512,318,79.2933,2.2387,24384,140,78,1455,164,71,1693,366924,6260
S1,1,128,1128,187,24256,False,False,20261005T104005Z_7611453d,76.5084,512,318,77.9672,1.3347,24512,139,78,1462,165,63,1692,366924,6260
S1,1,128,1128,188,24384,False,False,20261005T104005Z_7611453d,76.6776,512,318,78.7963,1.9424,24640,141,78,1455,164,64,1685,366924,6260
S1,1,128,1128,189,24512,False,False,20261005T104005Z_7611453d,76.2479,512,318,77.2763,0.8998,24768,143,78,1455,164,64,1685,366924,6260
S1,1,128,1128,190,24640,False,False,20261005T104005Z_7611453d,76.4094,512,318,77.3691,0.8626,24896,144,78,1462,164,63,1692,366924,6260
S1,1,128,1128,191,24768,False,False,20261005T104005Z_7611453d,76.7823,512,318,78.9719,1.9769,25024,140,78,1455,165,64,1685,366924,6260
S1,1,128,1128,192,24896,False,False,20261005T104005Z_7611453d,76.8603,512,318,78.7137,1.6708,25152,141,78,1454,172,64,1693,366924,6260
S1,1,128,1128,193,25024,False,False,20261005T104005Z_7611453d,76.644,512,318,77.6278,0.8796,25280,143,77,1455,165,72,1692,366924,6260
S1,1,128,1128,194,25152,False,False,20261005T104005Z_7611453d,76.5358,512,318,78.2641,1.5916,25408,146,78,1454,164,64,1684,366924,6260
S1,1,128,1128,195,25280,False,False,20261005T104005Z_7611453d,76.6123,512,318,78.2751,1.5137,25536,144,77,1462,165,64,1693,366924,6260
S1,1,128,1128,196,25408,False,False,20261005T104005Z_7611453d,77.1849,512,318,79.3194,1.8668,25664,137,78,1454,165,63,1685,366924,6260
S1,1,128,1128,197,25536,False,False,20261005T104005Z_7611453d,76.9358,512,318,79.4129,2.2673,25792,139,78,1462,164,63,1692,366924,6260
S1,1,128,1128,198,25664,False,False,20261005T104005Z_7611453d,77.135,512,318,79.4509,2.0173,25920,141,78,1462,164,64,1693,366924,6260
S1,1,128,1128,199,25792,False,False,20261005T104005Z_7611453d,77.0323,512,318,79.1409,1.9322,26048,141,77,1455,165,71,1692,366924,6260
S1,1,128,1128,200,25920,False,False,20261005T104005Z_7611453d,76.4979,512,318,78.3965,1.8017,26176,141,78,1462,164,64,1692,366924,6260
S1,1,128,1128,201,26048,False,False,20261005T104005Z_7611453d,77.129,512,318,80.2406,2.5998,26304,137,77,1455,165,71,1692,366924,6260
S1,1,128,1128,202,26176,False,False,20261005T104005Z_7611453d,76.9475,512,318,79.7272,2.5738,26432,138,78,1462,165,63,1693,366924,6260
S1,1,128,1128,203,26304,False,False,20261005T104005Z_7611453d,76.5411,512,318,78.1319,1.454,26560,142,85,1454,165,63,1685,366924,6260
S1,1,128,1128,204,26432,False,False,20261005T104005Z_7611453d,76.8753,512,318,79.1759,2.0832,26688,142,78,1454,164,71,1692,366924,6260
S1,1,128,1128,205,26560,False,False,20261005T104005Z_7611453d,77.0102,512,318,79.3932,2.1567,26816,141,77,1462,165,63,1693,366924,6260
S1,1,128,1128,206,26688,False,False,20261005T104005Z_7611453d,77.0812,512,318,79.672,2.4028,26944,142,77,1462,164,64,1693,366924,6260
S1,1,128,1128,207,26816,False,False,20261005T104005Z_7611453d,77.052,512,318,79.2936,2.0421,27072,140,78,1462,164,64,1692,366924,6260
S1,1,128,1128,208,26944,False,False,20261005T104005Z_7611453d,77.2134,512,318,79.3796,1.9681,27200,141,78,1455,165,63,1685,366924,6260
S1,1,128,1128,209,27072,False,False,20261005T104005Z_7611453d,76.8246,512,318,79.8348,2.469,27328,143,78,1462,165,63,1693,366924,6260
S1,1,128,1128,210,27200,False,False,20261005T104005Z_7611453d,77.0369,512,318,79.3895,2.127,27456,140,77,1455,164,63,1685,366924,6260
S1,1,128,1128,211,27328,False,False,20261005T104005Z_7611453d,77.3425,512,318,79.7636,2.1818,27584,141,78,1462,164,63,1692,366924,6260
S1,1,128,1128,212,27456,False,False,20261005T104005Z_7611453d,76.7592,512,318,78.2675,1.3557,27712,149,77,1462,164,64,1693,366924,6260
S1,1,128,1128,213,27584,False,False,20261005T104005Z_7611453d,76.891,512,318,79.6486,2.5502,27840,138,78,1455,164,71,1693,366924,6260
S1,1,128,1128,214,27712,False,False,20261005T104005Z_7611453d,76.7649,512,318,79.0916,2.0717,27968,140,77,1455,172,64,1693,366924,6260
S1,1,128,1128,215,27840,False,False,20261005T104005Z_7611453d,76.9094,512,318,79.2372,2.1065,28096,139,78,1462,164,64,1693,366924,6260
S1,1,128,1128,216,27968,False,False,20261005T104005Z_7611453d,77.0254,512,318,79.1524,1.9589,28224,142,77,1455,165,64,1685,366924,6260
S1,1,128,1128,217,28096,False,False,20261005T104005Z_7611453d,77.0041,512,318,80.0798,2.8646,28352,141,78,1462,165,63,1692,366924,6260
S1,1,128,1128,218,28224,False,False,20261005T104005Z_7611453d,77.3154,512,318,79.7584,2.2283,28480,142,77,1455,164,64,1685,366924,6260
S1,1,128,1128,219,28352,False,False,20261005T104005Z_7611453d,76.6788,512,318,78.7089,1.8374,28608,137,78,1455,165,72,1692,366924,6260
S1,1,128,1128,220,28480,False,False,20261005T104005Z_7611453d,77.1388,512,318,80.035,2.6483,28736,143,78,1454,164,71,1692,366924,6260
S1,1,128,1128,221,28608,False,False,20261005T104005Z_7611453d,76.7309,512,318,79.1597,2.247,28864,139,78,1462,164,64,1692,366924,6260
S1,1,128,1128,222,28736,False,False,20261005T104005Z_7611453d,76.8341,512,318,78.9407,1.8085,28992,143,78,1455,164,63,1685,366924,6260
S1,1,128,1128,223,28864,False,False,20261005T104005Z_7611453d,76.8211,512,318,79.1302,2.1033,29120,141,78,1454,172,63,1692,366924,6260
S1,1,128,1128,224,28992,False,False,20261005T104005Z_7611453d,77.6406,512,318,80.0741,2.2098,29248,139,85,1455,165,64,1685,366924,6260
S1,1,128,1128,225,29120,False,False,20261005T104005Z_7611453d,76.795,512,318,78.7613,1.7914,29376,141,77,1455,172,64,1692,366924,6260
S1,1,128,1128,226,29248,False,False,20261005T104005Z_7611453d,76.7972,512,318,79.0527,2.0518,29504,141,78,1455,172,64,1693,366924,6260
S1,1,128,1128,227,29376,False,False,20261005T104005Z_7611453d,77.0187,512,318,78.092,0.9265,29632,138,77,1462,164,64,1693,366924,6260
S1,1,128,1128,228,29504,False,False,20261005T104005Z_7611453d,76.818,512,318,78.796,1.8086,29760,141,85,1455,165,63,1685,366924,6260
S1,1,128,1128,229,29632,False,False,20261005T104005Z_7611453d,77.9119,512,318,80.3477,2.2259,29888,140,78,1454,165,63,1685,366924,6260
S1,1,128,1128,230,29760,False,False,20261005T104005Z_7611453d,77.0497,512,318,79.6698,2.4223,30016,140,85,1454,165,63,1685,366924,6260
S1,1,128,1128,231,29888,False,False,20261005T104005Z_7611453d,76.9154,512,318,79.3767,2.2435,30144,141,85,1455,165,63,1685,366924,6260
S1,1,128,1128,232,30016,False,False,20261005T104005Z_7611453d,77.2192,512,318,80.2718,2.8478,30272,141,78,1462,165,63,1692,366924,6260
S1,1,128,1128,233,30144,False,False,20261005T104005Z_7611453d,77.2072,512,318,79.4484,2.0502,30400,150,77,1455,171,64,1693,366924,6260
S1,1,128,1128,234,30272,False,False,20261005T104005Z_7611453d,77.5256,512,318,80.3993,2.5956,30528,138,78,1455,165,63,1685,366924,6260
S1,1,128,1128,235,30400,False,False,20261005T104005Z_7611453d,76.671,512,318,78.7117,1.8689,30656,141,85,1455,164,64,1686,366924,6260
S1,1,128,1128,236,30528,False,False,20261005T104005Z_7611453d,77.104,512,318,79.8274,2.4032,30784,139,85,1455,165,63,1685,366924,6260
S1,1,128,1128,237,30656,False,False,20261005T104005Z_7611453d,76.5326,512,318,78.4615,1.7552,30912,145,77,1455,164,63,1685,366924,6260
S1,1,128,1128,238,30784,False,False,20261005T104005Z_7611453d,76.8506,512,318,79.6207,2.4544,31040,149,77,1462,165,63,1693,366924,6260
S1,1,128,1128,239,30912,False,False,20261005T104005Z_7611453d,77.2734,512,318,79.6526,2.1714,31168,142,77,1462,165,64,1693,366924,6260
S1,1,128,1128,240,31040,False,False,20261005T104005Z_7611453d,76.6782,512,318,78.9846,2.1358,31296,142,78,1463,165,63,1693,366924,6260
S1,1,128,1128,241,31168,False,False,20261005T104005Z_7611453d,76.0896,512,318,77.219,1.0389,31424,148,78,1455,164,63,1685,366924,6260
S1,1,128,1128,242,31296,False,False,20261005T104005Z_7611453d,76.6674,512,318,77.9626,1.1773,31552,140,78,1462,164,63,1692,366924,6260
S1,1,128,1128,243,31424,False,False,20261005T104005Z_7611453d,76.4627,512,318,78.1727,1.5627,31680,148,78,1462,165,64,1692,366924,6260
S1,1,128,1128,244,31552,False,False,20261005T104005Z_7611453d,77.001,512,318,79.769,2.5454,31808,151,78,1454,164,64,1685,366924,6260
S1,1,128,1128,245,31680,False,False,20261005T104005Z_7611453d,76.893,512,318,78.5635,1.5085,31936,141,78,1455,172,63,1693,366924,6260
S1,1,128,1128,246,31808,False,False,20261005T104005Z_7611453d,76.6163,512,318,78.8686,2.1058,32064,140,78,1454,164,64,1685,366924,6260
S1,1,128,1128,247,31936,False,False,20261005T104005Z_7611453d,76.8013,512,318,78.9902,1.9926,32192,144,78,1455,164,72,1693,366924,6260
S1,1,128,1128,248,32064,False,False,20261005T104005Z_7611453d,76.9169,512,318,79.4793,2.3545,32320,140,78,1462,165,63,1692,366924,6260
S1,1,128,1128,249,32192,False,False,20261005T104005Z_7611453d,77.162,512,318,79.5712,2.1917,32448,139,78,1462,165,64,1693,366924,6260
S1,1,128,1128,250,32320,False,False,20261005T104005Z_7611453d,76.282,512,318,77.7043,1.3228,32576,140,77,1462,164,63,1692,366924,6260
S1,1,128,1128,251,32448,False,False,20261005T104005Z_7611453d,77.0456,512,318,79.4131,2.172,32704,148,78,1462,165,64,1692,366924,6260
S1,1,128,1128,252,32576,False,False,20261005T104005Z_7611453d,77.1369,512,318,79.6939,2.3495,32832,140,77,1455,164,64,1685,366924,6260
S1,1,128,1128,253,32704,False,False,20261005T104005Z_7611453d,76.52,512,318,78.5615,1.881,32960,141,78,1455,172,63,1693,366924,6260
S1,1,128,1128,254,32832,False,False,20261005T104005Z_7611453d,76.4769,512,318,78.4119,1.7704,33088,143,77,1455,165,63,1685,366924,6260
S1,1,128,1128,255,32960,False,False,20261005T104005Z_7611453d,78.8793,512,318,81.5791,2.4697,33216,141,77,1462,165,63,1693,366924,6260
S1,1,128,1128,256,33088,False,False,20261005T104005Z_7611453d,77.4397,512,318,79.7684,2.1213,33344,149,77,1462,165,64,1693,366924,6260
S1,1,128,1128,257,33216,False,False,20261005T104005Z_7611453d,76.5793,512,318,78.4747,1.7101,33472,137,85,1455,165,64,1686,366924,6260
S1,1,128,1128,258,33344,False,False,20261005T104005Z_7611453d,77.1474,512,318,79.9503,2.5189,33600,142,77,1462,164,64,1693,366924,6260
S1,1,128,1128,259,33472,False,False,20261005T104005Z_7611453d,76.8083,512,318,79.2698,2.2535,33728,141,77,1455,164,63,1685,366924,6260
S1,1,128,1128,260,33600,False,False,20261005T104005Z_7611453d,77.1204,512,318,79.5278,2.1993,33856,141,78,1462,165,63,1692,366924,6260
S1,1,128,1128,261,33728,False,False,20261005T104005Z_7611453d,76.8466,512,318,79.4492,2.3935,33984,141,78,1462,165,64,1693,366924,6260
S1,1,128,1128,262,33856,False,False,20261005T104005Z_7611453d,76.5963,512,318,78.3768,1.6457,34112,147,77,1455,172,64,1692,366924,6260
S1,1,128,1128,263,33984,False,False,20261005T104005Z_7611453d,76.8006,512,318,79.0297,2.0322,34240,141,85,1455,164,64,1685,366924,6260
S1,1,128,1128,264,34112,False,False,20261005T104005Z_7611453d,77.6113,512,318,80.3345,2.4868,34368,140,78,1454,172,63,1692,366924,6260
S1,1,128,1128,265,34240,False,False,20261005T104005Z_7611453d,77.3069,512,318,80.3431,2.8146,34496,139,78,1455,164,64,1685,366924,6260
S1,1,128,1128,266,34368,False,False,20261005T104005Z_7611453d,76.7968,512,318,78.9896,2.0267,34624,142,78,1462,165,64,1693,366924,6260
S1,1,128,1128,267,34496,False,False,20261005T104005Z_7611453d,76.444,512,318,77.9648,1.369,34752,140,78,1454,165,64,1685,366924,6260
S1,1,128,1128,268,34624,False,False,20261005T104005Z_7611453d,77.0474,512,318,79.6756,2.3594,34880,141,78,1454,172,64,1692,366924,6260
S1,1,128,1128,269,34752,False,False,20261005T104005Z_7611453d,76.6643,512,318,78.5749,1.7356,35008,143,78,1454,172,63,1692,366924,6260
S1,1,128,1128,270,34880,False,False,20261005T104005Z_7611453d,76.8857,512,318,79.0272,1.9441,35136,142,78,1455,164,71,1693,366924,6260
S1,1,128,1128,271,35008,False,False,20261005T104005Z_7611453d,76.5486,512,318,77.8809,1.2155,35264,142,78,1462,164,63,1692,366924,6260
S1,1,128,1128,272,35136,False,False,20261005T104005Z_7611453d,76.3107,512,318,77.3718,0.9391,35392,143,77,1462,165,63,1693,366924,6260
S1,1,128,1128,273,35264,False,False,20261005T104005Z_7611453d,76.9045,512,318,79.3392,2.2424,35520,139,77,1455,164,71,1692,366924,6260
S1,1,128,1128,274,35392,False,False,20261005T104005Z_7611453d,76.402,512,318,77.5494,1.0348,35648,142,78,1462,165,64,1693,366924,6260
S1,1,128,1128,275,35520,False,False,20261005T104005Z_7611453d,76.3349,512,318,77.7292,1.2845,35776,149,77,1462,164,63,1692,366924,6260
S1,1,128,1128,276,35648,False,False,20261005T104005Z_7611453d,76.8382,512,318,78.9519,1.9305,35904,139,77,1462,164,64,1692,366924,6260
S1,1,128,1128,277,35776,False,False,20261005T104005Z_7611453d,76.4724,512,318,78.2864,1.6878,36032,151,77,1462,165,63,1693,366924,6260
S1,1,128,1128,278,35904,False,False,20261005T104005Z_7611453d,76.9272,512,318,79.1937,2.0728,36160,141,78,1454,172,64,1692,366924,6260
S1,1,128,1128,279,36032,False,False,20261005T104005Z_7611453d,76.6014,512,318,77.673,0.9254,36288,140,78,1462,165,64,1693,366924,6260
S1,1,128,1128,280,36160,False,False,20261005T104005Z_7611453d,77.0985,512,318,79.1278,1.8555,36416,142,78,1462,165,64,1692,366924,6260
S1,1,128,1128,281,36288,False,False,20261005T104005Z_7611453d,77.4832,512,318,80.12,2.3245,36544,139,78,1454,165,64,1685,366924,6260
S1,1,128,1128,282,36416,False,False,20261005T104005Z_7611453d,77.4444,512,318,80.0145,2.3426,36672,139,78,1462,165,63,1693,366924,6260
S1,1,128,1128,283,36544,False,False,20261005T104005Z_7611453d,77.2946,512,318,79.6769,2.1561,36800,139,77,1455,165,63,1685,366924,6260
S1,1,128,1128,284,36672,False,False,20261005T104005Z_7611453d,76.8993,512,318,78.6484,1.5916,36928,140,78,1454,165,64,1692,366924,6260
S1,1,128,1128,285,36800,False,False,20261005T104005Z_7611453d,77.0407,512,318,79.506,2.2519,37056,144,78,1454,165,64,1685,366924,6260
S1,1,128,1128,286,36928,False,False,20261005T104005Z_7611453d,77.5362,512,318,80.0439,2.2799,37184,141,77,1455,164,63,1685,366924,6260
S1,1,128,1128,287,37056,False,False,20261005T104005Z_7611453d,76.8275,512,318,78.85,1.8294,37312,138,78,1455,172,64,1693,366924,6260
S1,1,128,1128,288,37184,False,False,20261005T104005Z_7611453d,76.3605,512,318,78.0134,1.5461,37440,142,77,1462,164,64,1693,366924,6260
S1,1,128,1128,289,37312,False,False,20261005T104005Z_7611453d,76.3616,512,318,77.7478,1.2568,37568,151,77,1462,165,64,1693,366924,6260
S1,1,128,1128,290,37440,False,False,20261005T104005Z_7611453d,76.5886,512,318,78.6784,1.9132,37696,142,78,1462,165,63,1693,366924,6260
S1,1,128,1128,291,37568,False,False,20261005T104005Z_7611453d,76.8975,512,318,79.8493,2.7232,37824,141,77,1462,164,63,1692,366924,6260
S1,1,128,1128,292,37696,False,False,20261005T104005Z_7611453d,76.4428,512,318,77.4985,0.9245,37952,143,77,1462,165,63,1693,366924,6260
S1,1,128,1128,293,37824,False,False,20261005T104005Z_7611453d,76.9255,512,318,78.7431,1.6338,38080,139,77,1462,164,64,1693,366924,6260
S1,1,128,1128,294,37952,False,False,20261005T104005Z_7611453d,77.7935,512,318,80.328,2.2937,38208,141,77,1462,164,64,1693,366924,6260
S1,1,128,1128,295,38080,False,False,20261005T104005Z_7611453d,76.9663,512,318,79.5409,2.3424,38336,142,77,1455,164,71,1693,366924,6260
S1,1,128,1128,296,38208,False,False,20261005T104005Z_7611453d,76.824,512,318,78.6905,1.6856,38464,139,78,1454,164,64,1685,366924,6260
S1,1,128,1128,297,38336,False,False,20261005T104005Z_7611453d,77.0565,512,318,79.3348,2.0792,38592,141,78,1455,165,64,1685,366924,6260
S1,1,128,1128,298,38464,False,False,20261005T104005Z_7611453d,77.061,512,318,78.6821,1.4336,38720,148,78,1462,165,64,1693,366924,6260
S1,1,128,1128,299,38592,False,False,20261005T104005Z_7611453d,76.6753,512,318,78.2299,1.4032,38848,141,78,1462,164,64,1692,366924,6260
S1,1,128,1128,300,38720,False,False,20261005T104005Z_7611453d,76.6007,512,318,77.6166,0.9076,38976,139,78,1455,172,64,1693,366924,6260
S1,1,128,1128,301,38848,False,False,20261005T104005Z_7611453d,76.4687,512,318,77.5207,0.9419,39104,142,77,1455,164,63,1685,366924,6260
S1,1,128,1128,302,38976,False,False,20261005T104005Z_7611453d,76.7158,512,318,78.1067,1.2046,39232,140,86,1455,164,64,1685,366924,6260
S1,1,128,1128,303,39104,False,False,20261005T104005Z_7611453d,76.5654,512,318,78.3707,1.6439,39360,142,77,1455,164,64,1685,366924,6260
S1,1,128,1128,304,39232,False,False,20261005T104005Z_7611453d,76.6516,512,318,78.4141,1.6009,39488,142,78,1462,165,64,1693,366924,6260
S1,1,128,1128,305,39360,False,False,20261005T104005Z_7611453d,76.7869,512,318,78.3304,1.3885,39616,142,77,1462,165,64,1693,366924,6260
S1,1,128,1128,306,39488,False,False,20261005T104005Z_7611453d,77.3123,512,318,79.7482,2.1899,39744,141,85,1455,165,63,1685,366924,6260
S1,1,128,1128,307,39616,False,False,20261005T104005Z_7611453d,77.1049,512,318,80.4184,3.0535,39872,139,78,1454,165,64,1685,366924,6260
S1,1,128,1128,308,39744,False,False,20261005T104005Z_7611453d,76.2517,512,318,77.2761,0.9183,40000,140,78,1462,165,64,1692,366924,6260
S1,1,128,1128,309,39872,False,False,20261005T104005Z_7611453d,76.8732,512,318,79.1021,2.0177,40128,142,78,1454,165,71,1692,366924,6260
S1,1,128,1128,310,40000,False,False,20261005T104005Z_7611453d,77.2179,512,318,79.5993,2.1681,40256,142,78,1462,165,64,1692,366924,6260
S1,1,128,1128,311,40128,False,False,20261005T104005Z_7611453d,76.8629,512,318,79.0984,2.0425,40384,141,78,1462,164,63,1692,366924,6260
S1,1,128,1128,312,40256,False,False,20261005T104005Z_7611453d,76.6525,512,318,78.7354,1.9239,40512,141,78,1455,165,64,1685,366924,6260
S1,1,128,1128,313,40384,False,False,20261005T104005Z_7611453d,76.3168,512,318,77.4801,1.0425,40640,141,78,1454,164,64,1685,366924,6260
S1,1,128,1128,314,40512,False,False,20261005T104005Z_7611453d,77.0726,512,318,79.3186,2.051,40768,142,78,1462,164,63,1692,366924,6260
S1,1,128,1128,315,40640,False,False,20261005T104005Z_7611453d,77.6711,512,318,79.9889,2.0931,40896,138,77,1462,164,64,1693,366924,6260
S1,1,128,1128,316,40768,False,False,20261005T104005Z_7611453d,77.1624,512,318,79.7093,2.3424,41024,140,77,1462,165,64,1693,366924,6260
S1,1,128,1128,317,40896,False,False,20261005T104005Z_7611453d,76.6224,512,318,77.773,1.0433,41152,148,77,1462,165,63,1693,366924,6260
S1,1,128,1128,318,41024,False,False,20261005T104005Z_7611453d,76.4133,512,318,77.68,1.066,41280,147,77,1462,164,64,1693,366924,6260
S1,1,128,1128,319,41152,False,False,20261005T104005Z_7611453d,76.938,512,318,79.2761,2.1428,41408,137,78,1462,164,64,1692,366924,6260
S1,1,128,1128,320,41280,False,False,20261005T104005Z_7611453d,77.435,512,318,79.4549,1.8357,41536,141,78,1455,172,64,1693,366924,6260
S1,1,128,1128,321,41408,False,False,20261005T104005Z_7611453d,76.7989,512,318,78.3215,1.3515,41664,148,78,1454,165,64,1685,366924,6260
S1,1,128,1128,322,41536,False,False,20261005T104005Z_7611453d,77.0279,512,318,79.1782,1.9932,41792,139,78,1462,165,63,1692,366924,6260
S1,1,128,1128,323,41664,False,False,20261005T104005Z_7611453d,76.4587,512,318,77.5763,1.0071,41920,141,77,1455,164,63,1685,366924,6260
S1,1,128,1128,324,41792,False,False,20261005T104005Z_7611453d,76.9581,512,318,79.3297,2.162,42048,140,85,1454,165,64,1685,366924,6260
S1,1,128,1128,325,41920,False,False,20261005T104005Z_7611453d,76.7686,512,318,78.9079,1.9507,42176,143,78,1462,164,63,1692,366924,6260
S1,1,128,1128,326,42048,False,False,20261005T104005Z_7611453d,76.5137,512,318,78.2044,1.5826,42304,138,77,1462,165,63,1693,366924,6260
S1,1,128,1128,327,42176,False,False,20261005T104005Z_7611453d,77.0763,512,318,79.5535,2.2314,42432,143,78,1454,172,63,1692,366924,6260
S1,1,128,1128,328,42304,False,False,20261005T104005Z_7611453d,77.1304,512,318,79.4405,2.1181,42560,140,78,1454,172,64,1692,366924,6260
S1,1,128,1128,329,42432,False,False,20261005T104005Z_7611453d,77.245,512,318,79.5002,2.0601,42688,142,78,1454,164,64,1684,366924,6260
S1,1,128,1128,330,42560,False,False,20261005T104005Z_7611453d,76.5289,512,318,77.6662,1.03,42816,139,78,1455,164,64,1686,366924,6260
S1,1,128,1128,331,42688,False,False,20261005T104005Z_7611453d,76.94,512,318,79.2534,2.0986,42944,138,78,1462,165,64,1693,366924,6260
S1,1,128,1128,332,42816,False,False,20261005T104005Z_7611453d,77.0105,512,318,79.2071,2.0125,43072,141,77,1462,164,64,1693,366924,6260
S1,1,128,1128,333,42944,False,False,20261005T104005Z_7611453d,76.5414,512,318,77.569,0.9171,43200,141,78,1462,165,64,1692,366924,6260
S1,1,128,1128,334,43072,False,False,20261005T104005Z_7611453d,76.8221,512,318,77.9209,0.9791,43328,142,78,1462,165,64,1692,366924,6260
S1,1,128,1128,335,43200,False,False,20261005T104005Z_7611453d,77.0103,512,318,79.6526,2.3828,43456,141,78,1463,165,63,1693,366924,6260
S1,1,128,1128,336,43328,False,False,20261005T104005Z_7611453d,76.7964,512,318,79.1765,2.1962,43584,146,77,1462,164,63,1692,366924,6260
S1,1,128,1128,337,43456,False,False,20261005T104005Z_7611453d,77.0128,512,318,79.5079,2.2854,43712,142,78,1455,165,72,1693,366924,6260
S1,1,128,1128,338,43584,False,False,20261005T104005Z_7611453d,76.595,512,318,78.5476,1.7894,43840,143,78,1455,165,64,1686,366924,6260
S1,1,128,1128,339,43712,False,False,20261005T104005Z_7611453d,77.2787,512,318,79.2832,1.8142,43968,141,77,1462,165,63,1693,366924,6260
S1,1,128,1128,340,43840,False,False,20261005T104005Z_7611453d,76.9968,512,318,79.8196,2.4134,44096,139,78,1455,172,64,1693,366924,6260
S1,1,128,1128,341,43968,False,False,20261005T104005Z_7611453d,76.702,512,318,78.4633,1.6066,44224,143,78,1463,165,64,1693,366924,6260
S1,1,128,1128,342,44096,False,False,20261005T104005Z_7611453d,77.0894,512,318,79.6261,2.323,44352,139,77,1462,164,63,1692,366924,6260
S1,1,128,1128,343,44224,False,False,20261005T104005Z_7611453d,76.5296,512,318,77.5359,0.9074,44480,143,77,1462,165,64,1693,366924,6260
S1,1,128,1128,344,44352,False,False,20261005T104005Z_7611453d,76.7695,512,318,79.1351,2.1826,44608,141,77,1455,164,64,1685,366924,6260
S1,1,128,1128,345,44480,False,False,20261005T104005Z_7611453d,77.4729,512,318,79.8729,2.1811,44736,141,77,1462,165,64,1693,366924,6260
S1,1,128,1128,346,44608,False,False,20261005T104005Z_7611453d,76.4522,512,318,77.5537,1.0022,44864,147,78,1462,165,64,1692,366924,6260
S1,1,128,1128,347,44736,False,False,20261005T104005Z_7611453d,76.8377,512,318,79.3381,2.2828,44992,139,78,1462,165,64,1693,366924,6260
S1,1,128,1128,348,44864,False,False,20261005T104005Z_7611453d,76.8415,512,318,79.2742,2.207,45120,140,77,1455,173,64,1693,366924,6260
S1,1,128,1128,349,44992,False,False,20261005T104005Z_7611453d,77.1671,512,318,79.5264,2.163,45248,138,85,1455,164,63,1685,366924,6260
S1,1,128,1128,350,45120,False,False,20261005T104005Z_7611453d,76.3263,512,318,77.8003,1.3347,45376,141,78,1462,164,64,1693,366924,6260
S1,1,128,1128,351,45248,False,False,20261005T104005Z_7611453d,76.8105,512,318,77.9201,0.997,45504,140,78,1462,165,64,1693,366924,6260
S1,1,128,1128,352,45376,False,False,20261005T104005Z_7611453d,76.9195,512,318,79.2824,2.1575,45632,142,77,1462,164,64,1693,366924,6260
S1,1,128,1128,353,45504,False,False,20261005T104005Z_7611453d,76.7334,512,318,77.803,0.9582,45760,148,78,1462,165,63,1693,366924,6260
S1,1,128,1128,354,45632,False,False,20261005T104005Z_7611453d,76.9023,512,318,79.3849,2.2407,45888,143,78,1462,164,64,1693,366924,6260
S1,1,128,1128,355,45760,False,False,20261005T104005Z_7611453d,76.9609,512,318,79.5097,2.3531,46016,141,78,1455,172,64,1692,366924,6260
S1,1,128,1128,356,45888,False,False,20261005T104005Z_7611453d,76.9369,512,318,79.0108,1.8947,46144,142,78,1454,165,64,1685,366924,6260
S1,1,128,1128,357,46016,False,False,20261005T104005Z_7611453d,76.7784,512,318,79.1298,2.111,46272,140,78,1462,164,63,1692,366924,6260
S1,1,128,1128,358,46144,False,False,20261005T104005Z_7611453d,77.0866,512,318,79.5596,2.2461,46400,141,85,1454,164,64,1685,366924,6260
S1,1,128,1128,359,46272,False,False,20261005T104005Z_7611453d,76.9868,512,318,79.5249,2.3542,46528,140,77,1462,165,64,1693,366924,6260
S1,1,128,1128,360,46400,False,False,20261005T104005Z_7611453d,77.0675,512,318,79.2563,1.9728,46656,138,85,1454,165,63,1685,366924,6260
S1,1,128,1128,361,46528,False,False,20261005T104005Z_7611453d,77.0198,512,318,79.7398,2.5019,46784,137,78,1462,165,64,1693,366924,6260
S1,1,128,1128,362,46656,False,False,20261005T104005Z_7611453d,76.7547,512,318,78.0089,1.1352,46912,141,77,1462,164,64,1692,366924,6260
S1,1,128,1128,363,46784,False,False,20261005T104005Z_7611453d,76.2336,512,318,77.1978,0.8634,47040,147,77,1462,164,63,1692,366924,6260
S1,1,128,1128,364,46912,False,False,20261005T104005Z_7611453d,77.3607,512,318,79.616,2.0608,47168,147,77,1455,164,64,1685,366924,6260
S1,1,128,1128,365,47040,False,False,20261005T104005Z_7611453d,77.2288,512,318,79.8279,2.3783,47296,141,77,1455,164,64,1685,366924,6260
S1,1,128,1128,366,47168,False,False,20261005T104005Z_7611453d,76.5721,512,318,77.8952,1.2022,47424,140,78,1455,164,63,1685,366924,6260
S1,1,128,1128,367,47296,False,False,20261005T104005Z_7611453d,77.1011,512,318,79.6758,2.2344,47552,142,78,1455,164,71,1693,366924,6260
S1,1,128,1128,368,47424,False,False,20261005T104005Z_7611453d,76.4375,512,318,77.6905,1.1283,47680,140,78,1455,164,71,1693,366924,6260
S1,1,128,1128,369,47552,False,False,20261005T104005Z_7611453d,76.5876,512,318,78.811,2.037,47808,141,78,1454,164,64,1684,366924,6260
S1,1,128,1128,370,47680,False,False,20261005T104005Z_7611453d,77.7735,512,318,80.3988,2.3802,47936,139,78,1462,164,63,1692,366924,6260
S1,1,128,1128,371,47808,False,False,20261005T104005Z_7611453d,77.1695,512,318,79.7251,2.3241,48064,141,78,1455,164,64,1685,366924,6260
S1,1,128,1128,372,47936,False,False,20261005T104005Z_7611453d,76.7739,512,318,78.5943,1.6493,48192,137,78,1454,165,72,1692,366924,6260
S1,1,128,1128,373,48064,False,False,20261005T104005Z_7611453d,76.4068,512,318,77.574,1.0463,48320,140,77,1455,164,63,1685,366924,6260
S1,1,128,1128,374,48192,False,False,20261005T104005Z_7611453d,76.8234,512,318,78.676,1.7019,48448,140,78,1462,164,64,1692,366924,6260
S1,1,128,1128,375,48320,False,False,20261005T104005Z_7611453d,77.0288,512,318,79.909,2.6703,48576,142,77,1462,165,64,1693,366924,6260
S1,1,128,1128,376,48448,False,False,20261005T104005Z_7611453d,76.7326,512,318,78.5246,1.6371,48704,142,77,1455,164,63,1685,366924,6260
S1,1,128,1128,377,48576,False,False,20261005T104005Z_7611453d,76.9513,512,318,78.6046,1.4549,48832,139,85,1455,165,64,1686,366924,6260
S1,1,128,1128,378,48704,False,False,20261005T104005Z_7611453d,76.2524,512,318,77.2198,0.8705,48960,143,77,1462,164,64,1692,366924,6260
S1,1,128,1128,379,48832,False,False,20261005T104005Z_7611453d,76.5618,512,318,78.697,1.9596,49088,140,78,1455,164,63,1685,366924,6260
S1,1,128,1128,380,48960,False,False,20261005T104005Z_7611453d,76.7422,512,318,78.1923,1.2745,49216,140,78,1455,164,64,1685,366924,6260
S1,1,128,1128,381,49088,False,False,20261005T104005Z_7611453d,76.3796,512,318,77.5262,1.0279,49344,141,78,1455,172,63,1693,366924,6260
S1,1,128,1128,382,49216,False,False,20261005T104005Z_7611453d,76.2507,512,318,78.1592,1.8138,49472,139,78,1455,165,64,1685,366924,6260
S1,1,128,1128,383,49344,False,False,20261005T104005Z_7611453d,76.5738,512,318,78.2579,1.5393,49600,139,78,1462,164,63,1692,366924,6260
S1,1,128,1128,384,49472,False,False,20261005T104005Z_7611453d,76.6754,512,318,78.4126,1.5017,49728,139,78,1454,164,64,1685,366924,6260
S1,1,128,1128,385,49600,False,False,20261005T104005Z_7611453d,76.82,512,318,79.3169,2.2901,49856,139,78,1462,164,64,1692,366924,6260
S1,1,128,1128,386,49728,False,False,20261005T104005Z_7611453d,76.9142,512,318,79.9594,2.8325,49984,146,78,1454,172,63,1692,366924,6260
S1,1,128,1128,387,49856,False,False,20261005T104005Z_7611453d,76.9673,512,318,79.3547,2.1682,50112,141,77,1462,164,64,1692,366924,6260
S1,1,128,1128,388,49984,False,False,20261005T104005Z_7611453d,77.0257,512,318,79.8313,2.5817,50240,139,77,1455,172,63,1692,366924,6260
S1,1,128,1128,389,50112,False,False,20261005T104005Z_7611453d,76.2912,512,318,78.0452,1.6469,50368,142,77,1462,164,63,1692,366924,6260
S1,1,128,1128,390,50240,False,False,20261005T104005Z_7611453d,77.0547,512,318,79.9941,2.6984,50496,143,85,1454,165,64,1685,366924,6260
S1,1,128,1128,391,50368,False,False,20261005T104005Z_7611453d,76.918,512,318,79.2182,2.0976,50624,140,78,1455,171,64,1693,366924,6260
S1,1,128,1128,392,50496,False,False,20261005T104005Z_7611453d,76.632,512,318,77.9091,1.1341,50752,142,77,1462,165,63,1693,366924,6260
S1,1,128,1128,393,50624,False,False,20261005T104005Z_7611453d,77.0512,512,318,79.653,2.3862,50880,141,77,1462,165,63,1693,366924,6260
S1,1,128,1128,394,50752,False,False,20261005T104005Z_7611453d,76.3016,512,318,77.4969,1.0927,51008,144,85,1455,165,63,1686,366924,6260
S1,1,128,1128,395,50880,False,False,20261005T104005Z_7611453d,77.0346,512,318,79.265,2.0382,51136,147,78,1462,165,64,1693,366924,6260
S1,1,128,1128,396,51008,False,False,20261005T104005Z_7611453d,77.4737,512,318,79.8307,2.1493,51264,140,78,1454,165,63,1685,366924,6260
S1,1,128,1128,397,51136,False,False,20261005T104005Z_7611453d,76.7124,512,318,79.1759,2.2872,51392,141,78,1455,173,64,1693,366924,6260
S1,1,128,1128,398,51264,False,False,20261005T104005Z_7611453d,77.867,512,318,80.3637,2.2748,51520,149,85,1455,164,63,1685,366924,6260
S1,1,128,1128,399,51392,False,False,20261005T104005Z_7611453d,77.0397,512,318,79.5548,2.3114,51648,141,77,1462,164,64,1693,366924,6260
S1,1,128,1128,400,51520,False,False,20261005T104005Z_7611453d,76.7759,512,318,79.3268,2.3578,51776,150,78,1454,172,64,1692,366924,6260
S1,1,128,1128,401,51648,False,False,20261005T104005Z_7611453d,76.3138,512,318,77.3168,0.9045,51904,139,77,1455,164,63,1685,366924,6260
S1,1,128,1128,402,51776,False,False,20261005T104005Z_7611453d,77.0063,512,318,79.5568,2.2946,52032,140,78,1462,165,64,1692,366924,6260
S1,1,128,1128,403,51904,False,False,20261005T104005Z_7611453d,77.0231,512,318,79.1572,1.9308,52160,141,78,1462,165,63,1692,366924,6260
S1,1,128,1128,404,52032,False,False,20261005T104005Z_7611453d,76.6978,512,318,78.6628,1.8049,52288,150,78,1462,165,63,1693,366924,6260
S1,1,128,1128,405,52160,False,False,20261005T104005Z_7611453d,76.3744,512,318,77.4971,1.0125,52416,138,78,1462,165,64,1693,366924,6260
S1,1,128,1128,406,52288,False,False,20261005T104005Z_7611453d,76.5232,512,318,78.142,1.4605,52544,140,78,1454,172,63,1692,366924,6260
S1,1,128,1128,407,52416,False,False,20261005T104005Z_7611453d,76.6523,512,318,78.3487,1.5379,52672,142,78,1462,165,63,1692,366924,6260
S1,1,128,1128,408,52544,False,False,20261005T104005Z_7611453d,77.5663,512,318,79.7324,1.9524,52800,143,78,1455,173,64,1693,366924,6260
S1,1,128,1128,409,52672,False,False,20261005T104005Z_7611453d,77.5861,512,318,80.2072,2.3072,52928,141,77,1462,164,64,1693,366924,6260
S1,1,128,1128,410,52800,False,False,20261005T104005Z_7611453d,77.4184,512,318,80.0231,2.3729,53056,141,78,1455,172,64,1693,366924,6260
S1,1,128,1128,411,52928,False,False,20261005T104005Z_7611453d,77.1765,512,318,79.8002,2.3984,53184,143,77,1462,164,64,1692,366924,6260
S1,1,128,1128,412,53056,False,False,20261005T104005Z_7611453d,76.9189,512,318,78.0209,0.989,53312,141,77,1462,165,63,1693,366924,6260
S1,1,128,1128,413,53184,False,False,20261005T104005Z_7611453d,76.7864,512,318,79.6552,2.6638,53440,148,78,1455,164,64,1685,366924,6260
S1,1,128,1128,414,53312,False,False,20261005T104005Z_7611453d,76.6564,512,318,77.9785,1.1575,53568,140,78,1455,165,64,1685,366924,6260
S1,1,128,1128,415,53440,False,False,20261005T104005Z_7611453d,77.235,512,318,79.642,2.211,53696,141,78,1454,164,64,1684,366924,6260
S1,1,128,1128,416,53568,False,False,20261005T104005Z_7611453d,76.5802,512,318,78.7466,1.9424,53824,149,78,1455,164,64,1685,366924,6260
S1,1,128,1128,417,53696,False,False,20261005T104005Z_7611453d,76.7243,512,318,79.2159,2.2549,53952,141,77,1455,164,63,1685,366924,6260
S1,1,128,1128,418,53824,False,False,20261005T104005Z_7611453d,76.5226,512,318,77.9572,1.3089,54080,140,78,1463,164,64,1693,366924,6260
S1,1,128,1128,419,53952,False,False,20261005T104005Z_7611453d,76.7088,512,318,78.5182,1.6229,54208,140,86,1455,165,63,1686,366924,6260
S1,1,128,1128,420,54080,False,False,20261005T104005Z_7611453d,76.3942,512,318,78.2868,1.7422,54336,140,77,1462,164,64,1693,366924,6260
S1,1,128,1128,421,54208,False,False,20261005T104005Z_7611453d,76.7501,512,318,79.0506,2.1086,54464,145,77,1455,164,71,1693,366924,6260
S1,1,128,1128,422,54336,False,False,20261005T104005Z_7611453d,77.3217,512,318,79.3868,1.8668,54592,141,78,1462,164,63,1692,366924,6260
S1,1,128,1128,423,54464,False,False,20261005T104005Z_7611453d,76.9478,512,318,79.0877,1.9444,54720,143,77,1455,173,63,1693,366924,6260
S1,1,128,1128,424,54592,False,False,20261005T104005Z_7611453d,77.065,512,318,79.7658,2.4684,54848,141,77,1462,165,64,1693,366924,6260
S1,1,128,1128,425,54720,False,False,20261005T104005Z_7611453d,76.9345,512,318,79.2586,2.1066,54976,140,78,1462,165,63,1692,366924,6260
S1,1,128,1128,426,54848,False,False,20261005T104005Z_7611453d,76.4347,512,318,78.3132,1.7474,55104,144,77,1455,172,64,1693,366924,6260
S1,1,128,1128,427,54976,False,False,20261005T104005Z_7611453d,76.5554,512,318,77.5978,0.9313,55232,143,85,1454,165,64,1685,366924,6260
S1,1,128,1128,428,55104,False,False,20261005T104005Z_7611453d,76.8654,512,318,79.0893,2.0302,55360,140,78,1462,165,63,1692,366924,6260
S1,1,128,1128,429,55232,False,False,20261005T104005Z_7611453d,76.9251,512,318,79.244,2.1215,55488,142,77,1455,164,64,1685,366924,6260
S1,1,128,1128,430,55360,False,False,20261005T104005Z_7611453d,76.9068,512,318,79.2277,2.1316,55616,140,78,1462,164,64,1692,366924,6260
S1,1,128,1128,431,55488,False,False,20261005T104005Z_7611453d,76.729,512,318,79.1086,2.2139,55744,148,78,1454,165,64,1685,366924,6260
S1,1,128,1128,432,55616,False,False,20261005T104005Z_7611453d,76.3215,512,318,77.2925,0.8655,55872,149,78,1462,164,64,1693,366924,6260
S1,1,128,1128,433,55744,False,False,20261005T104005Z_7611453d,76.5412,512,318,78.4509,1.7501,56000,141,78,1454,165,63,1685,366924,6260
S1,1,128,1128,434,55872,False,False,20261005T104005Z_7611453d,76.9392,512,318,79.2005,2.0493,56128,150,77,1462,164,64,1693,366924,6260
S1,1,128,1128,435,56000,False,False,20261005T104005Z_7611453d,77.0574,512,318,79.3279,2.0662,56256,143,78,1454,172,63,1692,366924,6260
S1,1,128,1128,436,56128,False,False,20261005T104005Z_7611453d,77.1605,512,318,79.594,2.2226,56384,140,78,1455,164,64,1686,366924,6260
S1,1,128,1128,437,56256,False,False,20261005T104005Z_7611453d,76.9534,512,318,79.1696,2.0199,56512,140,78,1454,165,64,1684,366924,6260
S1,1,128,1128,438,56384,False,False,20261005T104005Z_7611453d,76.8117,512,318,78.8074,1.8149,56640,143,77,1462,165,64,1693,366924,6260
S1,1,128,1128,439,56512,False,False,20261005T104005Z_7611453d,76.6729,512,318,78.3235,1.4732,56768,140,77,1462,164,64,1693,366924,6260
S1,1,128,1128,440,56640,False,False,20261005T104005Z_7611453d,76.6539,512,318,78.5663,1.7394,56896,140,78,1454,165,64,1685,366924,6260
S1,1,128,1128,441,56768,False,False,20261005T104005Z_7611453d,76.871,512,318,79.1963,2.1356,57024,142,78,1454,164,64,1685,366924,6260
S1,1,128,1128,442,56896,False,False,20261005T104005Z_7611453d,77.4585,512,318,79.8046,2.1368,57152,140,77,1462,164,64,1692,366924,6260
S1,1,128,1128,443,57024,False,False,20261005T104005Z_7611453d,76.5544,512,318,77.9615,1.2854,57280,138,86,1455,165,64,1686,366924,6260
S1,1,128,1128,444,57152,False,False,20261005T104005Z_7611453d,76.7919,512,318,79.8807,2.8828,57408,141,78,1455,164,63,1685,366924,6260
S1,1,128,1128,445,57280,False,False,20261005T104005Z_7611453d,76.6881,512,318,78.4037,1.5784,57536,140,78,1454,172,64,1693,366924,6260
S1,1,128,1128,446,57408,False,False,20261005T104005Z_7611453d,77.3152,512,318,79.8856,2.376,57664,138,77,1455,165,64,1685,366924,6260
S1,1,128,1128,447,57536,False,False,20261005T104005Z_7611453d,76.6065,512,318,77.6804,0.9601,57792,143,77,1455,164,63,1685,366924,6260
S1,1,128,1128,448,57664,False,False,20261005T104005Z_7611453d,76.9016,512,318,78.4156,1.369,57920,142,77,1455,165,64,1685,366924,6260
S1,1,128,1128,449,57792,False,False,20261005T104005Z_7611453d,77.0855,512,318,79.7059,2.413,58048,148,78,1462,164,64,1693,366924,6260
S1,1,128,1128,450,57920,False,False,20261005T104005Z_7611453d,76.8318,512,318,79.1688,2.1355,58176,143,77,1462,164,64,1693,366924,6260
S1,1,128,1128,451,58048,False,False,20261005T104005Z_7611453d,76.9838,512,318,79.5578,2.3584,58304,140,77,1455,172,64,1693,366924,6260
S1,1,128,1128,452,58176,False,False,20261005T104005Z_7611453d,76.7897,512,318,78.8079,1.8125,58432,141,77,1455,164,63,1685,366924,6260
S1,1,128,1128,453,58304,False,False,20261005T104005Z_7611453d,77.1047,512,318,80.1559,2.7626,58560,142,77,1455,172,63,1693,366924,6260
S1,1,128,1128,454,58432,False,False,20261005T104005Z_7611453d,76.3833,512,318,77.5238,1.0342,58688,141,77,1462,164,64,1693,366924,6260
S1,1,128,1128,455,58560,False,False,20261005T104005Z_7611453d,77.0616,512,318,79.4609,2.2143,58816,139,78,1462,164,64,1693,366924,6260
S1,1,128,1128,456,58688,False,False,20261005T104005Z_7611453d,77.6121,512,318,80.0102,2.1749,58944,145,77,1455,172,64,1693,366924,6260
S1,1,128,1128,457,58816,False,False,20261005T104005Z_7611453d,76.5932,512,318,78.011,1.2472,59072,142,78,1462,164,63,1692,366924,6260
S1,1,128,1128,458,58944,False,False,20261005T104005Z_7611453d,76.8583,512,318,78.7304,1.678,59200,141,86,1455,165,63,1686,366924,6260
S1,1,128,1128,459,59072,False,False,20261005T104005Z_7611453d,76.6978,512,318,78.1156,1.2484,59328,148,77,1462,164,64,1693,366924,6260
S1,1,128,1128,460,59200,False,False,20261005T104005Z_7611453d,76.6936,512,318,78.6234,1.7698,59456,142,78,1454,164,64,1685,366924,6260
S1,1,128,1128,461,59328,False,False,20261005T104005Z_7611453d,76.889,512,318,79.3736,2.2849,59584,142,77,1455,164,64,1685,366924,6260
S1,1,128,1128,462,59456,False,False,20261005T104005Z_7611453d,76.8998,512,318,79.2511,2.159,59712,145,77,1462,165,64,1693,366924,6260
S1,1,128,1128,463,59584,False,False,20261005T104005Z_7611453d,76.8278,512,318,79.1103,2.0902,59840,140,77,1455,172,64,1693,366924,6260
S1,1,128,1128,464,59712,False,False,20261005T104005Z_7611453d,76.4159,512,318,77.6844,1.1528,59968,142,78,1462,164,63,1692,366924,6260
S1,1,128,1128,465,59840,False,False,20261005T104005Z_7611453d,76.3462,512,318,78.2046,1.7454,60096,150,78,1462,164,64,1693,366924,6260
S1,1,128,1128,466,59968,False,False,20261005T104005Z_7611453d,77.0315,512,318,79.3222,2.1069,60224,141,78,1454,165,63,1685,366924,6260
S1,1,128,1128,467,60096,False,False,20261005T104005Z_7611453d,76.9013,512,318,78.688,1.6077,60352,140,78,1462,164,64,1692,366924,6260
S1,1,128,1128,468,60224,False,False,20261005T104005Z_7611453d,76.4777,512,318,78.0962,1.4055,60480,142,78,1462,165,63,1692,366924,6260
S1,1,128,1128,469,60352,False,False,20261005T104005Z_7611453d,76.5068,512,318,78.7017,2.0422,60608,140,85,1455,165,64,1686,366924,6260
S1,1,128,1128,470,60480,False,False,20261005T104005Z_7611453d,76.4465,512,318,77.8043,1.2146,60736,138,77,1462,165,63,1693,366924,6260
S1,1,128,1128,471,60608,False,False,20261005T104005Z_7611453d,76.8316,512,318,79.1587,2.1153,60864,140,78,1462,165,63,1693,366924,6260
S1,1,128,1128,472,60736,False,False,20261005T104005Z_7611453d,77.1839,512,318,79.9858,2.3519,60992,143,77,1462,165,64,1693,366924,6260
S1,1,128,1128,473,60864,False,False,20261005T104005Z_7611453d,76.6975,512,318,78.2511,1.3981,61120,139,77,1462,164,64,1693,366924,6260
S1,1,128,1128,474,60992,False,False,20261005T104005Z_7611453d,76.6871,512,318,78.6775,1.8364,61248,142,78,1454,164,64,1685,366924,6260
S1,1,128,1128,475,61120,False,False,20261005T104005Z_7611453d,77.38,512,318,79.0774,1.5443,61376,137,78,1454,165,64,1685,366924,6260
S1,1,128,1128,476,61248,False,False,20261005T104005Z_7611453d,76.7208,512,318,78.8804,1.9856,61504,142,78,1454,172,63,1692,366924,6260
S1,1,128,1128,477,61376,False,False,20261005T104005Z_7611453d,76.5564,512,318,77.7407,1.0802,61632,140,77,1462,164,64,1692,366924,6260
S1,1,128,1128,478,61504,False,False,20261005T104005Z_7611453d,76.8197,512,318,79.0301,2.0266,61760,147,78,1462,164,64,1693,366924,6260
S1,1,128,1128,479,61632,False,False,20261005T104005Z_7611453d,76.8159,512,318,78.9965,1.995,61888,142,86,1455,164,64,1686,366924,6260
S1,1,128,1128,480,61760,False,False,20261005T104005Z_7611453d,76.2339,512,318,77.6743,1.3251,62016,148,78,1455,165,72,1693,366924,6260
S1,1,128,1128,481,61888,False,False,20261005T104005Z_7611453d,76.2619,512,318,77.3532,0.974,62144,141,78,1454,164,64,1685,366924,6260
S1,1,128,1128,482,62016,False,False,20261005T104005Z_7611453d,76.7055,512,318,79.1954,2.2244,62272,138,78,1462,165,64,1693,366924,6260
S1,1,128,1128,483,62144,False,False,20261005T104005Z_7611453d,76.7052,512,318,78.7126,1.8429,62400,143,77,1455,164,63,1685,366924,6260
S1,1,128,1128,484,62272,False,False,20261005T104005Z_7611453d,77.0845,512,318,79.9488,2.6319,62528,140,78,1455,165,64,1685,366924,6260
S1,1,128,1128,485,62400,False,False,20261005T104005Z_7611453d,76.4694,512,318,77.4929,0.9123,62656,142,78,1462,164,64,1692,366924,6260
S1,1,128,1128,486,62528,False,False,20261005T104005Z_7611453d,76.4935,512,318,77.5817,0.9791,62784,146,77,1455,164,63,1685,366924,6260
S1,1,128,1128,487,62656,False,False,20261005T104005Z_7611453d,76.5408,512,318,77.7058,1.0058,62912,150,78,1462,165,63,1693,366924,6260
S1,1,128,1128,488,62784,False,False,20261005T104005Z_7611453d,76.9774,512,318,79.2999,2.1078,63040,143,78,1462,165,63,1692,366924,6260
S1,1,128,1128,489,62912,False,False,20261005T104005Z_7611453d,76.925,512,318,79.8358,2.6829,63168,141,77,1455,172,64,1693,366924,6260
S1,1,128,1128,490,63040,False,False,20261005T104005Z_7611453d,76.4664,512,318,77.9197,1.3222,63296,143,77,1462,165,64,1693,366924,6260
S1,1,128,1128,491,63168,False,False,20261005T104005Z_7611453d,77.3523,512,318,79.9445,2.3362,63424,140,78,1462,165,63,1692,366924,6260
S1,1,128,1128,492,63296,False,False,20261005T104005Z_7611453d,77.2568,512,318,79.7701,2.2864,63552,142,78,1455,165,64,1685,366924,6260
S1,1,128,1128,493,63424,False,False,20261005T104005Z_7611453d,77.133,512,318,79.5132,2.1866,63680,142,77,1455,164,63,1685,366924,6260
S1,1,128,1128,494,63552,False,False,20261005T104005Z_7611453d,76.8313,512,318,78.7438,1.7192,63808,144,85,1454,165,63,1685,366924,6260
S1,1,128,1128,495,63680,False,False,20261005T104005Z_7611453d,76.836,512,318,79.1264,2.0639,63936,141,85,1455,166,64,1686,366924,6260
S1,1,128,1128,496,63808,False,False,20261005T104005Z_7611453d,77.0549,512,318,79.3098,2.0656,64064,141,78,1462,165,63,1693,366924,6260
S1,1,128,1128,497,63936,False,False,20261005T104005Z_7611453d,77.1919,512,318,79.7307,2.3134,64192,139,78,1454,165,72,1692,366924,6260
S1,1,128,1128,498,64064,False,False,20261005T104005Z_7611453d,76.9243,512,318,80.0756,2.9423,64320,141,78,1454,172,63,1692,366924,6260
S1,1,128,1128,499,64192,False,False,20261005T104005Z_7611453d,77.2105,512,318,79.3735,1.9734,64448,139,78,1462,164,64,1693,366924,6260
S1,1,128,1128,500,64320,False,False,20261005T104005Z_7611453d,76.8501,512,318,77.9357,0.9094,64576,144,78,1455,172,63,1693,366924,6260
S1,1,128,1128,501,64448,False,False,20261005T104005Z_7611453d,76.6969,512,318,78.7887,1.913,64704,138,78,1455,172,64,1693,366924,6260
S1,1,128,1128,502,64576,False,False,20261005T104005Z_7611453d,76.7387,512,318,78.263,1.3795,64832,139,78,1462,164,63,1692,366924,6260
S1,1,128,1128,503,64704,False,False,20261005T104005Z_7611453d,76.6748,512,318,78.6267,1.7176,64960,140,77,1455,164,71,1693,366924,6260
S1,1,128,1128,504,64832,False,False,20261005T104005Z_7611453d,76.9927,512,318,79.4896,2.2706,65088,149,78,1454,165,64,1685,366924,6260
S1,1,128,1128,505,64960,False,False,20261005T104005Z_7611453d,77.1518,512,318,79.7425,2.3731,65216,141,77,1455,165,63,1685,366924,6260
S1,1,128,1128,506,65088,False,False,20261005T104005Z_7611453d,77.0293,512,318,79.2675,1.8879,65344,139,78,1455,164,64,1685,366924,6260
S1,1,128,1128,507,65216,False,False,20261005T104005Z_7611453d,77.2566,512,318,79.9577,2.4643,65472,139,77,1462,165,64,1693,366924,6260
S1,1,128,1128,508,65344,False,False,20261005T104005Z_7611453d,76.5689,512,318,78.4376,1.7235,65600,142,77,1455,165,63,1685,366924,6260
S1,1,128,1128,509,65472,False,False,20261005T104005Z_7611453d,76.2796,512,318,77.3824,0.9779,65728,142,78,1462,165,63,1693,366924,6260
S1,1,128,1128,510,65600,False,False,20261005T104005Z_7611453d,77.1468,512,318,79.8457,2.3121,65856,137,78,1454,165,64,1685,366924,6260
S1,1,128,1128,511,65728,False,False,20261005T104005Z_7611453d,76.6228,512,318,78.6831,1.8465,65984,137,77,1455,172,64,1693,366924,6260
S1,1,128,1128,512,65856,False,False,20261005T104005Z_7611453d,76.9614,512,318,78.4202,1.1709,66112,149,77,1455,172,63,1692,366924,6260
S1,1,128,1128,513,65984,False,False,20261005T104005Z_7611453d,76.7113,512,318,79.1071,2.2113,66240,147,85,1454,165,63,1685,366924,6260
S1,1,128,1128,514,66112,False,False,20261005T104005Z_7611453d,76.8945,512,318,79.1821,2.0953,66368,143,78,1462,165,63,1692,366924,6260
S1,1,128,1128,515,66240,False,False,20261005T104005Z_7611453d,76.5126,512,318,77.7947,1.1516,66496,142,77,1455,164,64,1685,366924,6260
S1,1,128,1128,516,66368,False,False,20261005T104005Z_7611453d,76.4902,512,318,79.0455,2.3339,66624,147,77,1455,165,63,1685,366924,6260
S1,1,128,1128,517,66496,False,False,20261005T104005Z_7611453d,76.6203,512,318,77.649,0.8935,66752,140,78,1462,164,63,1692,366924,6260
S1,1,128,1128,518,66624,False,False,20261005T104005Z_7611453d,77.0027,512,318,78.1146,0.9324,66880,140,77,1455,173,64,1693,366924,6260
S1,1,128,1128,519,66752,False,False,20261005T104005Z_7611453d,76.7409,512,318,78.6611,1.7488,67008,143,77,1462,165,64,1693,366924,6260
S1,1,128,1128,520,66880,False,False,20261005T104005Z_7611453d,76.7107,512,318,78.2263,1.3798,67136,142,77,1462,165,64,1693,366924,6260
S1,1,128,1128,521,67008,False,False,20261005T104005Z_7611453d,76.7688,512,318,78.0463,1.091,67264,139,78,1455,164,63,1685,366924,6260
S1,1,128,1128,522,67136,False,False,20261005T104005Z_7611453d,76.9871,512,318,79.303,2.1028,67392,142,77,1455,165,71,1693,366924,6260
S1,1,128,1128,523,67264,False,False,20261005T104005Z_7611453d,76.7587,512,318,78.8203,1.8869,67520,139,77,1462,165,64,1694,366924,6260
S1,1,128,1128,524,67392,False,False,20261005T104005Z_7611453d,76.7686,512,318,77.8578,0.9786,67648,144,77,1455,165,64,1685,366924,6260
S1,1,128,1128,525,67520,False,False,20261005T104005Z_7611453d,76.9383,512,318,79.3954,2.1033,67776,156,77,1455,164,64,1685,366924,6260
S1,1,128,1128,526,67648,False,False,20261005T104005Z_7611453d,76.6906,512,318,78.4706,1.6211,67904,143,77,1462,164,64,1693,366924,6260
S1,1,128,1128,527,67776,False,False,20261005T104005Z_7611453d,76.5889,512,318,78.1752,1.4407,68032,141,78,1462,164,64,1692,366924,6260
S1,1,128,1128,528,67904,False,False,20261005T104005Z_7611453d,76.4497,512,318,77.6953,1.1132,68160,145,85,1454,165,63,1685,366924,6260
S1,1,128,1128,529,68032,False,False,20261005T104005Z_7611453d,76.6622,512,318,78.4921,1.6539,68288,149,78,1462,165,63,1693,366924,6260
S1,1,128,1128,530,68160,False,False,20261005T104005Z_7611453d,77.0261,512,318,78.9136,1.7123,68416,142,78,1462,165,64,1693,366924,6260
S1,1,128,1128,531,68288,False,False,20261005T104005Z_7611453d,76.6208,512,318,78.2586,1.4733,68544,140,78,1462,165,63,1693,366924,6260
S1,1,128,1128,532,68416,False,False,20261005T104005Z_7611453d,76.782,512,318,78.4761,1.5241,68672,144,77,1455,171,64,1693,366924,6260
S1,1,128,1128,533,68544,False,False,20261005T104005Z_7611453d,76.7947,512,318,77.8966,0.9829,68800,148,78,1455,165,63,1685,366924,6260
S1,1,128,1128,534,68672,False,False,20261005T104005Z_7611453d,76.3624,512,318,77.6869,1.2056,68928,142,77,1455,165,64,1685,366924,6260
S1,1,128,1128,535,68800,False,False,20261005T104005Z_7611453d,76.9891,512,318,79.545,2.3292,69056,148,77,1455,165,63,1685,366924,6260
S1,1,128,1128,536,68928,False,False,20261005T104005Z_7611453d,77.4158,512,318,80.0228,2.15,69184,140,86,1455,164,64,1686,366924,6260
S1,1,128,1128,537,69056,False,False,20261005T104005Z_7611453d,77.1818,512,318,79.7825,2.3847,69312,138,78,1455,172,63,1693,366924,6260
S1,1,128,1128,538,69184,False,False,20261005T104005Z_7611453d,77.5083,512,318,79.9735,2.2172,69440,142,78,1462,164,63,1692,366924,6260
S1,1,128,1128,539,69312,False,False,20261005T104005Z_7611453d,76.9127,512,318,79.4334,2.3305,69568,150,78,1462,165,64,1692,366924,6260
S1,1,128,1128,540,69440,False,False,20261005T104005Z_7611453d,76.5174,512,318,77.5826,0.9326,69696,140,77,1462,164,64,1692,366924,6260
S1,1,128,1128,541,69568,False,False,20261005T104005Z_7611453d,76.2469,512,318,77.2624,0.9064,69824,144,78,1455,165,64,1686,366924,6260
S1,1,128,1128,542,69696,False,False,20261005T104005Z_7611453d,76.6124,512,318,77.997,1.2137,69952,147,77,1462,164,63,1692,366924,6260
S1,1,128,1128,543,69824,False,False,20261005T104005Z_7611453d,76.843,512,318,79.4113,2.3655,70080,140,77,1462,165,63,1693,366924,6260
S1,1,128,1128,544,69952,False,False,20261005T104005Z_7611453d,76.4673,512,318,78.0446,1.4151,70208,141,78,1462,165,63,1692,366924,6260
S1,1,128,1128,545,70080,False,False,20261005T104005Z_7611453d,76.9657,512,318,79.9587,2.6831,70336,141,78,1462,164,63,1692,366924,6260
S1,1,128,1128,546,70208,False,False,20261005T104005Z_7611453d,77.3909,512,318,79.3786,1.8093,70464,143,78,1455,164,71,1693,366924,6260
S1,1,128,1128,547,70336,False,False,20261005T104005Z_7611453d,76.4423,512,318,77.6809,1.1445,70592,142,85,1455,164,63,1685,366924,6260
S1,1,128,1128,548,70464,False,False,20261005T104005Z_7611453d,76.8847,512,318,79.8129,2.6786,70720,141,78,1463,165,63,1693,366924,6260
S1,1,128,1128,549,70592,False,False,20261005T104005Z_7611453d,77.1105,512,318,79.2829,1.9841,70848,141,77,1455,164,63,1685,366924,6260
S1,1,128,1128,550,70720,False,False,20261005T104005Z_7611453d,76.9233,512,318,79.5494,2.4226,70976,144,77,1462,164,63,1692,366924,6260
S1,1,128,1128,551,70848,False,False,20261005T104005Z_7611453d,76.6167,512,318,78.2541,1.4863,71104,139,78,1462,164,63,1692,366924,6260
S1,1,128,1128,552,70976,False,False,20261005T104005Z_7611453d,76.9636,512,318,78.9033,1.7438,71232,143,86,1455,164,64,1686,366924,6260
S1,1,128,1128,553,71104,False,False,20261005T104005Z_7611453d,76.568,512,318,77.8517,1.1467,71360,145,77,1455,171,64,1693,366924,6260
S1,1,128,1128,554,71232,False,False,20261005T104005Z_7611453d,77.0356,512,318,79.3879,2.1576,71488,142,77,1455,164,71,1693,366924,6260
S1,1,128,1128,555,71360,False,False,20261005T104005Z_7611453d,76.7681,512,318,79.4285,2.4765,71616,146,77,1455,165,63,1685,366924,6260
S1,1,128,1128,556,71488,False,False,20261005T104005Z_7611453d,76.3936,512,318,77.7106,1.2221,71744,142,78,1455,164,63,1685,366924,6260
S1,1,128,1128,557,71616,False,False,20261005T104005Z_7611453d,77.1693,512,318,79.4613,2.034,71872,144,78,1455,164,63,1685,366924,6260
S1,1,128,1128,558,71744,False,False,20261005T104005Z_7611453d,77.3165,512,318,79.3983,1.899,72000,148,78,1462,165,64,1693,366924,6260
S1,1,128,1128,559,71872,False,False,20261005T104005Z_7611453d,77.0043,512,318,79.3321,2.1222,72128,141,78,1462,165,63,1692,366924,6260
S1,1,128,1128,560,72000,False,False,20261005T104005Z_7611453d,76.4897,512,318,77.9466,1.3131,72256,138,78,1454,165,64,1685,366924,6260
S1,1,128,1128,561,72128,False,False,20261005T104005Z_7611453d,76.609,512,318,78.1884,1.4341,72384,142,77,1455,171,64,1693,366924,6260
S1,1,128,1128,562,72256,False,False,20261005T104005Z_7611453d,76.8417,512,318,79.2818,2.1032,72512,141,78,1463,165,63,1693,366924,6260
S1,1,128,1128,563,72384,False,False,20261005T104005Z_7611453d,76.565,512,318,78.591,1.7038,72640,140,77,1455,171,64,1692,366924,6260
S1,1,128,1128,564,72512,False,False,20261005T104005Z_7611453d,77.1616,512,318,79.2065,1.8462,72768,140,78,1454,164,64,1684,366924,6260
S1,1,128,1128,565,72640,False,False,20261005T104005Z_7611453d,76.9032,512,318,79.0192,1.943,72896,140,77,1462,164,64,1693,366924,6260
S1,1,128,1128,566,72768,False,False,20261005T104005Z_7611453d,76.1925,512,318,77.2652,0.9608,73024,141,77,1455,164,63,1685,366924,6260
S1,1,128,1128,567,72896,False,False,20261005T104005Z_7611453d,76.4697,512,318,77.9313,1.3212,73152,139,78,1455,172,63,1693,366924,6260
S1,1,128,1128,568,73024,False,False,20261005T104005Z_7611453d,76.737,512,318,78.9396,2.0018,73280,139,78,1462,164,63,1692,366924,6260
S1,1,128,1128,569,73152,False,False,20261005T104005Z_7611453d,76.7959,512,318,78.017,1.0848,73408,139,85,1455,165,63,1685,366924,6260
S1,1,128,1128,570,73280,False,False,20261005T104005Z_7611453d,76.6646,512,318,78.6596,1.8179,73536,148,78,1454,165,64,1685,366924,6260
S1,1,128,1128,571,73408,False,False,20261005T104005Z_7611453d,76.5023,512,318,78.2781,1.6022,73664,143,78,1455,164,64,1685,366924,6260
S1,1,128,1128,572,73536,False,False,20261005T104005Z_7611453d,76.9037,512,318,78.5417,1.295,73792,140,78,1462,165,63,1692,366924,6260
S1,1,128,1128,573,73664,False,False,20261005T104005Z_7611453d,76.2869,512,318,77.2872,0.8901,73920,138,77,1455,171,64,1693,366924,6260
S1,1,128,1128,574,73792,False,False,20261005T104005Z_7611453d,76.4998,512,318,77.6452,1.0022,74048,150,77,1462,164,64,1693,366924,6260
S1,1,128,1128,575,73920,False,False,20261005T104005Z_7611453d,77.0001,512,318,79.4139,2.2122,74176,141,77,1462,165,64,1693,366924,6260
S1,1,128,1128,576,74048,False,False,20261005T104005Z_7611453d,77.2024,512,318,79.3325,1.9369,74304,140,77,1455,172,64,1693,366924,6260
S1,1,128,1128,577,74176,False,False,20261005T104005Z_7611453d,76.8242,512,318,78.4662,1.4934,74432,139,77,1455,164,63,1685,366924,6260
S1,1,128,1128,578,74304,False,False,20261005T104005Z_7611453d,76.5265,512,318,78.3439,1.6665,74560,149,77,1462,164,63,1692,366924,6260
S1,1,128,1128,579,74432,False,False,20261005T104005Z_7611453d,77.0324,512,318,78.7194,1.5323,74688,142,78,1454,165,72,1692,366924,6260
S1,1,128,1128,580,74560,False,False,20261005T104005Z_7611453d,76.4871,512,318,78.3038,1.6682,74816,138,78,1454,165,64,1685,366924,6260
S1,1,128,1128,581,74688,False,False,20261005T104005Z_7611453d,76.5441,512,318,78.8873,2.1627,74944,140,78,1463,165,63,1693,366924,6260
S1,1,128,1128,582,74816,False,False,20261005T104005Z_7611453d,76.8565,512,318,79.4047,2.3406,75072,149,77,1455,164,63,1685,366924,6260
S1,1,128,1128,583,74944,False,False,20261005T104005Z_7611453d,76.6503,512,318,78.9388,2.1258,75200,141,77,1462,164,64,1693,366924,6260
S1,1,128,1128,584,75072,False,False,20261005T104005Z_7611453d,76.9983,512,318,79.1596,1.9666,75328,139,78,1455,165,64,1686,366924,6260
S1,1,128,1128,585,75200,False,False,20261005T104005Z_7611453d,76.7225,512,318,78.6308,1.7533,75456,139,78,1455,172,64,1693,366924,6260
S1,1,128,1128,586,75328,False,False,20261005T104005Z_7611453d,76.7713,512,318,78.783,1.8176,75584,142,78,1454,172,63,1692,366924,6260
S1,1,128,1128,587,75456,False,False,20261005T104005Z_7611453d,76.71,512,318,78.7049,1.8268,75712,142,78,1462,164,63,1692,366924,6260
S1,1,128,1128,588,75584,False,False,20261005T104005Z_7611453d,77.069,512,318,79.6772,2.3519,75840,140,78,1462,165,63,1693,366924,6260
S1,1,128,1128,589,75712,False,False,20261005T104005Z_7611453d,77.0235,512,318,79.3351,2.1229,75968,143,78,1462,164,64,1693,366924,6260
S1,1,128,1128,590,75840,False,False,20261005T104005Z_7611453d,76.677,512,318,78.8957,2.0434,76096,142,78,1454,165,64,1685,366924,6260
S1,1,128,1128,591,75968,False,False,20261005T104005Z_7611453d,76.4778,512,318,77.8601,1.2489,76224,142,77,1455,172,63,1693,366924,6260
S1,1,128,1128,592,76096,False,False,20261005T104005Z_7611453d,77.1886,512,318,79.5253,2.1251,76352,143,78,1454,172,63,1692,366924,6260
S1,1,128,1128,593,76224,False,False,20261005T104005Z_7611453d,77.3456,512,318,79.4348,1.9022,76480,141,78,1454,164,71,1692,366924,6260
S1,1,128,1128,594,76352,False,False,20261005T104005Z_7611453d,76.8447,512,318,79.049,1.9209,76608,139,86,1455,164,63,1685,366924,6260
S1,1,128,1128,595,76480,False,False,20261005T104005Z_7611453d,76.8644,512,318,78.7794,1.7401,76736,141,77,1455,171,64,1693,366924,6260
S1,1,128,1128,596,76608,False,False,20261005T104005Z_7611453d,76.2004,512,318,77.1884,0.8928,76864,140,77,1455,165,64,1685,366924,6260
S1,1,128,1128,597,76736,False,False,20261005T104005Z_7611453d,76.3691,512,318,78.1712,1.7081,76992,140,78,1462,165,64,1693,366924,6260
S1,1,128,1128,598,76864,False,False,20261005T104005Z_7611453d,76.9424,512,318,79.1749,2.0606,77120,149,78,1454,165,63,1685,366924,6260
S1,1,128,1128,599,76992,False,False,20261005T104005Z_7611453d,76.6902,512,318,77.6759,0.8915,77248,141,77,1462,164,64,1693,366924,6260
S1,1,128,1128,600,77120,False,False,20261005T104005Z_7611453d,76.5947,512,318,78.5932,1.8303,77376,141,78,1454,172,64,1692,366924,6260
S1,1,128,1128,601,77248,False,False,20261005T104005Z_7611453d,76.3643,512,318,77.3294,0.8734,77504,139,77,1455,173,64,1693,366924,6260
S1,1,128,1128,602,77376,False,False,20261005T104005Z_7611453d,77.0571,512,318,79.7764,2.5225,77632,141,77,1462,164,64,1693,366924,6260
S1,1,128,1128,603,77504,False,False,20261005T104005Z_7611453d,76.7161,512,318,78.7797,1.8962,77760,149,78,1462,166,63,1693,366924,6260
S1,1,128,1128,604,77632,False,False,20261005T104005Z_7611453d,76.7516,512,318,78.7469,1.8467,77888,141,78,1455,164,63,1685,366924,6260
S1,1,128,1128,605,77760,False,False,20261005T104005Z_7611453d,76.9328,512,318,79.1422,2.0247,78016,141,85,1455,165,63,1685,366924,6260
S1,1,128,1128,606,77888,False,False,20261005T104005Z_7611453d,76.9099,512,318,79.1896,2.0847,78144,140,78,1462,165,63,1692,366924,6260
S1,1,128,1128,607,78016,False,False,20261005T104005Z_7611453d,76.9808,512,318,78.6047,1.4717,78272,148,85,1454,165,64,1685,366924,6260
S1,1,128,1128,608,78144,False,False,20261005T104005Z_7611453d,76.9397,512,318,78.2113,1.1346,78400,140,77,1462,165,63,1693,366924,6260
S1,1,128,1128,609,78272,False,False,20261005T104005Z_7611453d,77.0839,512,318,79.3121,2.0461,78528,143,78,1454,172,63,1692,366924,6260
S1,1,128,1128,610,78400,False,False,20261005T104005Z_7611453d,76.8331,512,318,79.1348,2.0958,78656,140,78,1463,165,63,1693,366924,6260
S1,1,128,1128,611,78528,False,False,20261005T104005Z_7611453d,76.4384,512,318,77.9594,1.4295,78784,137,77,1455,172,64,1693,366924,6260
S1,1,128,1128,612,78656,False,False,20261005T104005Z_7611453d,76.9273,512,318,79.0564,1.8519,78912,141,77,1462,164,64,1692,366924,6260
S1,1,128,1128,613,78784,False,False,20261005T104005Z_7611453d,76.9393,512,318,79.2918,2.1469,79040,143,78,1462,165,64,1693,366924,6260
S1,1,128,1128,614,78912,False,False,20261005T104005Z_7611453d,77.1555,512,318,80.0401,2.657,79168,147,78,1462,165,63,1693,366924,6260
S1,1,128,1128,615,79040,False,False,20261005T104005Z_7611453d,77.1275,512,318,79.4728,2.1326,79296,144,78,1462,165,64,1692,366924,6260
S1,1,128,1128,616,79168,False,False,20261005T104005Z_7611453d,76.3766,512,318,77.5243,1.0415,79424,150,78,1462,165,63,1693,366924,6260
S1,1,128,1128,617,79296,False,False,20261005T104005Z_7611453d,76.8904,512,318,79.0005,1.9329,79552,144,77,1455,171,64,1693,366924,6260
S1,1,128,1128,618,79424,False,False,20261005T104005Z_7611453d,77.2301,512,318,79.0381,1.6285,79680,141,78,1462,164,64,1693,366924,6260
S1,1,128,1128,619,79552,False,False,20261005T104005Z_7611453d,77.0683,512,318,80.2241,2.95,79808,150,85,1454,165,63,1685,366924,6260
S1,1,128,1128,620,79680,False,False,20261005T104005Z_7611453d,76.8191,512,318,78.9395,1.9376,79936,140,78,1462,164,63,1692,366924,6260
S1,1,128,1128,621,79808,False,False,20261005T104005Z_7611453d,76.2899,512,318,77.4217,1.0112,80064,141,77,1462,164,64,1693,366924,6260
S1,1,128,1128,622,79936,False,False,20261005T104005Z_7611453d,77.1661,512,318,78.5583,1.2332,80192,144,78,1455,164,71,1693,366924,6260
S1,1,128,1128,623,80064,False,False,20261005T104005Z_7611453d,76.3213,512,318,77.3586,0.9277,80320,150,77,1455,165,63,1685,366924,6260
S1,1,128,1128,624,80192,False,False,20261005T104005Z_7611453d,76.7576,512,318,77.9479,1.0122,80448,141,77,1462,164,64,1692,366924,6260
S1,1,128,1128,625,80320,False,False,20261005T104005Z_7611453d,76.7818,512,318,78.266,1.3048,80576,139,78,1462,164,63,1692,366924,6260
S1,1,128,1128,626,80448,False,False,20261005T104005Z_7611453d,76.9662,512,318,78.0361,0.9566,80704,142,78,1455,165,64,1685,366924,6260
S1,1,128,1128,627,80576,False,False,20261005T104005Z_7611453d,76.5872,512,318,77.6303,0.9345,80832,142,78,1455,172,63,1693,366924,6260
S1,1,128,1128,628,80704,False,False,20261005T104005Z_7611453d,76.7962,512,318,77.9508,1.0359,80960,144,78,1455,164,64,1685,366924,6260
S1,1,128,1128,629,80832,False,False,20261005T104005Z_7611453d,76.8463,512,318,78.7251,1.7077,81088,140,77,1455,172,64,1693,366924,6260
S1,1,128,1128,630,80960,False,False,20261005T104005Z_7611453d,76.9085,512,318,79.3429,2.219,81216,140,77,1455,165,71,1693,366924,6260
S1,1,128,1128,631,81088,False,False,20261005T104005Z_7611453d,76.8267,512,318,78.7651,1.7714,81344,155,78,1455,164,64,1686,366924,6260
S1,1,128,1128,632,81216,False,False,20261005T104005Z_7611453d,77.1199,512,318,79.7432,2.4071,81472,140,77,1455,165,63,1685,366924,6260
S1,1,128,1128,633,81344,False,False,20261005T104005Z_7611453d,77.4006,512,318,80.3063,2.6797,81600,143,77,1455,164,71,1693,366924,6260
S1,1,128,1128,634,81472,False,False,20261005T104005Z_7611453d,76.6486,512,318,78.0988,1.3106,81728,143,85,1454,165,63,1685,366924,6260
S1,1,128,1128,635,81600,False,False,20261005T104005Z_7611453d,77.3879,512,318,79.9395,2.3255,81856,141,78,1455,165,64,1685,366924,6260
S1,1,128,1128,636,81728,False,False,20261005T104005Z_7611453d,77.3637,512,318,79.7897,2.2256,81984,138,78,1455,173,63,1693,366924,6260
S1,1,128,1128,637,81856,False,False,20261005T104005Z_7611453d,76.5539,512,318,77.7325,1.0384,82112,140,78,1462,165,64,1693,366924,6260
S1,1,128,1128,638,81984,False,False,20261005T104005Z_7611453d,76.7292,512,318,78.9018,2.0134,82240,139,78,1462,164,63,1692,366924,6260
S1,1,128,1128,639,82112,False,False,20261005T104005Z_7611453d,76.8691,512,318,78.7632,1.7197,82368,139,78,1462,165,63,1693,366924,6260
S1,1,128,1128,640,82240,False,False,20261005T104005Z_7611453d,76.674,512,318,78.3344,1.5082,82496,140,78,1462,165,64,1693,366924,6260
S1,1,128,1128,641,82368,False,False,20261005T104005Z_7611453d,76.7529,512,318,78.5637,1.6451,82624,141,78,1454,172,63,1692,366924,6260
S1,1,128,1128,642,82496,False,False,20261005T104005Z_7611453d,76.5425,512,318,78.399,1.6883,82752,140,77,1455,165,63,1685,366924,6260
S1,1,128,1128,643,82624,False,False,20261005T104005Z_7611453d,76.884,512,318,79.2178,2.1368,82880,143,77,1462,165,64,1693,366924,6260
S1,1,128,1128,644,82752,False,False,20261005T104005Z_7611453d,77.2166,512,318,79.7383,2.326,83008,138,78,1462,164,64,1693,366924,6260
S1,1,128,1128,645,82880,False,False,20261005T104005Z_7611453d,76.9766,512,318,79.8184,2.6289,83136,142,77,1462,164,63,1692,366924,6260
S1,1,128,1128,646,83008,False,False,20261005T104005Z_7611453d,77.1339,512,318,78.8479,1.3254,83264,140,85,1454,165,63,1685,366924,6260
S1,1,128,1128,647,83136,False,False,20261005T104005Z_7611453d,76.685,512,318,78.4138,1.5631,83392,139,77,1455,165,63,1685,366924,6260
S1,1,128,1128,648,83264,False,False,20261005T104005Z_7611453d,76.9144,512,318,79.3492,2.2426,83520,142,78,1462,164,64,1692,366924,6260
S1,1,128,1128,649,83392,False,False,20261005T104005Z_7611453d,76.2975,512,318,77.2644,0.8684,83648,141,78,1454,172,64,1693,366924,6260
S1,1,128,1128,650,83520,False,False,20261005T104005Z_7611453d,76.4886,512,318,78.4023,1.7537,83776,140,78,1462,164,64,1692,366924,6260
S1,1,128,1128,651,83648,False,False,20261005T104005Z_7611453d,76.9393,512,318,79.6245,2.479,83904,140,78,1462,164,63,1692,366924,6260
S1,1,128,1128,652,83776,False,False,20261005T104005Z_7611453d,76.6833,512,318,79.0617,2.1229,84032,143,77,1455,173,64,1693,366924,6260
S1,1,128,1128,653,83904,False,False,20261005T104005Z_7611453d,76.796,512,318,78.793,1.8271,84160,141,77,1462,165,63,1693,366924,6260
S1,1,128,1128,654,84032,False,False,20261005T104005Z_7611453d,76.4366,512,318,77.5194,0.9527,84288,140,78,1462,165,63,1693,366924,6260
S1,1,128,1128,655,84160,False,False,20261005T104005Z_7611453d,76.5075,512,318,77.6563,1.0294,84416,144,78,1462,164,64,1692,366924,6260
S1,1,128,1128,656,84288,False,False,20261005T104005Z_7611453d,77.0149,512,318,79.3863,2.1634,84544,142,78,1455,172,64,1693,366924,6260
S1,1,128,1128,657,84416,False,False,20261005T104005Z_7611453d,77.5751,512,318,80.2109,2.4395,84672,140,78,1454,164,64,1685,366924,6260
S1,1,128,1128,658,84544,False,False,20261005T104005Z_7611453d,77.4091,512,318,80.1852,2.5821,84800,137,78,1462,165,63,1692,366924,6260
S1,1,128,1128,659,84672,False,False,20261005T104005Z_7611453d,77.0187,512,318,79.339,2.1162,84928,142,77,1455,164,64,1685,366924,6260
S1,1,128,1128,660,84800,False,False,20261005T104005Z_7611453d,76.8068,512,318,79.4604,2.4692,85056,138,85,1455,165,64,1686,366924,6260
S1,1,128,1128,661,84928,False,False,20261005T104005Z_7611453d,77.1062,512,318,79.6191,2.3044,85184,138,77,1462,164,63,1692,366924,6260
S1,1,128,1128,662,85056,False,False,20261005T104005Z_7611453d,76.7431,512,318,78.5289,1.6347,85312,139,85,1454,165,63,1685,366924,6260
S1,1,128,1128,663,85184,False,False,20261005T104005Z_7611453d,76.8811,512,318,78.4401,1.3395,85440,139,78,1462,164,64,1692,366924,6260
S1,1,128,1128,664,85312,False,False,20261005T104005Z_7611453d,76.6358,512,318,78.2376,1.451,85568,140,78,1455,172,64,1694,366924,6260
S1,1,128,1128,665,85440,False,False,20261005T104005Z_7611453d,76.8295,512,318,79.112,2.0922,85696,140,78,1462,166,64,1693,366924,6260
S1,1,128,1128,666,85568,False,False,20261005T104005Z_7611453d,76.8213,512,318,78.6805,1.6906,85824,140,78,1454,164,71,1692,366924,6260
S1,1,128,1128,667,85696,False,False,20261005T104005Z_7611453d,76.6235,512,318,77.8966,1.1439,85952,140,77,1455,172,64,1693,366924,6260
S1,1,128,1128,668,85824,False,False,20261005T104005Z_7611453d,76.7343,512,318,79.2511,2.3182,86080,143,78,1455,172,63,1692,366924,6260
S1,1,128,1128,669,85952,False,False,20261005T104005Z_7611453d,76.7368,512,318,78.6439,1.7307,86208,145,77,1462,165,64,1693,366924,6260
S1,1,128,1128,670,86080,False,False,20261005T104005Z_7611453d,76.8201,512,318,78.8716,1.8557,86336,141,78,1463,165,63,1693,366924,6260
S1,1,128,1128,671,86208,False,False,20261005T104005Z_7611453d,76.8489,512,318,79.0927,2.0197,86464,137,78,1454,164,64,1684,366924,6260
S1,1,128,1128,672,86336,False,False,20261005T104005Z_7611453d,76.6363,512,318,78.8035,1.9997,86592,141,78,1455,172,63,1693,366924,6260
S1,1,128,1128,673,86464,False,False,20261005T104005Z_7611453d,77.1143,512,318,80.4034,3.0843,86720,147,78,1462,164,64,1692,366924,6260
S1,1,128,1128,674,86592,False,False,20261005T104005Z_7611453d,76.4382,512,318,78.185,1.598,86848,141,78,1454,165,71,1692,366924,6260
S1,1,128,1128,675,86720,False,False,20261005T104005Z_7611453d,76.4045,512,318,77.5889,1.0786,86976,140,77,1462,164,63,1692,366924,6260
S1,1,128,1128,676,86848,False,False,20261005T104005Z_7611453d,76.8469,512,318,78.8328,1.7778,87104,141,78,1455,172,64,1693,366924,6260
S1,1,128,1128,677,86976,False,False,20261005T104005Z_7611453d,76.8565,512,318,78.0714,1.0907,87232,140,77,1455,172,64,1693,366924,6260
S1,1,128,1128,678,87104,False,False,20261005T104005Z_7611453d,76.8944,512,318,79.2339,2.1284,87360,142,78,1462,164,64,1693,366924,6260
S1,1,128,1128,679,87232,False,False,20261005T104005Z_7611453d,77.2985,512,318,78.7066,1.219,87488,142,77,1455,165,64,1693,366924,6260
S1,1,128,1128,680,87360,False,False,20261005T104005Z_7611453d,76.5318,512,318,77.6945,1.0478,87616,143,78,1455,164,63,1685,366924,6260
S1,1,128,1128,681,87488,False,False,20261005T104005Z_7611453d,76.4196,512,318,77.8773,1.3495,87744,150,78,1454,165,63,1685,366924,6260
S1,1,128,1128,682,87616,False,False,20261005T104005Z_7611453d,76.4683,512,318,77.9872,1.4074,87872,148,77,1455,172,64,1693,366924,6260
S1,1,128,1128,683,87744,False,False,20261005T104005Z_7611453d,76.5112,512,318,77.5755,0.9501,88000,141,77,1462,165,64,1693,366924,6260
S1,1,128,1128,684,87872,False,False,20261005T104005Z_7611453d,76.3381,512,318,77.5324,1.083,88128,150,78,1455,164,63,1693,366924,6260
S1,1,128,1128,685,88000,False,False,20261005T104005Z_7611453d,76.8519,512,318,78.048,1.0698,88256,141,78,1455,165,63,1685,366924,6260
S1,1,128,1128,686,88128,False,False,20261005T104005Z_7611453d,77.0178,512,318,79.4936,2.271,88384,140,77,1455,164,71,1693,366924,6260
S1,1,128,1128,687,88256,False,False,20261005T104005Z_7611453d,76.5415,512,318,78.5138,1.7983,88512,141,78,1454,165,64,1685,366924,6260
S1,1,128,1128,688,88384,False,False,20261005T104005Z_7611453d,76.6285,512,318,78.3858,1.6152,88640,141,77,1462,165,64,1693,366924,6260
S1,1,128,1128,689,88512,False,False,20261005T104005Z_7611453d,77.3272,512,318,79.6566,2.0785,88768,142,77,1462,165,64,1693,366924,6260
S1,1,128,1128,690,88640,False,False,20261005T104005Z_7611453d,76.3732,512,318,77.8137,1.3154,88896,141,78,1462,164,64,1692,366924,6260
S1,1,128,1128,691,88768,False,False,20261005T104005Z_7611453d,76.7954,512,318,78.9709,1.9859,89024,143,77,1462,164,64,1693,366924,6260
S1,1,128,1128,692,88896,False,False,20261005T104005Z_7611453d,76.5678,512,318,77.5878,0.9145,89152,142,78,1462,165,63,1692,366924,6260
S1,1,128,1128,693,89024,False,False,20261005T104005Z_7611453d,76.3742,512,318,77.7842,1.2962,89280,140,78,1463,165,64,1693,366924,6260
S1,1,128,1128,694,89152,False,False,20261005T104005Z_7611453d,76.916,512,318,79.3691,2.2415,89408,139,78,1454,172,63,1692,366924,6260
S1,1,128,1128,695,89280,False,False,20261005T104005Z_7611453d,76.9278,512,318,79.2518,1.8859,89536,141,77,1455,164,64,1685,366924,6260
S1,1,128,1128,696,89408,False,False,20261005T104005Z_7611453d,76.9244,512,318,79.2101,2.1177,89664,141,78,1462,165,64,1693,366924,6260
S1,1,128,1128,697,89536,False,False,20261005T104005Z_7611453d,77.3953,512,318,79.7445,2.1322,89792,142,77,1455,165,71,1693,366924,6260
S1,1,128,1128,698,89664,False,False,20261005T104005Z_7611453d,76.5257,512,318,78.4923,1.7774,89920,141,78,1455,172,64,1693,366924,6260
S1,1,128,1128,699,89792,False,False,20261005T104005Z_7611453d,77.0395,512,318,79.8095,2.5442,90048,139,78,1454,165,64,1685,366924,6260
S1,1,128,1128,700,89920,False,False,20261005T104005Z_7611453d,76.7704,512,318,78.6411,1.6913,90176,139,77,1455,164,71,1693,366924,6260
S1,1,128,1128,701,90048,False,False,20261005T104005Z_7611453d,76.587,512,318,77.9351,1.2156,90304,141,77,1455,164,63,1685,366924,6260
S1,1,128,1128,702,90176,False,False,20261005T104005Z_7611453d,77.5301,512,318,79.9016,2.1493,90432,142,77,1455,172,64,1693,366924,6260
S1,1,128,1128,703,90304,False,False,20261005T104005Z_7611453d,76.6212,512,318,77.6301,0.9028,90560,142,78,1462,165,63,1693,366924,6260
S1,1,128,1128,704,90432,False,False,20261005T104005Z_7611453d,76.9272,512,318,78.2301,1.1103,90688,139,78,1454,172,64,1692,366924,6260
S1,1,128,1128,705,90560,False,False,20261005T104005Z_7611453d,77.1724,512,318,78.2691,0.9337,90816,144,78,1462,165,63,1693,366924,6260
S1,1,128,1128,706,90688,False,False,20261005T104005Z_7611453d,76.8493,512,318,79.3332,2.2715,90944,141,78,1455,165,64,1685,366924,6260
S1,1,128,1128,707,90816,False,False,20261005T104005Z_7611453d,76.7027,512,318,78.6762,1.8082,91072,139,78,1454,165,72,1692,366924,6260
S1,1,128,1128,708,90944,False,False,20261005T104005Z_7611453d,76.3023,512,318,77.3962,0.9817,91200,143,85,1455,164,63,1685,366924,6260
S1,1,128,1128,709,91072,False,False,20261005T104005Z_7611453d,76.3314,512,318,77.4788,1.0239,91328,142,78,1462,164,64,1692,366924,6260
S1,1,128,1128,710,91200,False,False,20261005T104005Z_7611453d,76.6461,512,318,78.4253,1.6227,91456,138,78,1455,165,72,1692,366924,6260
S1,1,128,1128,711,91328,False,False,20261005T104005Z_7611453d,76.4135,512,318,77.517,0.9979,91584,138,85,1454,165,63,1685,366924,6260
S1,1,128,1128,712,91456,False,False,20261005T104005Z_7611453d,77.2747,512,318,79.8149,2.3138,91712,146,77,1462,164,64,1692,366924,6260
S1,1,128,1128,713,91584,False,False,20261005T104005Z_7611453d,76.6445,512,318,78.6626,1.8259,91840,138,85,1455,166,64,1686,366924,6260
S1,1,128,1128,714,91712,False,False,20261005T104005Z_7611453d,76.7214,512,318,78.3246,1.4292,91968,142,85,1455,165,63,1685,366924,6260
S1,1,128,1128,715,91840,False,False,20261005T104005Z_7611453d,76.7464,512,318,78.6466,1.7327,92096,142,78,1462,164,63,1692,366924,6260
S1,1,128,1128,716,91968,False,False,20261005T104005Z_7611453d,76.9997,512,318,79.6333,2.4279,92224,140,78,1454,172,63,1692,366924,6260
S1,1,128,1128,717,92096,False,False,20261005T104005Z_7611453d,76.377,512,318,77.581,1.0874,92352,141,78,1454,172,64,1693,366924,6260
S1,1,128,1128,718,92224,False,False,20261005T104005Z_7611453d,76.9399,512,318,79.1055,1.9704,92480,144,78,1454,165,63,1685,366924,6260
S1,1,128,1128,719,92352,False,False,20261005T104005Z_7611453d,77.0151,512,318,79.5362,2.3142,92608,141,78,1462,165,64,1693,366924,6260
S1,1,128,1128,720,92480,False,False,20261005T104005Z_7611453d,77.2688,512,318,79.7457,2.2703,92736,140,78,1455,172,64,1693,366924,6260
S1,1,128,1128,721,92608,False,False,20261005T104005Z_7611453d,77.111,512,318,79.9826,2.6532,92864,138,78,1462,165,63,1692,366924,6260
S1,1,128,1128,722,92736,False,False,20261005T104005Z_7611453d,76.7098,512,318,78.397,1.5313,92992,141,78,1462,164,64,1693,366924,6260
S1,1,128,1128,723,92864,False,False,20261005T104005Z_7611453d,76.8341,512,318,79.2763,2.2559,93120,141,78,1462,164,64,1693,366924,6260
S1,1,128,1128,724,92992,False,False,20261005T104005Z_7611453d,77.0012,512,318,79.4669,2.2601,93248,138,78,1455,164,64,1685,366924,6260
S1,1,128,1128,725,93120,False,False,20261005T104005Z_7611453d,76.896,512,318,78.6329,1.5938,93376,143,77,1462,165,64,1693,366924,6260
S1,1,128,1128,726,93248,False,False,20261005T104005Z_7611453d,76.6447,512,318,77.7141,0.9641,93504,138,78,1462,165,63,1693,366924,6260
S1,1,128,1128,727,93376,False,False,20261005T104005Z_7611453d,76.8536,512,318,79.3958,2.3016,93632,137,78,1462,164,64,1693,366924,6260
S1,1,128,1128,728,93504,False,False,20261005T104005Z_7611453d,76.7679,512,318,78.9518,1.9448,93760,140,78,1462,165,64,1692,366924,6260
S1,1,128,1128,729,93632,False,False,20261005T104005Z_7611453d,76.7772,512,318,78.4034,1.4771,93888,148,77,1462,164,64,1693,366924,6260
S1,1,128,1128,730,93760,False,False,20261005T104005Z_7611453d,76.3982,512,318,77.8359,1.3032,94016,141,77,1455,172,64,1693,366924,6260
S1,1,128,1128,731,93888,False,False,20261005T104005Z_7611453d,76.4178,512,318,77.4575,0.933,94144,141,77,1455,172,63,1693,366924,6260
S1,1,128,1128,732,94016,False,False,20261005T104005Z_7611453d,76.7544,512,318,78.4269,1.4827,94272,139,77,1455,165,63,1685,366924,6260
S1,1,128,1128,733,94144,False,False,20261005T104005Z_7611453d,76.9688,512,318,78.724,1.5616,94400,140,78,1463,165,63,1693,366924,6260
S1,1,128,1128,734,94272,False,False,20261005T104005Z_7611453d,76.8231,512,318,79.0565,2.039,94528,141,77,1462,164,64,1692,366924,6260
S1,1,128,1128,735,94400,False,False,20261005T104005Z_7611453d,76.7372,512,318,78.9305,2.0202,94656,140,85,1454,165,63,1685,366924,6260
S1,1,128,1128,736,94528,False,False,20261005T104005Z_7611453d,76.6568,512,318,78.3051,1.5072,94784,143,78,1455,165,64,1686,366924,6260
S1,1,128,1128,737,94656,False,False,20261005T104005Z_7611453d,76.4654,512,318,77.7899,1.2026,94912,138,78,1462,165,64,1693,366924,6260
S1,1,128,1128,738,94784,False,False,20261005T104005Z_7611453d,77.7616,512,318,80.2199,2.2443,95040,145,77,1462,164,64,1692,366924,6260
S1,1,128,1128,739,94912,False,False,20261005T104005Z_7611453d,76.3549,512,318,77.5128,1.0459,95168,141,78,1454,165,63,1685,366924,6260
S1,1,128,1128,740,95040,False,False,20261005T104005Z_7611453d,76.9236,512,318,79.9042,2.777,95296,149,78,1462,164,64,1692,366924,6260
S1,1,128,1128,741,95168,False,False,20261005T104005Z_7611453d,76.7492,512,318,78.8343,1.9037,95424,143,77,1455,164,63,1685,366924,6260
S1,1,128,1128,742,95296,False,False,20261005T104005Z_7611453d,76.8619,512,318,78.8853,1.8574,95552,140,77,1455,164,71,1693,366924,6260
S1,1,128,1128,743,95424,False,False,20261005T104005Z_7611453d,76.3668,512,318,77.3664,0.894,95680,139,78,1454,172,64,1692,366924,6260
S1,1,128,1128,744,95552,False,False,20261005T104005Z_7611453d,77.1042,512,318,79.643,2.0924,95808,142,78,1462,164,64,1692,366924,6260
S1,1,128,1128,745,95680,False,False,20261005T104005Z_7611453d,76.9716,512,318,79.1312,1.9653,95936,155,77,1462,165,64,1693,366924,6260
S1,1,128,1128,746,95808,False,False,20261005T104005Z_7611453d,76.988,512,318,78.88,1.7078,96064,141,78,1454,165,72,1692,366924,6260
S1,1,128,1128,747,95936,False,False,20261005T104005Z_7611453d,76.8958,512,318,78.9332,1.8756,96192,142,77,1455,172,63,1693,366924,6260
S1,1,128,1128,748,96064,False,False,20261005T104005Z_7611453d,76.9678,512,318,78.9944,1.8501,96320,141,78,1462,164,64,1692,366924,6260
S1,1,128,1128,749,96192,False,False,20261005T104005Z_7611453d,77.053,512,318,79.3209,2.07,96448,142,85,1454,164,64,1685,366924,6260
S1,1,128,1128,750,96320,False,False,20261005T104005Z_7611453d,77.4017,512,318,79.602,1.8444,96576,138,78,1463,165,63,1693,366924,6260
S1,1,128,1128,751,96448,False,False,20261005T104005Z_7611453d,76.3361,512,318,77.3079,0.875,96704,139,78,1462,165,64,1693,366924,6260
S1,1,128,1128,752,96576,False,False,20261005T104005Z_7611453d,76.8759,512,318,78.9386,1.8627,96832,150,86,1455,164,63,1685,366924,6260
S1,1,128,1128,753,96704,False,False,20261005T104005Z_7611453d,77.3973,512,318,79.638,2.0468,96960,144,77,1455,164,64,1685,366924,6260
S1,1,128,1128,754,96832,False,False,20261005T104005Z_7611453d,76.9745,512,318,79.2839,2.1052,97088,143,77,1455,164,63,1685,366924,6260
S1,1,128,1128,755,96960,False,False,20261005T104005Z_7611453d,77.1009,512,318,78.3852,1.1413,97216,141,77,1462,165,64,1693,366924,6260
S1,1,128,1128,756,97088,False,False,20261005T104005Z_7611453d,76.8353,512,318,78.7348,1.7303,97344,146,77,1455,172,64,1693,366924,6260
S1,1,128,1128,757,97216,False,False,20261005T104005Z_7611453d,77.3122,512,318,80.0451,2.4915,97472,141,77,1455,172,64,1693,366924,6260
S1,1,128,1128,758,97344,False,False,20261005T104005Z_7611453d,76.3611,512,318,77.4264,0.9522,97600,144,78,1462,165,63,1692,366924,6260
S1,1,128,1128,759,97472,False,False,20261005T104005Z_7611453d,76.7152,512,318,78.8403,1.9384,97728,141,78,1454,172,64,1693,366924,6260
S1,1,128,1128,760,97600,False,False,20261005T104005Z_7611453d,77.1517,512,318,79.464,2.1217,97856,140,78,1462,165,64,1693,366924,6260
S1,1,128,1128,761,97728,False,False,20261005T104005Z_7611453d,76.3462,512,318,77.5924,1.1294,97984,143,78,1463,165,63,1693,366924,6260
S1,1,128,1128,762,97856,False,False,20261005T104005Z_7611453d,76.8401,512,318,78.6853,1.6555,98112,146,77,1455,172,63,1693,366924,6260
S1,1,128,1128,763,97984,False,False,20261005T104005Z_7611453d,76.7146,512,318,78.9908,2.0877,98240,141,78,1454,172,63,1692,366924,6260
S1,1,128,1128,764,98112,False,False,20261005T104005Z_7611453d,76.4612,512,318,77.4414,0.882,98368,144,77,1462,164,64,1693,366924,6260
S1,1,128,1128,765,98240,False,False,20261005T104005Z_7611453d,76.8571,512,318,78.9109,1.8539,98496,151,77,1455,164,63,1685,366924,6260
S1,1,128,1128,766,98368,False,False,20261005T104005Z_7611453d,76.771,512,318,78.758,1.8344,98624,140,78,1462,164,63,1692,366924,6260
S1,1,128,1128,767,98496,False,False,20261005T104005Z_7611453d,76.6529,512,318,78.6765,1.8374,98752,145,77,1462,164,64,1692,366924,6260
S1,1,128,1128,768,98624,False,False,20261005T104005Z_7611453d,76.5146,512,318,77.9312,1.2819,98880,143,77,1462,164,64,1693,366924,6260
S1,1,128,1128,769,98752,False,False,20261005T104005Z_7611453d,76.5437,512,318,78.3309,1.6479,99008,142,77,1462,164,64,1693,366924,6260
S1,1,128,1128,770,98880,False,False,20261005T104005Z_7611453d,76.6414,512,318,77.601,0.8673,99136,140,78,1455,164,64,1686,366924,6260
S1,1,128,1128,771,99008,False,False,20261005T104005Z_7611453d,76.7679,512,318,79.015,2.0586,99264,140,85,1455,165,63,1686,366924,6260
S1,1,128,1128,772,99136,False,False,20261005T104005Z_7611453d,76.607,512,318,78.4728,1.7154,99392,141,78,1454,172,64,1692,366924,6260
S1,1,128,1128,773,99264,False,False,20261005T104005Z_7611453d,76.4915,512,318,77.4497,0.8634,99520,139,85,1454,164,64,1685,366924,6260
S1,1,128,1128,774,99392,False,False,20261005T104005Z_7611453d,76.792,512,318,78.8603,1.9005,99648,141,77,1462,165,64,1693,366924,6260
S1,1,128,1128,775,99520,False,False,20261005T104005Z_7611453d,76.7107,512,318,78.8299,1.9607,99776,151,78,1462,165,64,1693,366924,6260
S1,1,128,1128,776,99648,False,False,20261005T104005Z_7611453d,76.5398,512,318,77.6838,1.0366,99904,144,78,1463,165,64,1694,366924,6260
S1,1,128,1128,777,99776,False,False,20261005T104005Z_7611453d,76.231,512,318,77.2851,0.9516,100032,143,78,1462,165,64,1693,366924,6260
S1,1,128,1128,778,99904,False,False,20261005T104005Z_7611453d,76.8062,512,318,79.1895,2.1717,100160,140,77,1455,164,63,1685,366924,6260
S1,1,128,1128,779,100032,False,False,20261005T104005Z_7611453d,77.5255,512,318,80.6336,2.8821,100288,148,77,1462,164,64,1693,366924,6260
S1,1,128,1128,780,100160,False,False,20261005T104005Z_7611453d,77.0162,512,318,79.2295,2.0193,100416,150,77,1462,165,64,1693,366924,6260
S1,1,128,1128,781,100288,False,False,20261005T104005Z_7611453d,76.6622,512,318,77.7086,0.9187,100544,145,77,1462,165,64,1693,366924,6260
S1,1,128,1128,782,100416,False,False,20261005T104005Z_7611453d,77.0912,512,318,79.6045,2.2978,100672,140,77,1455,172,63,1693,366924,6260
S1,1,128,1128,783,100544,False,False,20261005T104005Z_7611453d,76.8406,512,318,78.6684,1.6687,100800,138,78,1454,172,64,1692,366924,6260
S1,1,128,1128,784,100672,False,False,20261005T104005Z_7611453d,76.8026,512,318,79.4013,2.2175,100928,140,78,1455,165,71,1693,366924,6260
S1,1,128,1128,785,100800,False,False,20261005T104005Z_7611453d,77.0377,512,318,79.4354,2.19,101056,143,78,1455,164,64,1685,366924,6260
S1,1,128,1128,786,100928,False,False,20261005T104005Z_7611453d,76.7351,512,318,77.8483,0.9973,101184,141,77,1462,165,64,1693,366924,6260
S1,1,128,1128,787,101056,False,False,20261005T104005Z_7611453d,76.5809,512,318,78.9413,2.153,101312,142,77,1462,165,63,1693,366924,6260
S1,1,128,1128,788,101184,False,False,20261005T104005Z_7611453d,76.9954,512,318,79.1404,1.9473,101440,140,77,1455,164,64,1685,366924,6260
S1,1,128,1128,789,101312,False,False,20261005T104005Z_7611453d,76.5966,512,318,77.6788,0.9626,101568,142,77,1462,164,64,1692,366924,6260
S1,1,128,1128,790,101440,False,False,20261005T104005Z_7611453d,76.5094,512,318,77.8513,1.2142,101696,141,78,1454,173,64,1693,366924,6260
S1,1,128,1128,791,101568,False,False,20261005T104005Z_7611453d,76.5514,512,318,78.4609,1.7465,101824,143,78,1455,172,63,1692,366924,6260
S1,1,128,1128,792,101696,False,False,20261005T104005Z_7611453d,76.7413,512,318,78.0137,1.137,101952,147,77,1455,172,64,1693,366924,6260
S1,1,128,1128,793,101824,False,False,20261005T104005Z_7611453d,76.433,512,318,77.5705,1.0239,102080,140,78,1462,165,64,1693,366924,6260
S1,1,128,1128,794,101952,False,False,20261005T104005Z_7611453d,76.926,512,318,79.4001,2.244,102208,144,77,1455,164,71,1693,366924,6260
S1,1,128,1128,795,102080,False,False,20261005T104005Z_7611453d,77.4044,512,318,79.7611,2.1306,102336,139,78,1455,164,64,1686,366924,6260
S1,1,128,1128,796,102208,False,False,20261005T104005Z_7611453d,77.101,512,318,79.0301,1.7551,102464,139,78,1455,165,64,1685,366924,6260
S1,1,128,1128,797,102336,False,False,20261005T104005Z_7611453d,76.8592,512,318,78.7976,1.7746,102592,141,77,1455,172,64,1693,366924,6260
S1,1,128,1128,798,102464,False,False,20261005T104005Z_7611453d,76.9425,512,318,77.9965,0.9501,102720,140,78,1462,165,63,1692,366924,6260
S1,1,128,1128,799,102592,False,False,20261005T104005Z_7611453d,76.9248,512,318,79.1894,2.0705,102848,140,77,1462,164,63,1692,366924,6260
S1,1,128,1128,800,102720,False,False,20261005T104005Z_7611453d,76.9971,512,318,78.7592,1.6174,102976,139,78,1454,165,63,1685,366924,6260
S1,1,128,1128,801,102848,False,False,20261005T104005Z_7611453d,76.542,512,318,78.4439,1.7439,103104,140,78,1454,165,63,1685,366924,6260
S1,1,128,1128,802,102976,False,False,20261005T104005Z_7611453d,76.6361,512,318,78.8626,2.0622,103232,139,85,1454,164,64,1685,366924,6260
S1,1,128,1128,803,103104,False,False,20261005T104005Z_7611453d,76.7026,512,318,78.7607,1.8857,103360,139,85,1455,164,63,1685,366924,6260
S1,1,128,1128,804,103232,False,False,20261005T104005Z_7611453d,76.8779,512,318,78.9391,1.895,103488,141,77,1455,164,64,1686,366924,6260
S1,1,128,1128,805,103360,False,False,20261005T104005Z_7611453d,76.6456,512,318,77.6691,0.9199,103616,141,78,1454,165,71,1693,366924,6260
S1,1,128,1128,806,103488,False,False,20261005T104005Z_7611453d,76.3489,512,318,77.3019,0.8535,103744,147,78,1454,165,64,1685,366924,6260
S1,1,128,1128,807,103616,False,False,20261005T104005Z_7611453d,76.8661,512,318,78.9684,1.9079,103872,150,77,1462,164,64,1693,366924,6260
S1,1,128,1128,808,103744,False,False,20261005T104005Z_7611453d,76.829,512,318,78.8736,1.8738,104000,145,77,1462,165,64,1693,366924,6260
S1,1,128,1128,809,103872,False,False,20261005T104005Z_7611453d,76.7445,512,318,78.0002,1.1072,104128,142,77,1455,164,63,1685,366924,6260
S1,1,128,1128,810,104000,False,False,20261005T104005Z_7611453d,76.9061,512,318,79.2637,2.1498,104256,142,77,1455,164,63,1685,366924,6260
S1,1,128,1128,811,104128,False,False,20261005T104005Z_7611453d,77.1081,512,318,79.9833,2.4109,104384,151,85,1455,165,63,1686,366924,6260
S1,1,128,1128,812,104256,False,False,20261005T104005Z_7611453d,76.6274,512,318,78.4716,1.7013,104512,140,78,1454,164,71,1692,366924,6260
S1,1,128,1128,813,104384,False,False,20261005T104005Z_7611453d,76.8503,512,318,78.6779,1.6503,104640,142,85,1455,164,64,1686,366924,6260
S1,1,128,1128,814,104512,False,False,20261005T104005Z_7611453d,76.7106,512,318,78.8239,1.9252,104768,142,78,1462,165,64,1694,366924,6260
S1,1,128,1128,815,104640,False,False,20261005T104005Z_7611453d,76.669,512,318,78.2814,1.4646,104896,138,78,1455,165,64,1686,366924,6260
S1,1,128,1128,816,104768,False,False,20261005T104005Z_7611453d,76.7846,512,318,78.8504,1.8498,105024,140,77,1462,164,64,1693,366924,6260
S1,1,128,1128,817,104896,False,False,20261005T104005Z_7611453d,77.2383,512,318,79.2914,1.852,105152,152,77,1462,164,64,1693,366924,6260
S1,1,128,1128,818,105024,False,False,20261005T104005Z_7611453d,76.8629,512,318,77.9096,0.9388,105280,142,78,1454,165,72,1692,366924,6260
S1,1,128,1128,819,105152,False,False,20261005T104005Z_7611453d,76.4921,512,318,77.6644,0.9591,105408,138,78,1454,165,72,1692,366924,6260
S1,1,128,1128,820,105280,False,False,20261005T104005Z_7611453d,76.7418,512,318,78.7301,1.8179,105536,143,77,1455,164,64,1686,366924,6260
S1,1,128,1128,821,105408,False,False,20261005T104005Z_7611453d,77.2923,512,318,79.6202,2.1211,105664,141,78,1454,165,72,1692,366924,6260
S1,1,128,1128,822,105536,False,False,20261005T104005Z_7611453d,77.3141,512,318,79.6994,2.1637,105792,145,77,1455,164,64,1686,366924,6260
S1,1,128,1128,823,105664,False,False,20261005T104005Z_7611453d,76.9688,512,318,79.6302,2.4844,105920,149,77,1455,165,71,1693,366924,6260
S1,1,128,1128,824,105792,False,False,20261005T104005Z_7611453d,76.6634,512,318,77.7789,0.9745,106048,144,77,1455,164,63,1685,366924,6260
S1,1,128,1128,825,105920,False,False,20261005T104005Z_7611453d,76.3046,512,318,77.9582,1.5587,106176,139,78,1454,164,64,1685,366924,6260
S1,1,128,1128,826,106048,False,False,20261005T104005Z_7611453d,76.9132,512,318,78.9792,1.8901,106304,138,78,1454,172,64,1692,366924,6260
S1,1,128,1128,827,106176,False,False,20261005T104005Z_7611453d,77.0819,512,318,78.6869,1.4482,106432,138,78,1462,166,64,1693,366924,6260
S1,1,128,1128,828,106304,False,False,20261005T104005Z_7611453d,76.8183,512,318,78.7676,1.7924,106560,142,78,1462,165,64,1693,366924,6260
S1,1,128,1128,829,106432,False,False,20261005T104005Z_7611453d,76.9604,512,318,79.7522,2.5594,106688,144,77,1462,164,64,1693,366924,6260
S1,1,128,1128,830,106560,False,False,20261005T104005Z_7611453d,77.238,512,318,79.2257,1.808,106816,141,86,1455,165,64,1686,366924,6260
S1,1,128,1128,831,106688,False,False,20261005T104005Z_7611453d,76.504,512,318,77.5272,0.9162,106944,142,78,1462,164,64,1692,366924,6260
S1,1,128,1128,832,106816,False,False,20261005T104005Z_7611453d,77.1361,512,318,79.6558,2.323,107072,143,77,1455,164,64,1686,366924,6260
S1,1,128,1128,833,106944,False,False,20261005T104005Z_7611453d,76.7402,512,318,78.4551,1.5705,107200,142,78,1455,164,63,1685,366924,6260
S1,1,128,1128,834,107072,False,False,20261005T104005Z_7611453d,76.8755,512,318,78.6892,1.6037,107328,143,77,1462,164,64,1693,366924,6260
S1,1,128,1128,835,107200,False,False,20261005T104005Z_7611453d,76.6708,512,318,78.6058,1.5611,107456,141,78,1462,164,64,1693,366924,6260
S1,1,128,1128,836,107328,False,False,20261005T104005Z_7611453d,76.4389,512,318,77.6206,1.0552,107584,143,78,1462,165,63,1693,366924,6260
S1,1,128,1128,837,107456,False,False,20261005T104005Z_7611453d,76.2848,512,318,77.3216,0.9259,107712,142,77,1455,172,64,1693,366924,6260
S1,1,128,1128,838,107584,False,False,20261005T104005Z_7611453d,76.2509,512,318,77.629,1.2694,107840,140,78,1462,165,64,1694,366924,6260
S1,1,128,1128,839,107712,False,False,20261005T104005Z_7611453d,76.2536,512,318,77.4061,0.9752,107968,143,78,1462,165,64,1693,366924,6260
S1,1,128,1128,840,107840,False,False,20261005T104005Z_7611453d,76.3851,512,318,77.3872,0.8946,108096,139,77,1455,165,71,1693,366924,6260
S1,1,128,1128,841,107968,False,False,20261005T104005Z_7611453d,76.2828,512,318,77.7406,1.3226,108224,140,78,1463,165,64,1693,366924,6260
S1,1,128,1128,842,108096,False,False,20261005T104005Z_7611453d,76.2958,512,318,77.3821,0.975,108352,140,77,1462,165,64,1693,366924,6260
S1,1,128,1128,843,108224,False,False,20261005T104005Z_7611453d,76.2917,512,318,77.3655,0.9617,108480,141,77,1455,172,64,1693,366924,6260
S1,1,128,1128,844,108352,False,False,20261005T104005Z_7611453d,76.4832,512,318,77.5512,0.9407,108608,142,86,1455,165,64,1686,366924,6260
S1,1,128,1128,845,108480,False,False,20261005T104005Z_7611453d,76.5665,512,318,78.5616,1.8351,108736,144,77,1462,164,64,1693,366924,6260
S1,1,128,1128,846,108608,False,False,20261005T104005Z_7611453d,76.4683,512,318,77.4855,0.9074,108864,141,77,1462,164,64,1693,366924,6260
S1,1,128,1128,847,108736,False,False,20261005T104005Z_7611453d,77.4186,512,318,79.8539,2.2081,108992,140,77,1455,164,64,1685,366924,6260
S1,1,128,1128,848,108864,False,False,20261005T104005Z_7611453d,76.7108,512,318,78.5056,1.5722,109120,137,78,1454,172,64,1693,366924,6260
S1,1,128,1128,849,108992,False,False,20261005T104005Z_7611453d,76.9903,512,318,79.3021,2.0981,109248,141,78,1454,165,63,1685,366924,6260
S1,1,128,1128,850,109120,False,False,20261005T104005Z_7611453d,76.6577,512,318,78.4178,1.5891,109376,142,77,1462,165,64,1693,366924,6260
S1,1,128,1128,851,109248,False,False,20261005T104005Z_7611453d,77.0953,512,318,79.7358,2.4354,109504,140,77,1462,164,64,1692,366924,6260
S1,1,128,1128,852,109376,False,False,20261005T104005Z_7611453d,77.2481,512,318,79.1211,1.7039,109632,141,77,1462,164,63,1692,366924,6260
S1,1,128,1128,853,109504,False,False,20261005T104005Z_7611453d,76.872,512,318,79.0235,1.9562,109760,137,85,1454,165,64,1685,366924,6260
S1,1,128,1128,854,109632,False,False,20261005T104005Z_7611453d,76.9051,512,318,79.3315,2.2625,109888,140,77,1455,171,64,1692,366924,6260
S1,1,128,1128,855,109760,False,False,20261005T104005Z_7611453d,76.561,512,318,77.9712,1.2737,110016,148,78,1454,165,64,1685,366924,6260
S1,1,128,1128,856,109888,False,False,20261005T104005Z_7611453d,77.1532,512,318,79.3189,1.9769,110144,150,78,1455,165,63,1685,366924,6260
S1,1,128,1128,857,110016,False,False,20261005T104005Z_7611453d,76.4994,512,318,77.5865,0.9759,110272,138,77,1455,164,64,1685,366924,6260
S1,1,128,1128,858,110144,False,False,20261005T104005Z_7611453d,77.3381,512,318,80.0083,2.4419,110400,152,78,1462,165,64,1693,366924,6260
S1,1,128,1128,859,110272,False,False,20261005T104005Z_7611453d,77.3016,512,318,80.1443,2.623,110528,141,78,1455,164,64,1686,366924,6260
S1,1,128,1128,860,110400,False,False,20261005T104005Z_7611453d,76.9615,512,318,79.0029,1.8665,110656,142,77,1462,164,64,1692,366924,6260
S1,1,128,1128,861,110528,False,False,20261005T104005Z_7611453d,76.6304,512,318,78.5568,1.776,110784,140,86,1455,164,64,1685,366924,6260
S1,1,128,1128,862,110656,False,False,20261005T104005Z_7611453d,76.4981,512,318,77.7883,1.1627,110912,140,78,1462,164,64,1692,366924,6260
S1,1,128,1128,863,110784,False,False,20261005T104005Z_7611453d,77.2329,512,318,80.1578,2.698,111040,146,78,1462,165,64,1693,366924,6260
S1,1,128,1128,864,110912,False,False,20261005T104005Z_7611453d,77.0433,512,318,79.1969,1.9729,111168,142,77,1455,172,63,1693,366924,6260
S1,1,128,1128,865,111040,False,False,20261005T104005Z_7611453d,77.1652,512,318,79.6798,2.287,111296,139,78,1463,165,64,1693,366924,6260
S1,1,128,1128,866,111168,False,False,20261005T104005Z_7611453d,76.8193,512,318,78.2942,1.3427,111424,148,78,1462,164,64,1692,366924,6260
S1,1,128,1128,867,111296,False,False,20261005T104005Z_7611453d,76.5326,512,318,78.3128,1.6125,111552,144,78,1454,164,71,1692,366924,6260
S1,1,128,1128,868,111424,False,False,20261005T104005Z_7611453d,76.8887,512,318,78.3431,1.2664,111680,142,77,1462,165,63,1693,366924,6260
S1,1,128,1128,869,111552,False,False,20261005T104005Z_7611453d,76.7871,512,318,78.7359,1.7526,111808,139,78,1454,172,63,1692,366924,6260
S1,1,128,1128,870,111680,False,False,20261005T104005Z_7611453d,76.1238,512,318,77.1508,0.9162,111936,147,78,1454,164,71,1692,366924,6260
S1,1,128,1128,871,111808,False,False,20261005T104005Z_7611453d,77.0738,512,318,79.4172,2.1347,112064,143,77,1462,164,64,1692,366924,6260
S1,1,128,1128,872,111936,False,False,20261005T104005Z_7611453d,76.4865,512,318,78.16,1.5676,112192,138,78,1462,164,64,1693,366924,6260
S1,1,128,1128,873,112064,False,False,20261005T104005Z_7611453d,76.4636,512,318,77.5111,0.9419,112320,137,78,1462,164,64,1693,366924,6260
S1,1,128,1128,874,112192,False,False,20261005T104005Z_7611453d,76.5883,512,318,78.4625,1.7079,112448,141,78,1462,164,63,1692,366924,6260
S1,1,128,1128,875,112320,False,False,20261005T104005Z_7611453d,76.6825,512,318,79.0805,2.231,112576,148,78,1454,164,71,1692,366924,6260
S1,1,128,1128,876,112448,False,False,20261005T104005Z_7611453d,76.835,512,318,78.9583,1.922,112704,139,78,1462,165,64,1692,366924,6260
S1,1,128,1128,877,112576,False,False,20261005T104005Z_7611453d,76.6093,512,318,78.5475,1.759,112832,152,78,1455,164,64,1686,366924,6260
S1,1,128,1128,878,112704,False,False,20261005T104005Z_7611453d,76.7904,512,318,79.2298,2.2609,112960,141,77,1462,165,64,1693,366924,6260
S1,1,128,1128,879,112832,False,False,20261005T104005Z_7611453d,76.6592,512,318,78.3239,1.5238,113088,137,78,1455,172,63,1693,366924,6260
S1,1,128,1128,880,112960,False,False,20261005T104005Z_7611453d,76.8403,512,318,79.1322,2.1047,113216,144,77,1462,165,64,1693,366924,6260
S1,1,128,1128,881,113088,False,False,20261005T104005Z_7611453d,76.8374,512,318,79.1556,2.1094,113344,142,77,1462,164,63,1692,366924,6260
S1,1,128,1128,882,113216,False,False,20261005T104005Z_7611453d,76.519,512,318,77.8444,1.1948,113472,139,85,1454,165,64,1685,366924,6260
S1,1,128,1128,883,113344,False,False,20261005T104005Z_7611453d,76.6001,512,318,78.2163,1.4915,113600,148,78,1455,164,64,1686,366924,6260
S1,1,128,1128,884,113472,False,False,20261005T104005Z_7611453d,77.2464,512,318,79.4773,2.0327,113728,143,78,1454,172,64,1692,366924,6260
S1,1,128,1128,885,113600,False,False,20261005T104005Z_7611453d,77.1881,512,318,79.6393,2.2443,113856,142,77,1455,164,64,1685,366924,6260
S1,1,128,1128,886,113728,False,False,20261005T104005Z_7611453d,77.1265,512,318,79.5837,2.2492,113984,140,78,1454,165,64,1685,366924,6260
S1,1,128,1128,887,113856,False,False,20261005T104005Z_7611453d,77.7555,512,318,80.1334,2.1768,114112,143,78,1455,165,64,1686,366924,6260
S1,1,128,1128,888,113984,False,False,20261005T104005Z_7611453d,76.8387,512,318,79.0227,2.0002,114240,138,78,1462,165,63,1693,366924,6260
S1,1,128,1128,889,114112,False,False,20261005T104005Z_7611453d,76.8678,512,318,79.4961,2.4307,114368,151,78,1455,164,71,1693,366924,6260
S1,1,128,1128,890,114240,False,False,20261005T104005Z_7611453d,77.3239,512,318,79.5424,2.0354,114496,140,78,1455,165,64,1686,366924,6260
S1,1,128,1128,891,114368,False,False,20261005T104005Z_7611453d,76.5641,512,318,78.3405,1.6425,114624,140,78,1462,165,63,1693,366924,6260
S1,1,128,1128,892,114496,False,False,20261005T104005Z_7611453d,76.7896,512,318,78.2643,1.3749,114752,141,78,1454,172,63,1692,366924,6260
S1,1,128,1128,893,114624,False,False,20261005T104005Z_7611453d,76.9201,512,318,79.3155,2.1974,114880,141,85,1454,165,63,1685,366924,6260
S1,1,128,1128,894,114752,False,False,20261005T104005Z_7611453d,76.8206,512,318,78.9389,1.944,115008,141,77,1462,164,64,1692,366924,6260
S1,1,128,1128,895,114880,False,False,20261005T104005Z_7611453d,76.9836,512,318,79.1185,1.9186,115136,139,78,1462,165,64,1693,366924,6260
S1,1,128,1128,896,115008,False,False,20261005T104005Z_7611453d,76.5441,512,318,77.976,1.3114,115264,144,77,1455,172,63,1693,366924,6260
S1,1,128,1128,897,115136,False,False,20261005T104005Z_7611453d,77.3087,512,318,79.9346,2.3104,115392,142,77,1462,164,64,1692,366924,6260
S1,1,128,1128,898,115264,False,False,20261005T104005Z_7611453d,77.2329,512,318,79.5845,2.1445,115520,141,85,1454,165,64,1685,366924,6260
S1,1,128,1128,899,115392,False,False,20261005T104005Z_7611453d,77.7645,512,318,80.3358,2.358,115648,142,78,1462,165,64,1693,366924,6260
S1,1,128,1128,900,115520,False,False,20261005T104005Z_7611453d,76.5602,512,318,77.6881,1.0124,115776,139,77,1462,164,64,1692,366924,6260
S1,1,128,1128,901,115648,False,False,20261005T104005Z_7611453d,76.7833,512,318,79.511,2.5317,115904,137,78,1455,172,64,1693,366924,6260
S1,1,128,1128,902,115776,False,False,20261005T104005Z_7611453d,76.2293,512,318,77.5159,1.1575,116032,149,78,1454,164,64,1685,366924,6260
S1,1,128,1128,903,115904,False,False,20261005T104005Z_7611453d,76.9909,512,318,79.3562,2.1719,116160,141,78,1462,165,64,1693,366924,6260
S1,1,128,1128,904,116032,False,False,20261005T104005Z_7611453d,77.0412,512,318,79.4003,2.1429,116288,139,78,1462,164,64,1693,366924,6260
S1,1,128,1128,905,116160,False,False,20261005T104005Z_7611453d,76.477,512,318,78.6654,2.0245,116416,149,77,1455,164,63,1685,366924,6260
S1,1,128,1128,906,116288,False,False,20261005T104005Z_7611453d,76.7608,512,318,77.9223,1.015,116544,148,78,1455,164,64,1685,366924,6260
S1,1,128,1128,907,116416,False,False,20261005T104005Z_7611453d,76.8475,512,318,78.1886,1.2141,116672,139,77,1455,165,71,1693,366924,6260
S1,1,128,1128,908,116544,False,False,20261005T104005Z_7611453d,76.4201,512,318,77.5163,0.9938,116800,141,78,1462,164,64,1692,366924,6260
S1,1,128,1128,909,116672,False,False,20261005T104005Z_7611453d,76.8226,512,318,78.9563,1.9447,116928,143,77,1462,164,63,1692,366924,6260
S1,1,128,1128,910,116800,False,False,20261005T104005Z_7611453d,77.0979,512,318,78.7486,1.4991,117056,142,77,1462,165,63,1693,366924,6260
S1,1,128,1128,911,116928,False,False,20261005T104005Z_7611453d,77.3627,512,318,79.2611,1.7147,117184,141,78,1462,165,63,1692,366924,6260
S1,1,128,1128,912,117056,False,False,20261005T104005Z_7611453d,76.8411,512,318,79.0838,2.0419,117312,148,78,1454,165,71,1692,366924,6260
S1,1,128,1128,913,117184,False,False,20261005T104005Z_7611453d,76.6844,512,318,78.7894,1.9255,117440,145,77,1462,165,64,1693,366924,6260
S1,1,128,1128,914,117312,False,False,20261005T104005Z_7611453d,76.852,512,318,78.7598,1.7206,117568,140,77,1462,164,64,1693,366924,6260
S1,1,128,1128,915,117440,False,False,20261005T104005Z_7611453d,76.559,512,318,78.3467,1.5059,117696,138,77,1462,165,64,1693,366924,6260
S1,1,128,1128,916,117568,False,False,20261005T104005Z_7611453d,76.6219,512,318,78.4232,1.6428,117824,139,78,1455,165,71,1692,366924,6260
S1,1,128,1128,917,117696,False,False,20261005T104005Z_7611453d,76.4429,512,318,77.5661,1.0033,117952,147,77,1455,164,64,1686,366924,6260
S1,1,128,1128,918,117824,False,False,20261005T104005Z_7611453d,77.145,512,318,79.8328,2.4929,118080,147,78,1462,164,63,1692,366924,6260
S1,1,128,1128,919,117952,False,False,20261005T104005Z_7611453d,76.6763,512,318,78.2032,1.3802,118208,139,77,1462,165,63,1693,366924,6260
S1,1,128,1128,920,118080,False,False,20261005T104005Z_7611453d,76.6446,512,318,78.3271,1.5321,118336,142,77,1455,164,71,1693,366924,6260
S1,1,128,1128,921,118208,False,False,20261005T104005Z_7611453d,77.4225,512,318,79.5599,1.9643,118464,148,77,1462,165,63,1693,366924,6260
S1,1,128,1128,922,118336,False,False,20261005T104005Z_7611453d,76.6617,512,318,78.6277,1.6545,118592,141,78,1462,164,63,1692,366924,6260
S1,1,128,1128,923,118464,False,False,20261005T104005Z_7611453d,76.7991,512,318,78.683,1.7306,118720,141,77,1462,165,63,1693,366924,6260
S1,1,128,1128,924,118592,False,False,20261005T104005Z_7611453d,76.8457,512,318,78.7477,1.7573,118848,150,78,1462,165,63,1693,366924,6260
S1,1,128,1128,925,118720,False,False,20261005T104005Z_7611453d,76.8601,512,318,77.9524,0.903,118976,147,77,1462,164,64,1692,366924,6260
S1,1,128,1128,926,118848,False,False,20261005T104005Z_7611453d,76.8342,512,318,79.0112,2.0125,119104,140,78,1462,164,64,1692,366924,6260
S1,1,128,1128,927,118976,False,False,20261005T104005Z_7611453d,76.7523,512,318,78.5204,1.6093,119232,139,86,1455,165,64,1686,366924,6260
S1,1,128,1128,928,119104,False,False,20261005T104005Z_7611453d,76.4734,512,318,77.7318,1.141,119360,142,77,1462,164,64,1692,366924,6260
S1,1,128,1128,929,119232,False,False,20261005T104005Z_7611453d,76.4547,512,318,77.5507,0.9895,119488,144,77,1462,165,64,1693,366924,6260
S1,1,128,1128,930,119360,False,False,20261005T104005Z_7611453d,76.8727,512,318,78.3325,1.2993,119616,139,78,1454,172,63,1692,366924,6260
S1,1,128,1128,931,119488,False,False,20261005T104005Z_7611453d,76.5612,512,318,78.259,1.5568,119744,143,77,1462,165,64,1693,366924,6260
S1,1,128,1128,932,119616,False,False,20261005T104005Z_7611453d,77.1296,512,318,79.1039,1.7959,119872,141,78,1454,172,64,1692,366924,6260
S1,1,128,1128,933,119744,False,False,20261005T104005Z_7611453d,76.6558,512,318,78.1126,1.3351,120000,142,85,1455,164,64,1686,366924,6260
S1,1,128,1128,934,119872,False,False,20261005T104005Z_7611453d,77.3397,512,318,80.4704,2.6749,120128,140,77,1455,164,71,1693,366924,6260
S1,1,128,1128,935,120000,False,False,20261005T104005Z_7611453d,77.2862,512,318,79.68,2.2043,120256,143,78,1454,165,72,1692,366924,6260
S1,1,128,1128,936,120128,False,False,20261005T104005Z_7611453d,77.1547,512,318,79.53,2.1619,120384,141,78,1455,164,64,1685,366924,6260
S1,1,128,1128,937,120256,False,False,20261005T104005Z_7611453d,77.1415,512,318,79.4327,2.1048,120512,140,78,1454,172,64,1692,366924,6260
S1,1,128,1128,938,120384,False,False,20261005T104005Z_7611453d,76.6391,512,318,78.7481,1.9359,120640,141,77,1455,164,63,1685,366924,6260
S1,1,128,1128,939,120512,False,False,20261005T104005Z_7611453d,77.8681,512,318,80.1127,2.0464,120768,141,78,1454,164,64,1684,366924,6260
S1,1,128,1128,940,120640,False,False,20261005T104005Z_7611453d,77.0247,512,318,78.9542,1.7234,120896,139,77,1462,164,64,1692,366924,6260
S1,1,128,1128,941,120768,False,False,20261005T104005Z_7611453d,77.0962,512,318,79.5922,2.2565,121024,147,77,1462,164,64,1693,366924,6260
S1,1,128,1128,942,120896,False,False,20261005T104005Z_7611453d,76.3055,512,318,77.2537,0.853,121152,141,78,1462,165,63,1693,366924,6260
S1,1,128,1128,943,121024,False,False,20261005T104005Z_7611453d,76.4274,512,318,77.9295,1.3798,121280,140,77,1455,164,64,1685,366924,6260
S1,1,128,1128,944,121152,False,False,20261005T104005Z_7611453d,77.2411,512,318,80.2791,2.8423,121408,140,78,1455,172,64,1693,366924,6260
S1,1,128,1128,945,121280,False,False,20261005T104005Z_7611453d,76.797,512,318,78.5959,1.6337,121536,157,85,1455,165,63,1685,366924,6260
S1,1,128,1128,946,121408,False,False,20261005T104005Z_7611453d,76.7417,512,318,77.9347,1.0427,121664,140,85,1454,165,63,1685,366924,6260
S1,1,128,1128,947,121536,False,False,20261005T104005Z_7611453d,77.4194,512,318,80.0187,2.3693,121792,147,85,1454,165,63,1685,366924,6260
S1,1,128,1128,948,121664,False,False,20261005T104005Z_7611453d,77.4139,512,318,80.4983,2.841,121920,141,78,1462,165,63,1692,366924,6260
S1,1,128,1128,949,121792,False,False,20261005T104005Z_7611453d,76.848,512,318,78.116,1.0735,122048,140,78,1455,173,64,1693,366924,6260
S1,1,128,1128,950,121920,False,False,20261005T104005Z_7611453d,76.9724,512,318,78.2228,1.038,122176,142,77,1462,164,64,1692,366924,6260
S1,1,128,1128,951,122048,False,False,20261005T104005Z_7611453d,76.8667,512,318,79.0493,1.9857,122304,152,77,1462,165,63,1693,366924,6260
S1,1,128,1128,952,122176,False,False,20261005T104005Z_7611453d,76.6207,512,318,77.7005,0.96,122432,143,78,1454,165,64,1685,366924,6260
S1,1,128,1128,953,122304,False,False,20261005T104005Z_7611453d,76.7219,512,318,78.6592,1.7637,122560,143,78,1455,164,63,1685,366924,6260
S1,1,128,1128,954,122432,False,False,20261005T104005Z_7611453d,76.792,512,318,78.8337,1.8513,122688,138,78,1454,164,64,1684,366924,6260
S1,1,128,1128,955,122560,False,False,20261005T104005Z_7611453d,76.7377,512,318,77.767,0.9125,122816,140,77,1455,165,63,1685,366924,6260
S1,1,128,1128,956,122688,False,False,20261005T104005Z_7611453d,76.606,512,318,78.0607,1.3076,122944,137,86,1454,164,64,1684,366924,6260
S1,1,128,1128,957,122816,False,False,20261005T104005Z_7611453d,76.9231,512,318,80.1068,2.9547,123072,141,78,1454,172,64,1692,366924,6260
S1,1,128,1128,958,122944,False,False,20261005T104005Z_7611453d,76.3402,512,318,77.4212,0.9752,123200,142,78,1462,164,64,1692,366924,6260
S1,1,128,1128,959,123072,False,False,20261005T104005Z_7611453d,76.9724,512,318,79.2354,1.9297,123328,143,78,1454,172,64,1692,366924,6260
S1,1,128,1128,960,123200,False,False,20261005T104005Z_7611453d,77.1423,512,318,79.4762,2.124,123456,139,86,1455,165,63,1686,366924,6260
S1,1,128,1128,961,123328,False,False,20261005T104005Z_7611453d,76.8171,512,318,78.7069,1.7141,123584,142,78,1462,165,63,1693,366924,6260
S1,1,128,1128,962,123456,False,False,20261005T104005Z_7611453d,77.2626,512,318,80.1343,2.6541,123712,140,78,1462,164,64,1692,366924,6260
S1,1,128,1128,963,123584,False,False,20261005T104005Z_7611453d,76.8923,512,318,79.0521,1.9806,123840,150,77,1455,172,64,1693,366924,6260
S1,1,128,1128,964,123712,False,False,20261005T104005Z_7611453d,77.1367,512,318,79.7685,2.4388,123968,139,77,1462,164,64,1692,366924,6260
S1,1,128,1128,965,123840,False,False,20261005T104005Z_7611453d,76.9938,512,318,79.2567,1.9485,124096,147,78,1463,165,64,1693,366924,6260
S1,1,128,1128,966,123968,False,False,20261005T104005Z_7611453d,76.8519,512,318,79.5084,2.4501,124224,139,78,1455,173,64,1693,366924,6260
S1,1,128,1128,967,124096,False,False,20261005T104005Z_7611453d,78.7938,512,318,80.163,1.2336,124352,140,77,1455,164,64,1685,366924,6260
S1,1,128,1128,968,124224,False,False,20261005T104005Z_7611453d,76.6397,512,318,78.6497,1.776,124480,143,78,1462,164,63,1692,366924,6260
S1,1,128,1128,969,124352,False,False,20261005T104005Z_7611453d,76.6301,512,318,78.3814,1.6028,124608,141,77,1455,171,64,1692,366924,6260
S1,1,128,1128,970,124480,False,False,20261005T104005Z_7611453d,76.8067,512,318,79.0744,2.0828,124736,148,78,1454,165,64,1685,366924,6260
S1,1,128,1128,971,124608,False,False,20261005T104005Z_7611453d,76.665,512,318,78.6491,1.8169,124864,141,78,1455,172,63,1693,366924,6260
S1,1,128,1128,972,124736,False,False,20261005T104005Z_7611453d,76.8369,512,318,78.8319,1.7986,124992,147,77,1455,172,63,1693,366924,6260
S1,1,128,1128,973,124864,False,False,20261005T104005Z_7611453d,76.7359,512,318,78.9228,1.9897,125120,140,78,1455,173,63,1693,366924,6260
S1,1,128,1128,974,124992,False,False,20261005T104005Z_7611453d,76.7222,512,318,78.7128,1.7164,125248,143,78,1462,164,63,1692,366924,6260
S1,1,128,1128,975,125120,False,False,20261005T104005Z_7611453d,77.0269,512,318,79.4466,2.2074,125376,142,78,1462,165,63,1693,366924,6260
S1,1,128,1128,976,125248,False,False,20261005T104005Z_7611453d,77.1615,512,318,78.8673,1.3823,125504,140,78,1463,165,63,1693,366924,6260
S1,1,128,1128,977,125376,False,False,20261005T104005Z_7611453d,76.583,512,318,78.2307,1.4685,125632,141,78,1462,164,64,1693,366924,6260
S1,1,128,1128,978,125504,False,False,20261005T104005Z_7611453d,77.2416,512,318,80.056,2.5957,125760,150,85,1455,165,63,1685,366924,6260
S1,1,128,1128,979,125632,False,False,20261005T104005Z_7611453d,76.8091,512,318,79.8638,2.6825,125888,140,78,1454,172,64,1692,366924,6260
S1,1,128,1128,980,125760,False,False,20261005T104005Z_7611453d,77.1443,512,318,79.826,2.2624,126016,146,78,1462,165,63,1692,366924,6260
S1,1,128,1128,981,125888,False,False,20261005T104005Z_7611453d,76.7492,512,318,78.5865,1.6787,126144,143,78,1462,165,63,1693,366924,6260
S1,1,128,1128,982,126016,False,False,20261005T104005Z_7611453d,76.7598,512,318,79.7989,2.8416,126272,141,78,1462,165,64,1693,366924,6260
S1,1,128,1128,983,126144,False,False,20261005T104005Z_7611453d,76.4808,512,318,78.1497,1.5314,126400,140,77,1462,164,64,1693,366924,6260
S1,1,128,1128,984,126272,False,False,20261005T104005Z_7611453d,77.2106,512,318,79.8196,2.3921,126528,144,77,1455,164,63,1685,366924,6260
S1,1,128,1128,985,126400,False,False,20261005T104005Z_7611453d,77.1325,512,318,79.7062,2.3526,126656,140,78,1454,172,63,1692,366924,6260
S1,1,128,1128,986,126528,False,False,20261005T104005Z_7611453d,77.4699,512,318,80.0675,2.3732,126784,145,77,1455,171,64,1693,366924,6260
S1,1,128,1128,987,126656,False,False,20261005T104005Z_7611453d,77.3049,512,318,79.6252,2.1009,126912,143,85,1454,165,64,1685,366924,6260
S1,1,128,1128,988,126784,False,False,20261005T104005Z_7611453d,77.0989,512,318,79.8353,2.5212,127040,142,86,1455,164,64,1685,366924,6260
S1,1,128,1128,989,126912,False,False,20261005T104005Z_7611453d,76.3809,512,318,77.4815,1.0004,127168,148,78,1454,164,64,1685,366924,6260
S1,1,128,1128,990,127040,False,False,20261005T104005Z_7611453d,76.7209,512,318,78.4131,1.5522,127296,139,78,1462,165,63,1692,366924,6260
S1,1,128,1128,991,127168,False,False,20261005T104005Z_7611453d,76.9536,512,318,80.2134,3.0391,127424,142,77,1455,172,63,1693,366924,6260
S1,1,128,1128,992,127296,False,False,20261005T104005Z_7611453d,76.9374,512,318,78.8516,1.7372,127552,144,85,1455,164,63,1685,366924,6260
S1,1,128,1128,993,127424,False,False,20261005T104005Z_7611453d,77.069,512,318,79.8204,2.5458,127680,143,78,1455,164,63,1685,366924,6260
S1,1,128,1128,994,127552,False,False,20261005T104005Z_7611453d,76.5216,512,318,78.2149,1.4774,127808,140,78,1455,165,72,1693,366924,6260
S1,1,128,1128,995,127680,False,False,20261005T104005Z_7611453d,77.084,512,318,79.5725,2.2856,127936,141,78,1462,165,64,1692,366924,6260
S1,1,128,1128,996,127808,False,False,20261005T104005Z_7611453d,76.4672,512,318,78.2484,1.6244,128064,142,78,1462,164,63,1692,366924,6260
S1,1,128,1128,997,127936,False,False,20261005T104005Z_7611453d,76.7388,512,318,78.6532,1.7443,128192,142,77,1455,164,63,1685,366924,6260
S1,1,128,1128,998,128064,False,False,20261005T104005Z_7611453d,77.4208,512,318,80.3332,2.4012,128320,140,85,1455,165,63,1685,366924,6260
S1,1,128,1128,999,128192,False,False,20261005T104005Z_7611453d,76.9789,512,318,79.3463,2.1518,128448,139,78,1462,164,64,1692,366924,6260
S1,1,128,1128,1000,128320,False,False,20261005T104005Z_7611453d,77.4651,512,318,80.1496,2.4678,128576,139,78,1454,172,64,1692,366924,6260
S1,1,128,1128,1001,128448,False,False,20261005T104005Z_7611453d,76.8366,512,318,79.4703,2.4327,128704,150,77,1462,165,63,1693,366924,6260
S1,1,128,1128,1002,128576,False,False,20261005T104005Z_7611453d,77.0252,512,318,79.2152,1.9619,128832,140,78,1462,164,63,1692,366924,6260
S1,1,128,1128,1003,128704,False,False,20261005T104005Z_7611453d,76.9456,512,318,79.0999,1.9731,128960,140,77,1455,164,64,1686,366924,6260
S1,1,128,1128,1004,128832,False,False,20261005T104005Z_7611453d,76.6263,512,318,78.161,1.3783,129088,139,77,1462,165,64,1692,366924,6260
S1,1,128,1128,1005,128960,False,False,20261005T104005Z_7611453d,76.7849,512,318,79.6362,2.3857,129216,149,78,1462,164,64,1692,366924,6260
S1,1,128,1128,1006,129088,False,False,20261005T104005Z_7611453d,76.7525,512,318,79.0268,2.11,129344,139,78,1462,164,64,1693,366924,6260
S1,1,128,1128,1007,129216,False,False,20261005T104005Z_7611453d,77.0234,512,318,79.1245,1.8469,129472,138,78,1455,165,63,1685,366924,6260
S1,1,128,1128,1008,129344,False,False,20261005T104005Z_7611453d,76.9805,512,318,78.7632,1.6243,129600,143,77,1462,164,64,1692,366924,6260
S1,1,128,1128,1009,129472,False,False,20261005T104005Z_7611453d,76.559,512,318,77.6841,0.9626,129728,139,78,1462,165,63,1692,366924,6260
S1,1,128,1128,1010,129600,False,False,20261005T104005Z_7611453d,77.236,512,318,79.9077,2.4672,129856,139,78,1462,164,63,1692,366924,6260
S1,1,128,1128,1011,129728,False,False,20261005T104005Z_7611453d,76.5717,512,318,77.9693,1.2674,129984,144,78,1462,164,64,1692,366924,6260
S1,1,128,1128,1012,129856,False,False,20261005T104005Z_7611453d,76.6745,512,318,78.1849,1.3798,130112,141,78,1455,164,64,1685,366924,6260
S1,1,128,1128,1013,129984,False,False,20261005T104005Z_7611453d,77.1035,512,318,79.2573,1.9787,130240,141,77,1455,172,63,1693,366924,6260
S1,1,128,1128,1014,130112,False,False,20261005T104005Z_7611453d,77.0292,512,318,79.324,2.0988,130368,141,77,1455,164,63,1685,366924,6260
S1,1,128,1128,1015,130240,False,False,20261005T104005Z_7611453d,77.2251,512,318,79.8458,2.1769,130496,143,78,1463,165,63,1693,366924,6260
S1,1,128,1128,1016,130368,False,False,20261005T104005Z_7611453d,76.9559,512,318,78.6175,1.4619,130624,140,78,1462,165,63,1693,366924,6260
S1,1,128,1128,1017,130496,False,False,20261005T104005Z_7611453d,76.3725,512,318,77.6312,1.1341,130752,142,78,1462,165,64,1693,366924,6260
S1,1,128,1128,1018,130624,False,False,20261005T104005Z_7611453d,76.662,512,318,78.2383,1.4247,130880,137,78,1462,164,63,1692,366924,6260
S1,1,128,1128,1019,130752,False,False,20261005T104005Z_7611453d,76.5583,512,318,78.4213,1.6764,131008,141,78,1454,165,64,1685,366924,6260
S1,1,128,1128,1020,130880,False,False,20261005T104005Z_7611453d,76.6098,512,318,78.5349,1.762,131136,141,78,1462,165,64,1693,366924,6260
S1,1,128,1128,1021,131008,False,False,20261005T104005Z_7611453d,76.4326,512,318,77.6888,1.1288,131264,143,77,1462,164,64,1692,366924,6260
S1,1,128,1128,1022,131136,False,False,20261005T104005Z_7611453d,76.2729,512,318,77.3437,0.952,131392,138,78,1454,172,63,1692,366924,6260
S1,1,128,1128,1023,131264,False,False,20261005T104005Z_7611453d,77.0021,512,318,79.977,2.7496,131520,140,85,1454,164,64,1685,366924,6260
S1,1,128,1128,1024,131392,False,False,20261005T104005Z_7611453d,77.1334,512,318,79.6377,2.2463,131648,148,78,1455,172,63,1693,366924,6260
S1,1,128,1128,1025,131520,False,False,20261005T104005Z_7611453d,77.29,512,318,80.3787,2.8636,131776,145,78,1454,165,72,1692,366924,6260
S1,1,128,1128,1026,131648,False,False,20261005T104005Z_7611453d,77.0092,512,318,79.3626,2.1054,131904,142,77,1455,164,64,1685,366924,6260
S1,1,128,1128,1027,131776,False,False,20261005T104005Z_7611453d,77.3735,512,318,79.7488,2.1818,132032,142,77,1462,164,64,1693,366924,6260
S1,1,128,1128,1028,131904,False,False,20261005T104005Z_7611453d,76.805,512,318,79.2231,2.1958,132160,141,77,1462,165,64,1693,366924,6260
S1,1,128,1128,1029,132032,False,False,20261005T104005Z_7611453d,77.0317,512,318,79.9902,2.745,132288,147,78,1454,172,63,1692,366924,6260
S1,1,128,1128,1030,132160,False,False,20261005T104005Z_7611453d,76.7215,512,318,78.4681,1.5577,132416,141,78,1462,164,63,1692,366924,6260
S1,1,128,1128,1031,132288,False,False,20261005T104005Z_7611453d,75.8335,512,318,77.3237,1.2979,132544,139,78,1454,172,63,1692,366924,6260
