stage,status,exact_equal,python_crc,device_crc,input_hex,device_echo_hex,detail,subject,fold,M,config_id,frame_index,raw_start_sample,trace,warmup,measurement_session_id,host_raw_chunk_to_packet_ms,host_raw_chunk_bytes,host_response_bytes,host_raw_chunk_to_lite_ms,host_lite_decoder_ms,max_abs_error,rmse,max_lsb_diff
CRC common byte vector,PASS,True,3421780262.0,3421780262.0,313233343536373839,313233343536373839,Same-byte CRC-32/ISO-HDLC challenge; echoed bytes must match,,,,,,,,,,,,,,,,,
CRC common byte vector,PASS,True,269405836.0,269405836.0,000102030405060708090a0b0c0d0e0f101112131415161718191a1b1c1d1e1f202122232425262728292a2b2c2d2e2f303132333435363738393a3b3c3d3e3f,000102030405060708090a0b0c0d0e0f101112131415161718191a1b1c1d1e1f202122232425262728292a2b2c2d2e2f303132333435363738393a3b3c3d3e3f,Same-byte CRC-32/ISO-HDLC challenge; echoed bytes must match,,,,,,,,,,,,,,,,,
unknown config_id rejection,PASS,True,,,,,Expected=REJECT; Actual=REJECT,,,,,,,,,,,,,,,,,
raw input identity,PASS,True,,,,,Full array equals original wrist/BVP; sample 0 and transient retained,,,,,,,,,,,,,,,,,
raw input identity,PASS,True,,,,,Full array equals original wrist/BVP; sample 0 and transient retained,,,,,,,,,,,,,,,,,
raw input identity,PASS,True,,,,,Full array equals original wrist/BVP; sample 0 and transient retained,,,,,,,,,,,,,,,,,
raw input identity,PASS,True,,,,,Full array equals original wrist/BVP; sample 0 and transient retained,,,,,,,,,,,,,,,,,
raw input identity,PASS,True,,,,,Full array equals original wrist/BVP; sample 0 and transient retained,,,,,,,,,,,,,,,,,
filtered,PASS,True,,,,,Float32 tolerance atol=rtol=1e-4,S1,1.0,51.0,1051.0,0.0,320.0,True,False,20261005T104005Z_7611453d,413.1715,2304.0,2416.0,415.4618,2.061,0.0,0.0,
normalized,PASS,True,,,,,Float32 tolerance atol=rtol=1e-4,S1,1.0,51.0,1051.0,0.0,320.0,True,False,20261005T104005Z_7611453d,413.1715,2304.0,2416.0,415.4618,2.061,0.0,0.0,
y,PASS,False,,,,,Float32 tolerance atol=rtol=1e-4,S1,1.0,51.0,1051.0,0.0,320.0,True,False,20261005T104005Z_7611453d,413.1715,2304.0,2416.0,415.4618,2.061,2.86102294921875e-06,8.514565598464278e-07,
scale,PASS,False,,,,,Float32 tolerance atol=rtol=1e-4,S1,1.0,51.0,1051.0,0.0,320.0,True,False,20261005T104005Z_7611453d,413.1715,2304.0,2416.0,415.4618,2.061,8.731149137020111e-11,8.731149137020111e-11,
q_int16,PASS,True,,,,,Bit-exact INT16,S1,1.0,51.0,1051.0,0.0,320.0,True,False,20261005T104005Z_7611453d,413.1715,2304.0,2416.0,415.4618,2.061,0.0,0.0,0.0
payload bytes,PASS,True,,,,,Byte comparison,S1,1.0,51.0,1051.0,0.0,320.0,True,False,20261005T104005Z_7611453d,413.1715,2304.0,2416.0,415.4618,2.061,,,
packet bytes,FAIL,False,,,,,Byte comparison,S1,1.0,51.0,1051.0,0.0,320.0,True,False,20261005T104005Z_7611453d,413.1715,2304.0,2416.0,415.4618,2.061,,,
CRC validity,PASS,,,,,,CRC recalculated independently on each header[0:12]+payload,S1,1.0,51.0,1051.0,0.0,320.0,True,False,20261005T104005Z_7611453d,413.1715,2304.0,2416.0,415.4618,2.061,,,
packet size,PASS,True,,,,,Byte comparison,S1,1.0,51.0,1051.0,0.0,320.0,True,False,20261005T104005Z_7611453d,413.1715,2304.0,2416.0,415.4618,2.061,,,
filtered,PASS,True,,,,,Float32 tolerance atol=rtol=1e-4,S1,1.0,51.0,1051.0,1.0,448.0,True,False,20261005T104005Z_7611453d,258.2252,512.0,2416.0,260.731,2.284,0.0,0.0,
normalized,PASS,True,,,,,Float32 tolerance atol=rtol=1e-4,S1,1.0,51.0,1051.0,1.0,448.0,True,False,20261005T104005Z_7611453d,258.2252,512.0,2416.0,260.731,2.284,0.0,0.0,
y,PASS,False,,,,,Float32 tolerance atol=rtol=1e-4,S1,1.0,51.0,1051.0,1.0,448.0,True,False,20261005T104005Z_7611453d,258.2252,512.0,2416.0,260.731,2.284,1.1920928955078125e-06,4.4388524435994193e-07,
scale,PASS,False,,,,,Float32 tolerance atol=rtol=1e-4,S1,1.0,51.0,1051.0,1.0,448.0,True,False,20261005T104005Z_7611453d,258.2252,512.0,2416.0,260.731,2.284,2.9103830456733704e-11,2.9103830456733704e-11,
q_int16,PASS,True,,,,,Bit-exact INT16,S1,1.0,51.0,1051.0,1.0,448.0,True,False,20261005T104005Z_7611453d,258.2252,512.0,2416.0,260.731,2.284,0.0,0.0,0.0
payload bytes,PASS,True,,,,,Byte comparison,S1,1.0,51.0,1051.0,1.0,448.0,True,False,20261005T104005Z_7611453d,258.2252,512.0,2416.0,260.731,2.284,,,
packet bytes,FAIL,False,,,,,Byte comparison,S1,1.0,51.0,1051.0,1.0,448.0,True,False,20261005T104005Z_7611453d,258.2252,512.0,2416.0,260.731,2.284,,,
CRC validity,PASS,,,,,,CRC recalculated independently on each header[0:12]+payload,S1,1.0,51.0,1051.0,1.0,448.0,True,False,20261005T104005Z_7611453d,258.2252,512.0,2416.0,260.731,2.284,,,
packet size,PASS,True,,,,,Byte comparison,S1,1.0,51.0,1051.0,1.0,448.0,True,False,20261005T104005Z_7611453d,258.2252,512.0,2416.0,260.731,2.284,,,
filtered,PASS,True,,,,,Float32 tolerance atol=rtol=1e-4,S1,1.0,51.0,1051.0,2.0,576.0,True,False,20261005T104005Z_7611453d,257.9345,512.0,2416.0,259.0867,1.0364,0.0,0.0,
normalized,PASS,True,,,,,Float32 tolerance atol=rtol=1e-4,S1,1.0,51.0,1051.0,2.0,576.0,True,False,20261005T104005Z_7611453d,257.9345,512.0,2416.0,259.0867,1.0364,0.0,0.0,
y,PASS,False,,,,,Float32 tolerance atol=rtol=1e-4,S1,1.0,51.0,1051.0,2.0,576.0,True,False,20261005T104005Z_7611453d,257.9345,512.0,2416.0,259.0867,1.0364,1.1920928955078125e-06,3.506835739753864e-07,
scale,PASS,False,,,,,Float32 tolerance atol=rtol=1e-4,S1,1.0,51.0,1051.0,2.0,576.0,True,False,20261005T104005Z_7611453d,257.9345,512.0,2416.0,259.0867,1.0364,3.637978807091713e-11,3.637978807091713e-11,
q_int16,PASS,True,,,,,Bit-exact INT16,S1,1.0,51.0,1051.0,2.0,576.0,True,False,20261005T104005Z_7611453d,257.9345,512.0,2416.0,259.0867,1.0364,0.0,0.0,0.0
payload bytes,PASS,True,,,,,Byte comparison,S1,1.0,51.0,1051.0,2.0,576.0,True,False,20261005T104005Z_7611453d,257.9345,512.0,2416.0,259.0867,1.0364,,,
packet bytes,FAIL,False,,,,,Byte comparison,S1,1.0,51.0,1051.0,2.0,576.0,True,False,20261005T104005Z_7611453d,257.9345,512.0,2416.0,259.0867,1.0364,,,
CRC validity,PASS,,,,,,CRC recalculated independently on each header[0:12]+payload,S1,1.0,51.0,1051.0,2.0,576.0,True,False,20261005T104005Z_7611453d,257.9345,512.0,2416.0,259.0867,1.0364,,,
packet size,PASS,True,,,,,Byte comparison,S1,1.0,51.0,1051.0,2.0,576.0,True,False,20261005T104005Z_7611453d,257.9345,512.0,2416.0,259.0867,1.0364,,,
filtered,PASS,True,,,,,Float32 tolerance atol=rtol=1e-4,S1,1.0,51.0,1051.0,3.0,704.0,True,False,20261005T104005Z_7611453d,257.7442,512.0,2416.0,260.2695,2.333,0.0,0.0,
normalized,PASS,True,,,,,Float32 tolerance atol=rtol=1e-4,S1,1.0,51.0,1051.0,3.0,704.0,True,False,20261005T104005Z_7611453d,257.7442,512.0,2416.0,260.2695,2.333,0.0,0.0,
y,PASS,False,,,,,Float32 tolerance atol=rtol=1e-4,S1,1.0,51.0,1051.0,3.0,704.0,True,False,20261005T104005Z_7611453d,257.7442,512.0,2416.0,260.2695,2.333,1.7881393432617188e-06,4.124813476793174e-07,
scale,PASS,True,,,,,Float32 tolerance atol=rtol=1e-4,S1,1.0,51.0,1051.0,3.0,704.0,True,False,20261005T104005Z_7611453d,257.7442,512.0,2416.0,260.2695,2.333,0.0,0.0,
q_int16,PASS,True,,,,,Bit-exact INT16,S1,1.0,51.0,1051.0,3.0,704.0,True,False,20261005T104005Z_7611453d,257.7442,512.0,2416.0,260.2695,2.333,0.0,0.0,0.0
payload bytes,PASS,True,,,,,Byte comparison,S1,1.0,51.0,1051.0,3.0,704.0,True,False,20261005T104005Z_7611453d,257.7442,512.0,2416.0,260.2695,2.333,,,
packet bytes,PASS,True,,,,,Byte comparison,S1,1.0,51.0,1051.0,3.0,704.0,True,False,20261005T104005Z_7611453d,257.7442,512.0,2416.0,260.2695,2.333,,,
CRC validity,PASS,,,,,,CRC recalculated independently on each header[0:12]+payload,S1,1.0,51.0,1051.0,3.0,704.0,True,False,20261005T104005Z_7611453d,257.7442,512.0,2416.0,260.2695,2.333,,,
packet size,PASS,True,,,,,Byte comparison,S1,1.0,51.0,1051.0,3.0,704.0,True,False,20261005T104005Z_7611453d,257.7442,512.0,2416.0,260.2695,2.333,,,
filtered,PASS,True,,,,,Float32 tolerance atol=rtol=1e-4,S1,1.0,51.0,1051.0,4.0,832.0,True,False,20261005T104005Z_7611453d,257.9215,512.0,2416.0,260.0364,1.9037,0.0,0.0,
normalized,PASS,True,,,,,Float32 tolerance atol=rtol=1e-4,S1,1.0,51.0,1051.0,4.0,832.0,True,False,20261005T104005Z_7611453d,257.9215,512.0,2416.0,260.0364,1.9037,0.0,0.0,
y,PASS,False,,,,,Float32 tolerance atol=rtol=1e-4,S1,1.0,51.0,1051.0,4.0,832.0,True,False,20261005T104005Z_7611453d,257.9215,512.0,2416.0,260.0364,1.9037,3.337860107421875e-06,6.45552894116538e-07,
scale,PASS,False,,,,,Float32 tolerance atol=rtol=1e-4,S1,1.0,51.0,1051.0,4.0,832.0,True,False,20261005T104005Z_7611453d,257.9215,512.0,2416.0,260.0364,1.9037,1.0186340659856796e-10,1.0186340659856796e-10,
q_int16,PASS,True,,,,,Bit-exact INT16,S1,1.0,51.0,1051.0,4.0,832.0,True,False,20261005T104005Z_7611453d,257.9215,512.0,2416.0,260.0364,1.9037,0.0,0.0,0.0
payload bytes,PASS,True,,,,,Byte comparison,S1,1.0,51.0,1051.0,4.0,832.0,True,False,20261005T104005Z_7611453d,257.9215,512.0,2416.0,260.0364,1.9037,,,
packet bytes,FAIL,False,,,,,Byte comparison,S1,1.0,51.0,1051.0,4.0,832.0,True,False,20261005T104005Z_7611453d,257.9215,512.0,2416.0,260.0364,1.9037,,,
CRC validity,PASS,,,,,,CRC recalculated independently on each header[0:12]+payload,S1,1.0,51.0,1051.0,4.0,832.0,True,False,20261005T104005Z_7611453d,257.9215,512.0,2416.0,260.0364,1.9037,,,
packet size,PASS,True,,,,,Byte comparison,S1,1.0,51.0,1051.0,4.0,832.0,True,False,20261005T104005Z_7611453d,257.9215,512.0,2416.0,260.0364,1.9037,,,
filtered,PASS,True,,,,,Float32 tolerance atol=rtol=1e-4,S1,1.0,51.0,1051.0,5.0,960.0,True,False,20261005T104005Z_7611453d,258.1789,512.0,2416.0,261.2903,2.8882,0.0,0.0,
normalized,PASS,True,,,,,Float32 tolerance atol=rtol=1e-4,S1,1.0,51.0,1051.0,5.0,960.0,True,False,20261005T104005Z_7611453d,258.1789,512.0,2416.0,261.2903,2.8882,0.0,0.0,
y,PASS,False,,,,,Float32 tolerance atol=rtol=1e-4,S1,1.0,51.0,1051.0,5.0,960.0,True,False,20261005T104005Z_7611453d,258.1789,512.0,2416.0,261.2903,2.8882,1.6689300537109375e-06,5.876631120437997e-07,
scale,PASS,False,,,,,Float32 tolerance atol=rtol=1e-4,S1,1.0,51.0,1051.0,5.0,960.0,True,False,20261005T104005Z_7611453d,258.1789,512.0,2416.0,261.2903,2.8882,1.4551915228366852e-11,1.4551915228366852e-11,
q_int16,PASS,True,,,,,Bit-exact INT16,S1,1.0,51.0,1051.0,5.0,960.0,True,False,20261005T104005Z_7611453d,258.1789,512.0,2416.0,261.2903,2.8882,0.0,0.0,0.0
payload bytes,PASS,True,,,,,Byte comparison,S1,1.0,51.0,1051.0,5.0,960.0,True,False,20261005T104005Z_7611453d,258.1789,512.0,2416.0,261.2903,2.8882,,,
packet bytes,FAIL,False,,,,,Byte comparison,S1,1.0,51.0,1051.0,5.0,960.0,True,False,20261005T104005Z_7611453d,258.1789,512.0,2416.0,261.2903,2.8882,,,
CRC validity,PASS,,,,,,CRC recalculated independently on each header[0:12]+payload,S1,1.0,51.0,1051.0,5.0,960.0,True,False,20261005T104005Z_7611453d,258.1789,512.0,2416.0,261.2903,2.8882,,,
packet size,PASS,True,,,,,Byte comparison,S1,1.0,51.0,1051.0,5.0,960.0,True,False,20261005T104005Z_7611453d,258.1789,512.0,2416.0,261.2903,2.8882,,,
filtered,PASS,True,,,,,Float32 tolerance atol=rtol=1e-4,S1,1.0,51.0,1051.0,6.0,1088.0,True,False,20261005T104005Z_7611453d,257.8649,512.0,2416.0,259.7907,1.7502,0.0,0.0,
normalized,PASS,True,,,,,Float32 tolerance atol=rtol=1e-4,S1,1.0,51.0,1051.0,6.0,1088.0,True,False,20261005T104005Z_7611453d,257.8649,512.0,2416.0,259.7907,1.7502,0.0,0.0,
y,PASS,False,,,,,Float32 tolerance atol=rtol=1e-4,S1,1.0,51.0,1051.0,6.0,1088.0,True,False,20261005T104005Z_7611453d,257.8649,512.0,2416.0,259.7907,1.7502,1.9073486328125e-06,5.855436450154906e-07,
scale,PASS,False,,,,,Float32 tolerance atol=rtol=1e-4,S1,1.0,51.0,1051.0,6.0,1088.0,True,False,20261005T104005Z_7611453d,257.8649,512.0,2416.0,259.7907,1.7502,4.3655745685100555e-11,4.3655745685100555e-11,
q_int16,PASS,True,,,,,Bit-exact INT16,S1,1.0,51.0,1051.0,6.0,1088.0,True,False,20261005T104005Z_7611453d,257.8649,512.0,2416.0,259.7907,1.7502,0.0,0.0,0.0
payload bytes,PASS,True,,,,,Byte comparison,S1,1.0,51.0,1051.0,6.0,1088.0,True,False,20261005T104005Z_7611453d,257.8649,512.0,2416.0,259.7907,1.7502,,,
packet bytes,FAIL,False,,,,,Byte comparison,S1,1.0,51.0,1051.0,6.0,1088.0,True,False,20261005T104005Z_7611453d,257.8649,512.0,2416.0,259.7907,1.7502,,,
CRC validity,PASS,,,,,,CRC recalculated independently on each header[0:12]+payload,S1,1.0,51.0,1051.0,6.0,1088.0,True,False,20261005T104005Z_7611453d,257.8649,512.0,2416.0,259.7907,1.7502,,,
packet size,PASS,True,,,,,Byte comparison,S1,1.0,51.0,1051.0,6.0,1088.0,True,False,20261005T104005Z_7611453d,257.8649,512.0,2416.0,259.7907,1.7502,,,
filtered,PASS,True,,,,,Float32 tolerance atol=rtol=1e-4,S1,1.0,51.0,1051.0,7.0,1216.0,True,False,20261005T104005Z_7611453d,258.0931,512.0,2416.0,259.621,1.4008,0.0,0.0,
normalized,PASS,True,,,,,Float32 tolerance atol=rtol=1e-4,S1,1.0,51.0,1051.0,7.0,1216.0,True,False,20261005T104005Z_7611453d,258.0931,512.0,2416.0,259.621,1.4008,0.0,0.0,
y,PASS,False,,,,,Float32 tolerance atol=rtol=1e-4,S1,1.0,51.0,1051.0,7.0,1216.0,True,False,20261005T104005Z_7611453d,258.0931,512.0,2416.0,259.621,1.4008,1.6689300537109375e-06,6.161826320715017e-07,
scale,PASS,False,,,,,Float32 tolerance atol=rtol=1e-4,S1,1.0,51.0,1051.0,7.0,1216.0,True,False,20261005T104005Z_7611453d,258.0931,512.0,2416.0,259.621,1.4008,2.9103830456733704e-11,2.9103830456733704e-11,
q_int16,WITHIN_1_LSB,False,,,,,Numerical agreement within 1 LSB,S1,1.0,51.0,1051.0,7.0,1216.0,True,False,20261005T104005Z_7611453d,258.0931,512.0,2416.0,259.621,1.4008,1.0,0.14002800840280097,1.0
payload bytes,FAIL,False,,,,,Byte comparison,S1,1.0,51.0,1051.0,7.0,1216.0,True,False,20261005T104005Z_7611453d,258.0931,512.0,2416.0,259.621,1.4008,,,
packet bytes,FAIL,False,,,,,Byte comparison,S1,1.0,51.0,1051.0,7.0,1216.0,True,False,20261005T104005Z_7611453d,258.0931,512.0,2416.0,259.621,1.4008,,,
CRC validity,PASS,,,,,,CRC recalculated independently on each header[0:12]+payload,S1,1.0,51.0,1051.0,7.0,1216.0,True,False,20261005T104005Z_7611453d,258.0931,512.0,2416.0,259.621,1.4008,,,
packet size,PASS,True,,,,,Byte comparison,S1,1.0,51.0,1051.0,7.0,1216.0,True,False,20261005T104005Z_7611453d,258.0931,512.0,2416.0,259.621,1.4008,,,
filtered,PASS,True,,,,,Float32 tolerance atol=rtol=1e-4,S1,1.0,77.0,1077.0,0.0,320.0,True,False,20261005T104005Z_7611453d,426.919,2304.0,2572.0,428.7553,1.6659,0.0,0.0,
normalized,PASS,True,,,,,Float32 tolerance atol=rtol=1e-4,S1,1.0,77.0,1077.0,0.0,320.0,True,False,20261005T104005Z_7611453d,426.919,2304.0,2572.0,428.7553,1.6659,0.0,0.0,
y,PASS,False,,,,,Float32 tolerance atol=rtol=1e-4,S1,1.0,77.0,1077.0,0.0,320.0,True,False,20261005T104005Z_7611453d,426.919,2304.0,2572.0,428.7553,1.6659,2.7418136596679688e-06,5.840655109538298e-07,
scale,PASS,False,,,,,Float32 tolerance atol=rtol=1e-4,S1,1.0,77.0,1077.0,0.0,320.0,True,False,20261005T104005Z_7611453d,426.919,2304.0,2572.0,428.7553,1.6659,7.275957614183426e-12,7.275957614183426e-12,
q_int16,PASS,True,,,,,Bit-exact INT16,S1,1.0,77.0,1077.0,0.0,320.0,True,False,20261005T104005Z_7611453d,426.919,2304.0,2572.0,428.7553,1.6659,0.0,0.0,0.0
payload bytes,PASS,True,,,,,Byte comparison,S1,1.0,77.0,1077.0,0.0,320.0,True,False,20261005T104005Z_7611453d,426.919,2304.0,2572.0,428.7553,1.6659,,,
packet bytes,FAIL,False,,,,,Byte comparison,S1,1.0,77.0,1077.0,0.0,320.0,True,False,20261005T104005Z_7611453d,426.919,2304.0,2572.0,428.7553,1.6659,,,
CRC validity,PASS,,,,,,CRC recalculated independently on each header[0:12]+payload,S1,1.0,77.0,1077.0,0.0,320.0,True,False,20261005T104005Z_7611453d,426.919,2304.0,2572.0,428.7553,1.6659,,,
packet size,PASS,True,,,,,Byte comparison,S1,1.0,77.0,1077.0,0.0,320.0,True,False,20261005T104005Z_7611453d,426.919,2304.0,2572.0,428.7553,1.6659,,,
filtered,PASS,True,,,,,Float32 tolerance atol=rtol=1e-4,S1,1.0,77.0,1077.0,1.0,448.0,True,False,20261005T104005Z_7611453d,271.4941,512.0,2572.0,272.4818,0.8561,0.0,0.0,
normalized,PASS,True,,,,,Float32 tolerance atol=rtol=1e-4,S1,1.0,77.0,1077.0,1.0,448.0,True,False,20261005T104005Z_7611453d,271.4941,512.0,2572.0,272.4818,0.8561,0.0,0.0,
y,PASS,False,,,,,Float32 tolerance atol=rtol=1e-4,S1,1.0,77.0,1077.0,1.0,448.0,True,False,20261005T104005Z_7611453d,271.4941,512.0,2572.0,272.4818,0.8561,1.1920928955078125e-06,3.6119252028934646e-07,
scale,PASS,False,,,,,Float32 tolerance atol=rtol=1e-4,S1,1.0,77.0,1077.0,1.0,448.0,True,False,20261005T104005Z_7611453d,271.4941,512.0,2572.0,272.4818,0.8561,7.275957614183426e-12,7.275957614183426e-12,
q_int16,PASS,True,,,,,Bit-exact INT16,S1,1.0,77.0,1077.0,1.0,448.0,True,False,20261005T104005Z_7611453d,271.4941,512.0,2572.0,272.4818,0.8561,0.0,0.0,0.0
payload bytes,PASS,True,,,,,Byte comparison,S1,1.0,77.0,1077.0,1.0,448.0,True,False,20261005T104005Z_7611453d,271.4941,512.0,2572.0,272.4818,0.8561,,,
packet bytes,FAIL,False,,,,,Byte comparison,S1,1.0,77.0,1077.0,1.0,448.0,True,False,20261005T104005Z_7611453d,271.4941,512.0,2572.0,272.4818,0.8561,,,
CRC validity,PASS,,,,,,CRC recalculated independently on each header[0:12]+payload,S1,1.0,77.0,1077.0,1.0,448.0,True,False,20261005T104005Z_7611453d,271.4941,512.0,2572.0,272.4818,0.8561,,,
packet size,PASS,True,,,,,Byte comparison,S1,1.0,77.0,1077.0,1.0,448.0,True,False,20261005T104005Z_7611453d,271.4941,512.0,2572.0,272.4818,0.8561,,,
filtered,PASS,True,,,,,Float32 tolerance atol=rtol=1e-4,S1,1.0,77.0,1077.0,2.0,576.0,True,False,20261005T104005Z_7611453d,271.3207,512.0,2572.0,272.617,1.1756,0.0,0.0,
normalized,PASS,True,,,,,Float32 tolerance atol=rtol=1e-4,S1,1.0,77.0,1077.0,2.0,576.0,True,False,20261005T104005Z_7611453d,271.3207,512.0,2572.0,272.617,1.1756,0.0,0.0,
y,PASS,False,,,,,Float32 tolerance atol=rtol=1e-4,S1,1.0,77.0,1077.0,2.0,576.0,True,False,20261005T104005Z_7611453d,271.3207,512.0,2572.0,272.617,1.1756,1.1920928955078125e-06,3.1167089575763323e-07,
scale,PASS,False,,,,,Float32 tolerance atol=rtol=1e-4,S1,1.0,77.0,1077.0,2.0,576.0,True,False,20261005T104005Z_7611453d,271.3207,512.0,2572.0,272.617,1.1756,3.637978807091713e-11,3.637978807091713e-11,
q_int16,PASS,True,,,,,Bit-exact INT16,S1,1.0,77.0,1077.0,2.0,576.0,True,False,20261005T104005Z_7611453d,271.3207,512.0,2572.0,272.617,1.1756,0.0,0.0,0.0
payload bytes,PASS,True,,,,,Byte comparison,S1,1.0,77.0,1077.0,2.0,576.0,True,False,20261005T104005Z_7611453d,271.3207,512.0,2572.0,272.617,1.1756,,,
packet bytes,FAIL,False,,,,,Byte comparison,S1,1.0,77.0,1077.0,2.0,576.0,True,False,20261005T104005Z_7611453d,271.3207,512.0,2572.0,272.617,1.1756,,,
CRC validity,PASS,,,,,,CRC recalculated independently on each header[0:12]+payload,S1,1.0,77.0,1077.0,2.0,576.0,True,False,20261005T104005Z_7611453d,271.3207,512.0,2572.0,272.617,1.1756,,,
packet size,PASS,True,,,,,Byte comparison,S1,1.0,77.0,1077.0,2.0,576.0,True,False,20261005T104005Z_7611453d,271.3207,512.0,2572.0,272.617,1.1756,,,
filtered,PASS,True,,,,,Float32 tolerance atol=rtol=1e-4,S1,1.0,77.0,1077.0,3.0,704.0,True,False,20261005T104005Z_7611453d,271.8871,512.0,2572.0,274.6723,2.5609,0.0,0.0,
normalized,PASS,True,,,,,Float32 tolerance atol=rtol=1e-4,S1,1.0,77.0,1077.0,3.0,704.0,True,False,20261005T104005Z_7611453d,271.8871,512.0,2572.0,274.6723,2.5609,0.0,0.0,
y,PASS,False,,,,,Float32 tolerance atol=rtol=1e-4,S1,1.0,77.0,1077.0,3.0,704.0,True,False,20261005T104005Z_7611453d,271.8871,512.0,2572.0,274.6723,2.5609,1.6689300537109375e-06,3.486848666233402e-07,
scale,PASS,False,,,,,Float32 tolerance atol=rtol=1e-4,S1,1.0,77.0,1077.0,3.0,704.0,True,False,20261005T104005Z_7611453d,271.8871,512.0,2572.0,274.6723,2.5609,7.275957614183426e-12,7.275957614183426e-12,
q_int16,PASS,True,,,,,Bit-exact INT16,S1,1.0,77.0,1077.0,3.0,704.0,True,False,20261005T104005Z_7611453d,271.8871,512.0,2572.0,274.6723,2.5609,0.0,0.0,0.0
payload bytes,PASS,True,,,,,Byte comparison,S1,1.0,77.0,1077.0,3.0,704.0,True,False,20261005T104005Z_7611453d,271.8871,512.0,2572.0,274.6723,2.5609,,,
packet bytes,FAIL,False,,,,,Byte comparison,S1,1.0,77.0,1077.0,3.0,704.0,True,False,20261005T104005Z_7611453d,271.8871,512.0,2572.0,274.6723,2.5609,,,
CRC validity,PASS,,,,,,CRC recalculated independently on each header[0:12]+payload,S1,1.0,77.0,1077.0,3.0,704.0,True,False,20261005T104005Z_7611453d,271.8871,512.0,2572.0,274.6723,2.5609,,,
packet size,PASS,True,,,,,Byte comparison,S1,1.0,77.0,1077.0,3.0,704.0,True,False,20261005T104005Z_7611453d,271.8871,512.0,2572.0,274.6723,2.5609,,,
filtered,PASS,True,,,,,Float32 tolerance atol=rtol=1e-4,S1,1.0,77.0,1077.0,4.0,832.0,True,False,20261005T104005Z_7611453d,271.6399,512.0,2572.0,273.3938,1.5946,0.0,0.0,
normalized,PASS,True,,,,,Float32 tolerance atol=rtol=1e-4,S1,1.0,77.0,1077.0,4.0,832.0,True,False,20261005T104005Z_7611453d,271.6399,512.0,2572.0,273.3938,1.5946,0.0,0.0,
y,PASS,False,,,,,Float32 tolerance atol=rtol=1e-4,S1,1.0,77.0,1077.0,4.0,832.0,True,False,20261005T104005Z_7611453d,271.6399,512.0,2572.0,273.3938,1.5946,1.9073486328125e-06,4.141672413082431e-07,
scale,PASS,True,,,,,Float32 tolerance atol=rtol=1e-4,S1,1.0,77.0,1077.0,4.0,832.0,True,False,20261005T104005Z_7611453d,271.6399,512.0,2572.0,273.3938,1.5946,0.0,0.0,
q_int16,PASS,True,,,,,Bit-exact INT16,S1,1.0,77.0,1077.0,4.0,832.0,True,False,20261005T104005Z_7611453d,271.6399,512.0,2572.0,273.3938,1.5946,0.0,0.0,0.0
payload bytes,PASS,True,,,,,Byte comparison,S1,1.0,77.0,1077.0,4.0,832.0,True,False,20261005T104005Z_7611453d,271.6399,512.0,2572.0,273.3938,1.5946,,,
packet bytes,PASS,True,,,,,Byte comparison,S1,1.0,77.0,1077.0,4.0,832.0,True,False,20261005T104005Z_7611453d,271.6399,512.0,2572.0,273.3938,1.5946,,,
CRC validity,PASS,,,,,,CRC recalculated independently on each header[0:12]+payload,S1,1.0,77.0,1077.0,4.0,832.0,True,False,20261005T104005Z_7611453d,271.6399,512.0,2572.0,273.3938,1.5946,,,
packet size,PASS,True,,,,,Byte comparison,S1,1.0,77.0,1077.0,4.0,832.0,True,False,20261005T104005Z_7611453d,271.6399,512.0,2572.0,273.3938,1.5946,,,
filtered,PASS,True,,,,,Float32 tolerance atol=rtol=1e-4,S1,1.0,77.0,1077.0,5.0,960.0,True,False,20261005T104005Z_7611453d,272.1047,512.0,2572.0,274.8526,2.2664,0.0,0.0,
normalized,PASS,True,,,,,Float32 tolerance atol=rtol=1e-4,S1,1.0,77.0,1077.0,5.0,960.0,True,False,20261005T104005Z_7611453d,272.1047,512.0,2572.0,274.8526,2.2664,0.0,0.0,
y,PASS,False,,,,,Float32 tolerance atol=rtol=1e-4,S1,1.0,77.0,1077.0,5.0,960.0,True,False,20261005T104005Z_7611453d,272.1047,512.0,2572.0,274.8526,2.2664,1.1920928955078125e-06,5.054884272083009e-07,
scale,PASS,False,,,,,Float32 tolerance atol=rtol=1e-4,S1,1.0,77.0,1077.0,5.0,960.0,True,False,20261005T104005Z_7611453d,272.1047,512.0,2572.0,274.8526,2.2664,3.637978807091713e-11,3.637978807091713e-11,
q_int16,PASS,True,,,,,Bit-exact INT16,S1,1.0,77.0,1077.0,5.0,960.0,True,False,20261005T104005Z_7611453d,272.1047,512.0,2572.0,274.8526,2.2664,0.0,0.0,0.0
payload bytes,PASS,True,,,,,Byte comparison,S1,1.0,77.0,1077.0,5.0,960.0,True,False,20261005T104005Z_7611453d,272.1047,512.0,2572.0,274.8526,2.2664,,,
packet bytes,FAIL,False,,,,,Byte comparison,S1,1.0,77.0,1077.0,5.0,960.0,True,False,20261005T104005Z_7611453d,272.1047,512.0,2572.0,274.8526,2.2664,,,
CRC validity,PASS,,,,,,CRC recalculated independently on each header[0:12]+payload,S1,1.0,77.0,1077.0,5.0,960.0,True,False,20261005T104005Z_7611453d,272.1047,512.0,2572.0,274.8526,2.2664,,,
packet size,PASS,True,,,,,Byte comparison,S1,1.0,77.0,1077.0,5.0,960.0,True,False,20261005T104005Z_7611453d,272.1047,512.0,2572.0,274.8526,2.2664,,,
filtered,PASS,True,,,,,Float32 tolerance atol=rtol=1e-4,S1,1.0,77.0,1077.0,6.0,1088.0,True,False,20261005T104005Z_7611453d,271.8886,512.0,2572.0,275.0911,2.9564,0.0,0.0,
normalized,PASS,True,,,,,Float32 tolerance atol=rtol=1e-4,S1,1.0,77.0,1077.0,6.0,1088.0,True,False,20261005T104005Z_7611453d,271.8886,512.0,2572.0,275.0911,2.9564,0.0,0.0,
y,PASS,False,,,,,Float32 tolerance atol=rtol=1e-4,S1,1.0,77.0,1077.0,6.0,1088.0,True,False,20261005T104005Z_7611453d,271.8886,512.0,2572.0,275.0911,2.9564,1.5497207641601562e-06,4.925032090845892e-07,
scale,PASS,False,,,,,Float32 tolerance atol=rtol=1e-4,S1,1.0,77.0,1077.0,6.0,1088.0,True,False,20261005T104005Z_7611453d,271.8886,512.0,2572.0,275.0911,2.9564,1.4551915228366852e-11,1.4551915228366852e-11,
q_int16,WITHIN_1_LSB,False,,,,,Numerical agreement within 1 LSB,S1,1.0,77.0,1077.0,6.0,1088.0,True,False,20261005T104005Z_7611453d,271.8886,512.0,2572.0,275.0911,2.9564,1.0,0.11396057645963795,1.0
payload bytes,FAIL,False,,,,,Byte comparison,S1,1.0,77.0,1077.0,6.0,1088.0,True,False,20261005T104005Z_7611453d,271.8886,512.0,2572.0,275.0911,2.9564,,,
packet bytes,FAIL,False,,,,,Byte comparison,S1,1.0,77.0,1077.0,6.0,1088.0,True,False,20261005T104005Z_7611453d,271.8886,512.0,2572.0,275.0911,2.9564,,,
CRC validity,PASS,,,,,,CRC recalculated independently on each header[0:12]+payload,S1,1.0,77.0,1077.0,6.0,1088.0,True,False,20261005T104005Z_7611453d,271.8886,512.0,2572.0,275.0911,2.9564,,,
packet size,PASS,True,,,,,Byte comparison,S1,1.0,77.0,1077.0,6.0,1088.0,True,False,20261005T104005Z_7611453d,271.8886,512.0,2572.0,275.0911,2.9564,,,
filtered,PASS,True,,,,,Float32 tolerance atol=rtol=1e-4,S1,1.0,77.0,1077.0,7.0,1216.0,True,False,20261005T104005Z_7611453d,273.6994,512.0,2572.0,276.6945,2.7619,0.0,0.0,
normalized,PASS,True,,,,,Float32 tolerance atol=rtol=1e-4,S1,1.0,77.0,1077.0,7.0,1216.0,True,False,20261005T104005Z_7611453d,273.6994,512.0,2572.0,276.6945,2.7619,0.0,0.0,
y,PASS,False,,,,,Float32 tolerance atol=rtol=1e-4,S1,1.0,77.0,1077.0,7.0,1216.0,True,False,20261005T104005Z_7611453d,273.6994,512.0,2572.0,276.6945,2.7619,1.7881393432617188e-06,5.065345269546256e-07,
scale,PASS,False,,,,,Float32 tolerance atol=rtol=1e-4,S1,1.0,77.0,1077.0,7.0,1216.0,True,False,20261005T104005Z_7611453d,273.6994,512.0,2572.0,276.6945,2.7619,2.9103830456733704e-11,2.9103830456733704e-11,
q_int16,WITHIN_1_LSB,False,,,,,Numerical agreement within 1 LSB,S1,1.0,77.0,1077.0,7.0,1216.0,True,False,20261005T104005Z_7611453d,273.6994,512.0,2572.0,276.6945,2.7619,1.0,0.11396057645963795,1.0
payload bytes,FAIL,False,,,,,Byte comparison,S1,1.0,77.0,1077.0,7.0,1216.0,True,False,20261005T104005Z_7611453d,273.6994,512.0,2572.0,276.6945,2.7619,,,
packet bytes,FAIL,False,,,,,Byte comparison,S1,1.0,77.0,1077.0,7.0,1216.0,True,False,20261005T104005Z_7611453d,273.6994,512.0,2572.0,276.6945,2.7619,,,
CRC validity,PASS,,,,,,CRC recalculated independently on each header[0:12]+payload,S1,1.0,77.0,1077.0,7.0,1216.0,True,False,20261005T104005Z_7611453d,273.6994,512.0,2572.0,276.6945,2.7619,,,
packet size,PASS,True,,,,,Byte comparison,S1,1.0,77.0,1077.0,7.0,1216.0,True,False,20261005T104005Z_7611453d,273.6994,512.0,2572.0,276.6945,2.7619,,,
filtered,PASS,True,,,,,Float32 tolerance atol=rtol=1e-4,S1,1.0,128.0,1128.0,0.0,320.0,True,False,20261005T104005Z_7611453d,454.5086,2304.0,2878.0,456.8655,2.1535,0.0,0.0,
normalized,PASS,True,,,,,Float32 tolerance atol=rtol=1e-4,S1,1.0,128.0,1128.0,0.0,320.0,True,False,20261005T104005Z_7611453d,454.5086,2304.0,2878.0,456.8655,2.1535,0.0,0.0,
y,PASS,False,,,,,Float32 tolerance atol=rtol=1e-4,S1,1.0,128.0,1128.0,0.0,320.0,True,False,20261005T104005Z_7611453d,454.5086,2304.0,2878.0,456.8655,2.1535,2.0265579223632812e-06,4.882831017395046e-07,
scale,PASS,False,,,,,Float32 tolerance atol=rtol=1e-4,S1,1.0,128.0,1128.0,0.0,320.0,True,False,20261005T104005Z_7611453d,454.5086,2304.0,2878.0,456.8655,2.1535,1.4551915228366852e-11,1.4551915228366852e-11,
q_int16,PASS,True,,,,,Bit-exact INT16,S1,1.0,128.0,1128.0,0.0,320.0,True,False,20261005T104005Z_7611453d,454.5086,2304.0,2878.0,456.8655,2.1535,0.0,0.0,0.0
payload bytes,PASS,True,,,,,Byte comparison,S1,1.0,128.0,1128.0,0.0,320.0,True,False,20261005T104005Z_7611453d,454.5086,2304.0,2878.0,456.8655,2.1535,,,
packet bytes,FAIL,False,,,,,Byte comparison,S1,1.0,128.0,1128.0,0.0,320.0,True,False,20261005T104005Z_7611453d,454.5086,2304.0,2878.0,456.8655,2.1535,,,
CRC validity,PASS,,,,,,CRC recalculated independently on each header[0:12]+payload,S1,1.0,128.0,1128.0,0.0,320.0,True,False,20261005T104005Z_7611453d,454.5086,2304.0,2878.0,456.8655,2.1535,,,
packet size,PASS,True,,,,,Byte comparison,S1,1.0,128.0,1128.0,0.0,320.0,True,False,20261005T104005Z_7611453d,454.5086,2304.0,2878.0,456.8655,2.1535,,,
filtered,PASS,True,,,,,Float32 tolerance atol=rtol=1e-4,S1,1.0,128.0,1128.0,1.0,448.0,True,False,20261005T104005Z_7611453d,299.257,512.0,2878.0,302.4088,2.9086,0.0,0.0,
normalized,PASS,True,,,,,Float32 tolerance atol=rtol=1e-4,S1,1.0,128.0,1128.0,1.0,448.0,True,False,20261005T104005Z_7611453d,299.257,512.0,2878.0,302.4088,2.9086,0.0,0.0,
y,PASS,False,,,,,Float32 tolerance atol=rtol=1e-4,S1,1.0,128.0,1128.0,1.0,448.0,True,False,20261005T104005Z_7611453d,299.257,512.0,2878.0,302.4088,2.9086,1.0728836059570312e-06,3.0943468468332724e-07,
scale,PASS,True,,,,,Float32 tolerance atol=rtol=1e-4,S1,1.0,128.0,1128.0,1.0,448.0,True,False,20261005T104005Z_7611453d,299.257,512.0,2878.0,302.4088,2.9086,0.0,0.0,
q_int16,PASS,True,,,,,Bit-exact INT16,S1,1.0,128.0,1128.0,1.0,448.0,True,False,20261005T104005Z_7611453d,299.257,512.0,2878.0,302.4088,2.9086,0.0,0.0,0.0
payload bytes,PASS,True,,,,,Byte comparison,S1,1.0,128.0,1128.0,1.0,448.0,True,False,20261005T104005Z_7611453d,299.257,512.0,2878.0,302.4088,2.9086,,,
packet bytes,PASS,True,,,,,Byte comparison,S1,1.0,128.0,1128.0,1.0,448.0,True,False,20261005T104005Z_7611453d,299.257,512.0,2878.0,302.4088,2.9086,,,
CRC validity,PASS,,,,,,CRC recalculated independently on each header[0:12]+payload,S1,1.0,128.0,1128.0,1.0,448.0,True,False,20261005T104005Z_7611453d,299.257,512.0,2878.0,302.4088,2.9086,,,
packet size,PASS,True,,,,,Byte comparison,S1,1.0,128.0,1128.0,1.0,448.0,True,False,20261005T104005Z_7611453d,299.257,512.0,2878.0,302.4088,2.9086,,,
filtered,PASS,True,,,,,Float32 tolerance atol=rtol=1e-4,S1,1.0,128.0,1128.0,2.0,576.0,True,False,20261005T104005Z_7611453d,298.7779,512.0,2878.0,300.7116,1.7549,0.0,0.0,
normalized,PASS,True,,,,,Float32 tolerance atol=rtol=1e-4,S1,1.0,128.0,1128.0,2.0,576.0,True,False,20261005T104005Z_7611453d,298.7779,512.0,2878.0,300.7116,1.7549,0.0,0.0,
y,PASS,False,,,,,Float32 tolerance atol=rtol=1e-4,S1,1.0,128.0,1128.0,2.0,576.0,True,False,20261005T104005Z_7611453d,298.7779,512.0,2878.0,300.7116,1.7549,1.0728836059570312e-06,2.3426014285874672e-07,
scale,PASS,False,,,,,Float32 tolerance atol=rtol=1e-4,S1,1.0,128.0,1128.0,2.0,576.0,True,False,20261005T104005Z_7611453d,298.7779,512.0,2878.0,300.7116,1.7549,3.2741809263825417e-11,3.2741809263825417e-11,
q_int16,PASS,True,,,,,Bit-exact INT16,S1,1.0,128.0,1128.0,2.0,576.0,True,False,20261005T104005Z_7611453d,298.7779,512.0,2878.0,300.7116,1.7549,0.0,0.0,0.0
payload bytes,PASS,True,,,,,Byte comparison,S1,1.0,128.0,1128.0,2.0,576.0,True,False,20261005T104005Z_7611453d,298.7779,512.0,2878.0,300.7116,1.7549,,,
packet bytes,FAIL,False,,,,,Byte comparison,S1,1.0,128.0,1128.0,2.0,576.0,True,False,20261005T104005Z_7611453d,298.7779,512.0,2878.0,300.7116,1.7549,,,
CRC validity,PASS,,,,,,CRC recalculated independently on each header[0:12]+payload,S1,1.0,128.0,1128.0,2.0,576.0,True,False,20261005T104005Z_7611453d,298.7779,512.0,2878.0,300.7116,1.7549,,,
packet size,PASS,True,,,,,Byte comparison,S1,1.0,128.0,1128.0,2.0,576.0,True,False,20261005T104005Z_7611453d,298.7779,512.0,2878.0,300.7116,1.7549,,,
filtered,PASS,True,,,,,Float32 tolerance atol=rtol=1e-4,S1,1.0,128.0,1128.0,3.0,704.0,True,False,20261005T104005Z_7611453d,298.8655,512.0,2878.0,301.6317,2.5685,0.0,0.0,
normalized,PASS,True,,,,,Float32 tolerance atol=rtol=1e-4,S1,1.0,128.0,1128.0,3.0,704.0,True,False,20261005T104005Z_7611453d,298.8655,512.0,2878.0,301.6317,2.5685,0.0,0.0,
y,PASS,False,,,,,Float32 tolerance atol=rtol=1e-4,S1,1.0,128.0,1128.0,3.0,704.0,True,False,20261005T104005Z_7611453d,298.8655,512.0,2878.0,301.6317,2.5685,1.0728836059570312e-06,2.6852354195899244e-07,
scale,PASS,False,,,,,Float32 tolerance atol=rtol=1e-4,S1,1.0,128.0,1128.0,3.0,704.0,True,False,20261005T104005Z_7611453d,298.8655,512.0,2878.0,301.6317,2.5685,1.4551915228366852e-11,1.4551915228366852e-11,
q_int16,PASS,True,,,,,Bit-exact INT16,S1,1.0,128.0,1128.0,3.0,704.0,True,False,20261005T104005Z_7611453d,298.8655,512.0,2878.0,301.6317,2.5685,0.0,0.0,0.0
payload bytes,PASS,True,,,,,Byte comparison,S1,1.0,128.0,1128.0,3.0,704.0,True,False,20261005T104005Z_7611453d,298.8655,512.0,2878.0,301.6317,2.5685,,,
packet bytes,FAIL,False,,,,,Byte comparison,S1,1.0,128.0,1128.0,3.0,704.0,True,False,20261005T104005Z_7611453d,298.8655,512.0,2878.0,301.6317,2.5685,,,
CRC validity,PASS,,,,,,CRC recalculated independently on each header[0:12]+payload,S1,1.0,128.0,1128.0,3.0,704.0,True,False,20261005T104005Z_7611453d,298.8655,512.0,2878.0,301.6317,2.5685,,,
packet size,PASS,True,,,,,Byte comparison,S1,1.0,128.0,1128.0,3.0,704.0,True,False,20261005T104005Z_7611453d,298.8655,512.0,2878.0,301.6317,2.5685,,,
filtered,PASS,True,,,,,Float32 tolerance atol=rtol=1e-4,S1,1.0,128.0,1128.0,4.0,832.0,True,False,20261005T104005Z_7611453d,299.1819,512.0,2878.0,301.7769,2.3503,0.0,0.0,
normalized,PASS,True,,,,,Float32 tolerance atol=rtol=1e-4,S1,1.0,128.0,1128.0,4.0,832.0,True,False,20261005T104005Z_7611453d,299.1819,512.0,2878.0,301.7769,2.3503,0.0,0.0,
y,PASS,False,,,,,Float32 tolerance atol=rtol=1e-4,S1,1.0,128.0,1128.0,4.0,832.0,True,False,20261005T104005Z_7611453d,299.1819,512.0,2878.0,301.7769,2.3503,1.430511474609375e-06,3.822750540167551e-07,
scale,PASS,False,,,,,Float32 tolerance atol=rtol=1e-4,S1,1.0,128.0,1128.0,4.0,832.0,True,False,20261005T104005Z_7611453d,299.1819,512.0,2878.0,301.7769,2.3503,1.4551915228366852e-11,1.4551915228366852e-11,
q_int16,PASS,True,,,,,Bit-exact INT16,S1,1.0,128.0,1128.0,4.0,832.0,True,False,20261005T104005Z_7611453d,299.1819,512.0,2878.0,301.7769,2.3503,0.0,0.0,0.0
payload bytes,PASS,True,,,,,Byte comparison,S1,1.0,128.0,1128.0,4.0,832.0,True,False,20261005T104005Z_7611453d,299.1819,512.0,2878.0,301.7769,2.3503,,,
packet bytes,FAIL,False,,,,,Byte comparison,S1,1.0,128.0,1128.0,4.0,832.0,True,False,20261005T104005Z_7611453d,299.1819,512.0,2878.0,301.7769,2.3503,,,
CRC validity,PASS,,,,,,CRC recalculated independently on each header[0:12]+payload,S1,1.0,128.0,1128.0,4.0,832.0,True,False,20261005T104005Z_7611453d,299.1819,512.0,2878.0,301.7769,2.3503,,,
packet size,PASS,True,,,,,Byte comparison,S1,1.0,128.0,1128.0,4.0,832.0,True,False,20261005T104005Z_7611453d,299.1819,512.0,2878.0,301.7769,2.3503,,,
filtered,PASS,True,,,,,Float32 tolerance atol=rtol=1e-4,S1,1.0,128.0,1128.0,5.0,960.0,True,False,20261005T104005Z_7611453d,299.1525,512.0,2878.0,301.0268,1.6759,0.0,0.0,
normalized,PASS,True,,,,,Float32 tolerance atol=rtol=1e-4,S1,1.0,128.0,1128.0,5.0,960.0,True,False,20261005T104005Z_7611453d,299.1525,512.0,2878.0,301.0268,1.6759,0.0,0.0,
y,PASS,False,,,,,Float32 tolerance atol=rtol=1e-4,S1,1.0,128.0,1128.0,5.0,960.0,True,False,20261005T104005Z_7611453d,299.1525,512.0,2878.0,301.0268,1.6759,1.430511474609375e-06,3.944907747691821e-07,
scale,PASS,False,,,,,Float32 tolerance atol=rtol=1e-4,S1,1.0,128.0,1128.0,5.0,960.0,True,False,20261005T104005Z_7611453d,299.1525,512.0,2878.0,301.0268,1.6759,1.4551915228366852e-11,1.4551915228366852e-11,
q_int16,PASS,True,,,,,Bit-exact INT16,S1,1.0,128.0,1128.0,5.0,960.0,True,False,20261005T104005Z_7611453d,299.1525,512.0,2878.0,301.0268,1.6759,0.0,0.0,0.0
payload bytes,PASS,True,,,,,Byte comparison,S1,1.0,128.0,1128.0,5.0,960.0,True,False,20261005T104005Z_7611453d,299.1525,512.0,2878.0,301.0268,1.6759,,,
packet bytes,FAIL,False,,,,,Byte comparison,S1,1.0,128.0,1128.0,5.0,960.0,True,False,20261005T104005Z_7611453d,299.1525,512.0,2878.0,301.0268,1.6759,,,
CRC validity,PASS,,,,,,CRC recalculated independently on each header[0:12]+payload,S1,1.0,128.0,1128.0,5.0,960.0,True,False,20261005T104005Z_7611453d,299.1525,512.0,2878.0,301.0268,1.6759,,,
packet size,PASS,True,,,,,Byte comparison,S1,1.0,128.0,1128.0,5.0,960.0,True,False,20261005T104005Z_7611453d,299.1525,512.0,2878.0,301.0268,1.6759,,,
filtered,PASS,True,,,,,Float32 tolerance atol=rtol=1e-4,S1,1.0,128.0,1128.0,6.0,1088.0,True,False,20261005T104005Z_7611453d,299.2056,512.0,2878.0,301.6755,2.2378,0.0,0.0,
normalized,PASS,True,,,,,Float32 tolerance atol=rtol=1e-4,S1,1.0,128.0,1128.0,6.0,1088.0,True,False,20261005T104005Z_7611453d,299.2056,512.0,2878.0,301.6755,2.2378,0.0,0.0,
y,PASS,False,,,,,Float32 tolerance atol=rtol=1e-4,S1,1.0,128.0,1128.0,6.0,1088.0,True,False,20261005T104005Z_7611453d,299.2056,512.0,2878.0,301.6755,2.2378,1.430511474609375e-06,3.760445758788485e-07,
scale,PASS,False,,,,,Float32 tolerance atol=rtol=1e-4,S1,1.0,128.0,1128.0,6.0,1088.0,True,False,20261005T104005Z_7611453d,299.2056,512.0,2878.0,301.6755,2.2378,7.275957614183426e-12,7.275957614183426e-12,
q_int16,WITHIN_1_LSB,False,,,,,Numerical agreement within 1 LSB,S1,1.0,128.0,1128.0,6.0,1088.0,True,False,20261005T104005Z_7611453d,299.2056,512.0,2878.0,301.6755,2.2378,1.0,0.125,1.0
payload bytes,FAIL,False,,,,,Byte comparison,S1,1.0,128.0,1128.0,6.0,1088.0,True,False,20261005T104005Z_7611453d,299.2056,512.0,2878.0,301.6755,2.2378,,,
packet bytes,FAIL,False,,,,,Byte comparison,S1,1.0,128.0,1128.0,6.0,1088.0,True,False,20261005T104005Z_7611453d,299.2056,512.0,2878.0,301.6755,2.2378,,,
CRC validity,PASS,,,,,,CRC recalculated independently on each header[0:12]+payload,S1,1.0,128.0,1128.0,6.0,1088.0,True,False,20261005T104005Z_7611453d,299.2056,512.0,2878.0,301.6755,2.2378,,,
packet size,PASS,True,,,,,Byte comparison,S1,1.0,128.0,1128.0,6.0,1088.0,True,False,20261005T104005Z_7611453d,299.2056,512.0,2878.0,301.6755,2.2378,,,
filtered,PASS,True,,,,,Float32 tolerance atol=rtol=1e-4,S1,1.0,128.0,1128.0,7.0,1216.0,True,False,20261005T104005Z_7611453d,297.5748,512.0,2878.0,298.8339,1.1082,0.0,0.0,
normalized,PASS,True,,,,,Float32 tolerance atol=rtol=1e-4,S1,1.0,128.0,1128.0,7.0,1216.0,True,False,20261005T104005Z_7611453d,297.5748,512.0,2878.0,298.8339,1.1082,0.0,0.0,
y,PASS,False,,,,,Float32 tolerance atol=rtol=1e-4,S1,1.0,128.0,1128.0,7.0,1216.0,True,False,20261005T104005Z_7611453d,297.5748,512.0,2878.0,298.8339,1.1082,1.9073486328125e-06,4.3622466934651035e-07,
scale,PASS,False,,,,,Float32 tolerance atol=rtol=1e-4,S1,1.0,128.0,1128.0,7.0,1216.0,True,False,20261005T104005Z_7611453d,297.5748,512.0,2878.0,298.8339,1.1082,1.4551915228366852e-11,1.4551915228366852e-11,
q_int16,WITHIN_1_LSB,False,,,,,Numerical agreement within 1 LSB,S1,1.0,128.0,1128.0,7.0,1216.0,True,False,20261005T104005Z_7611453d,297.5748,512.0,2878.0,298.8339,1.1082,1.0,0.08838834764831845,1.0
payload bytes,FAIL,False,,,,,Byte comparison,S1,1.0,128.0,1128.0,7.0,1216.0,True,False,20261005T104005Z_7611453d,297.5748,512.0,2878.0,298.8339,1.1082,,,
packet bytes,FAIL,False,,,,,Byte comparison,S1,1.0,128.0,1128.0,7.0,1216.0,True,False,20261005T104005Z_7611453d,297.5748,512.0,2878.0,298.8339,1.1082,,,
CRC validity,PASS,,,,,,CRC recalculated independently on each header[0:12]+payload,S1,1.0,128.0,1128.0,7.0,1216.0,True,False,20261005T104005Z_7611453d,297.5748,512.0,2878.0,298.8339,1.1082,,,
packet size,PASS,True,,,,,Byte comparison,S1,1.0,128.0,1128.0,7.0,1216.0,True,False,20261005T104005Z_7611453d,297.5748,512.0,2878.0,298.8339,1.1082,,,
filtered,PASS,True,,,,,Float32 tolerance atol=rtol=1e-4,S4,2.0,51.0,2051.0,0.0,320.0,True,False,20261005T104005Z_7611453d,412.5631,2304.0,2416.0,413.7841,1.1018,0.0,0.0,
normalized,PASS,True,,,,,Float32 tolerance atol=rtol=1e-4,S4,2.0,51.0,2051.0,0.0,320.0,True,False,20261005T104005Z_7611453d,412.5631,2304.0,2416.0,413.7841,1.1018,0.0,0.0,
y,PASS,False,,,,,Float32 tolerance atol=rtol=1e-4,S4,2.0,51.0,2051.0,0.0,320.0,True,False,20261005T104005Z_7611453d,412.5631,2304.0,2416.0,413.7841,1.1018,1.430511474609375e-06,5.044051398998475e-07,
scale,PASS,False,,,,,Float32 tolerance atol=rtol=1e-4,S4,2.0,51.0,2051.0,0.0,320.0,True,False,20261005T104005Z_7611453d,412.5631,2304.0,2416.0,413.7841,1.1018,1.4551915228366852e-11,1.4551915228366852e-11,
q_int16,PASS,True,,,,,Bit-exact INT16,S4,2.0,51.0,2051.0,0.0,320.0,True,False,20261005T104005Z_7611453d,412.5631,2304.0,2416.0,413.7841,1.1018,0.0,0.0,0.0
payload bytes,PASS,True,,,,,Byte comparison,S4,2.0,51.0,2051.0,0.0,320.0,True,False,20261005T104005Z_7611453d,412.5631,2304.0,2416.0,413.7841,1.1018,,,
packet bytes,FAIL,False,,,,,Byte comparison,S4,2.0,51.0,2051.0,0.0,320.0,True,False,20261005T104005Z_7611453d,412.5631,2304.0,2416.0,413.7841,1.1018,,,
CRC validity,PASS,,,,,,CRC recalculated independently on each header[0:12]+payload,S4,2.0,51.0,2051.0,0.0,320.0,True,False,20261005T104005Z_7611453d,412.5631,2304.0,2416.0,413.7841,1.1018,,,
packet size,PASS,True,,,,,Byte comparison,S4,2.0,51.0,2051.0,0.0,320.0,True,False,20261005T104005Z_7611453d,412.5631,2304.0,2416.0,413.7841,1.1018,,,
filtered,PASS,True,,,,,Float32 tolerance atol=rtol=1e-4,S4,2.0,51.0,2051.0,1.0,448.0,True,False,20261005T104005Z_7611453d,257.6948,512.0,2416.0,259.2671,1.419,0.0,0.0,
normalized,PASS,True,,,,,Float32 tolerance atol=rtol=1e-4,S4,2.0,51.0,2051.0,1.0,448.0,True,False,20261005T104005Z_7611453d,257.6948,512.0,2416.0,259.2671,1.419,0.0,0.0,
y,PASS,False,,,,,Float32 tolerance atol=rtol=1e-4,S4,2.0,51.0,2051.0,1.0,448.0,True,False,20261005T104005Z_7611453d,257.6948,512.0,2416.0,259.2671,1.419,1.430511474609375e-06,4.3125025059644244e-07,
scale,PASS,False,,,,,Float32 tolerance atol=rtol=1e-4,S4,2.0,51.0,2051.0,1.0,448.0,True,False,20261005T104005Z_7611453d,257.6948,512.0,2416.0,259.2671,1.419,4.3655745685100555e-11,4.3655745685100555e-11,
q_int16,PASS,True,,,,,Bit-exact INT16,S4,2.0,51.0,2051.0,1.0,448.0,True,False,20261005T104005Z_7611453d,257.6948,512.0,2416.0,259.2671,1.419,0.0,0.0,0.0
payload bytes,PASS,True,,,,,Byte comparison,S4,2.0,51.0,2051.0,1.0,448.0,True,False,20261005T104005Z_7611453d,257.6948,512.0,2416.0,259.2671,1.419,,,
packet bytes,FAIL,False,,,,,Byte comparison,S4,2.0,51.0,2051.0,1.0,448.0,True,False,20261005T104005Z_7611453d,257.6948,512.0,2416.0,259.2671,1.419,,,
CRC validity,PASS,,,,,,CRC recalculated independently on each header[0:12]+payload,S4,2.0,51.0,2051.0,1.0,448.0,True,False,20261005T104005Z_7611453d,257.6948,512.0,2416.0,259.2671,1.419,,,
packet size,PASS,True,,,,,Byte comparison,S4,2.0,51.0,2051.0,1.0,448.0,True,False,20261005T104005Z_7611453d,257.6948,512.0,2416.0,259.2671,1.419,,,
filtered,PASS,True,,,,,Float32 tolerance atol=rtol=1e-4,S4,2.0,51.0,2051.0,2.0,576.0,True,False,20261005T104005Z_7611453d,257.388,512.0,2416.0,258.405,0.9032,0.0,0.0,
normalized,PASS,True,,,,,Float32 tolerance atol=rtol=1e-4,S4,2.0,51.0,2051.0,2.0,576.0,True,False,20261005T104005Z_7611453d,257.388,512.0,2416.0,258.405,0.9032,0.0,0.0,
y,PASS,False,,,,,Float32 tolerance atol=rtol=1e-4,S4,2.0,51.0,2051.0,2.0,576.0,True,False,20261005T104005Z_7611453d,257.388,512.0,2416.0,258.405,0.9032,1.0728836059570312e-06,2.998140064576314e-07,
scale,PASS,False,,,,,Float32 tolerance atol=rtol=1e-4,S4,2.0,51.0,2051.0,2.0,576.0,True,False,20261005T104005Z_7611453d,257.388,512.0,2416.0,258.405,0.9032,1.0913936421275139e-11,1.0913936421275139e-11,
q_int16,PASS,True,,,,,Bit-exact INT16,S4,2.0,51.0,2051.0,2.0,576.0,True,False,20261005T104005Z_7611453d,257.388,512.0,2416.0,258.405,0.9032,0.0,0.0,0.0
payload bytes,PASS,True,,,,,Byte comparison,S4,2.0,51.0,2051.0,2.0,576.0,True,False,20261005T104005Z_7611453d,257.388,512.0,2416.0,258.405,0.9032,,,
packet bytes,FAIL,False,,,,,Byte comparison,S4,2.0,51.0,2051.0,2.0,576.0,True,False,20261005T104005Z_7611453d,257.388,512.0,2416.0,258.405,0.9032,,,
CRC validity,PASS,,,,,,CRC recalculated independently on each header[0:12]+payload,S4,2.0,51.0,2051.0,2.0,576.0,True,False,20261005T104005Z_7611453d,257.388,512.0,2416.0,258.405,0.9032,,,
packet size,PASS,True,,,,,Byte comparison,S4,2.0,51.0,2051.0,2.0,576.0,True,False,20261005T104005Z_7611453d,257.388,512.0,2416.0,258.405,0.9032,,,
filtered,PASS,True,,,,,Float32 tolerance atol=rtol=1e-4,S4,2.0,51.0,2051.0,3.0,704.0,True,False,20261005T104005Z_7611453d,257.7029,512.0,2416.0,259.3032,1.2939,0.0,0.0,
normalized,PASS,True,,,,,Float32 tolerance atol=rtol=1e-4,S4,2.0,51.0,2051.0,3.0,704.0,True,False,20261005T104005Z_7611453d,257.7029,512.0,2416.0,259.3032,1.2939,0.0,0.0,
y,PASS,False,,,,,Float32 tolerance atol=rtol=1e-4,S4,2.0,51.0,2051.0,3.0,704.0,True,False,20261005T104005Z_7611453d,257.7029,512.0,2416.0,259.3032,1.2939,4.172325134277344e-07,1.6499161549069866e-07,
scale,PASS,True,,,,,Float32 tolerance atol=rtol=1e-4,S4,2.0,51.0,2051.0,3.0,704.0,True,False,20261005T104005Z_7611453d,257.7029,512.0,2416.0,259.3032,1.2939,0.0,0.0,
q_int16,PASS,True,,,,,Bit-exact INT16,S4,2.0,51.0,2051.0,3.0,704.0,True,False,20261005T104005Z_7611453d,257.7029,512.0,2416.0,259.3032,1.2939,0.0,0.0,0.0
payload bytes,PASS,True,,,,,Byte comparison,S4,2.0,51.0,2051.0,3.0,704.0,True,False,20261005T104005Z_7611453d,257.7029,512.0,2416.0,259.3032,1.2939,,,
packet bytes,PASS,True,,,,,Byte comparison,S4,2.0,51.0,2051.0,3.0,704.0,True,False,20261005T104005Z_7611453d,257.7029,512.0,2416.0,259.3032,1.2939,,,
CRC validity,PASS,,,,,,CRC recalculated independently on each header[0:12]+payload,S4,2.0,51.0,2051.0,3.0,704.0,True,False,20261005T104005Z_7611453d,257.7029,512.0,2416.0,259.3032,1.2939,,,
packet size,PASS,True,,,,,Byte comparison,S4,2.0,51.0,2051.0,3.0,704.0,True,False,20261005T104005Z_7611453d,257.7029,512.0,2416.0,259.3032,1.2939,,,
filtered,PASS,True,,,,,Float32 tolerance atol=rtol=1e-4,S4,2.0,51.0,2051.0,4.0,832.0,True,False,20261005T104005Z_7611453d,257.496,512.0,2416.0,258.7784,1.1798,0.0,0.0,
normalized,PASS,True,,,,,Float32 tolerance atol=rtol=1e-4,S4,2.0,51.0,2051.0,4.0,832.0,True,False,20261005T104005Z_7611453d,257.496,512.0,2416.0,258.7784,1.1798,0.0,0.0,
y,PASS,False,,,,,Float32 tolerance atol=rtol=1e-4,S4,2.0,51.0,2051.0,4.0,832.0,True,False,20261005T104005Z_7611453d,257.496,512.0,2416.0,258.7784,1.1798,9.5367431640625e-07,3.387287938443189e-07,
scale,PASS,False,,,,,Float32 tolerance atol=rtol=1e-4,S4,2.0,51.0,2051.0,4.0,832.0,True,False,20261005T104005Z_7611453d,257.496,512.0,2416.0,258.7784,1.1798,1.4551915228366852e-11,1.4551915228366852e-11,
q_int16,PASS,True,,,,,Bit-exact INT16,S4,2.0,51.0,2051.0,4.0,832.0,True,False,20261005T104005Z_7611453d,257.496,512.0,2416.0,258.7784,1.1798,0.0,0.0,0.0
payload bytes,PASS,True,,,,,Byte comparison,S4,2.0,51.0,2051.0,4.0,832.0,True,False,20261005T104005Z_7611453d,257.496,512.0,2416.0,258.7784,1.1798,,,
packet bytes,FAIL,False,,,,,Byte comparison,S4,2.0,51.0,2051.0,4.0,832.0,True,False,20261005T104005Z_7611453d,257.496,512.0,2416.0,258.7784,1.1798,,,
CRC validity,PASS,,,,,,CRC recalculated independently on each header[0:12]+payload,S4,2.0,51.0,2051.0,4.0,832.0,True,False,20261005T104005Z_7611453d,257.496,512.0,2416.0,258.7784,1.1798,,,
packet size,PASS,True,,,,,Byte comparison,S4,2.0,51.0,2051.0,4.0,832.0,True,False,20261005T104005Z_7611453d,257.496,512.0,2416.0,258.7784,1.1798,,,
filtered,PASS,True,,,,,Float32 tolerance atol=rtol=1e-4,S4,2.0,51.0,2051.0,5.0,960.0,True,False,20261005T104005Z_7611453d,257.4678,512.0,2416.0,258.5257,0.9516,0.0,0.0,
normalized,PASS,True,,,,,Float32 tolerance atol=rtol=1e-4,S4,2.0,51.0,2051.0,5.0,960.0,True,False,20261005T104005Z_7611453d,257.4678,512.0,2416.0,258.5257,0.9516,0.0,0.0,
y,PASS,False,,,,,Float32 tolerance atol=rtol=1e-4,S4,2.0,51.0,2051.0,5.0,960.0,True,False,20261005T104005Z_7611453d,257.4678,512.0,2416.0,258.5257,0.9516,9.5367431640625e-07,3.52172181484377e-07,
scale,PASS,False,,,,,Float32 tolerance atol=rtol=1e-4,S4,2.0,51.0,2051.0,5.0,960.0,True,False,20261005T104005Z_7611453d,257.4678,512.0,2416.0,258.5257,0.9516,7.275957614183426e-12,7.275957614183426e-12,
q_int16,PASS,True,,,,,Bit-exact INT16,S4,2.0,51.0,2051.0,5.0,960.0,True,False,20261005T104005Z_7611453d,257.4678,512.0,2416.0,258.5257,0.9516,0.0,0.0,0.0
payload bytes,PASS,True,,,,,Byte comparison,S4,2.0,51.0,2051.0,5.0,960.0,True,False,20261005T104005Z_7611453d,257.4678,512.0,2416.0,258.5257,0.9516,,,
packet bytes,FAIL,False,,,,,Byte comparison,S4,2.0,51.0,2051.0,5.0,960.0,True,False,20261005T104005Z_7611453d,257.4678,512.0,2416.0,258.5257,0.9516,,,
CRC validity,PASS,,,,,,CRC recalculated independently on each header[0:12]+payload,S4,2.0,51.0,2051.0,5.0,960.0,True,False,20261005T104005Z_7611453d,257.4678,512.0,2416.0,258.5257,0.9516,,,
packet size,PASS,True,,,,,Byte comparison,S4,2.0,51.0,2051.0,5.0,960.0,True,False,20261005T104005Z_7611453d,257.4678,512.0,2416.0,258.5257,0.9516,,,
filtered,PASS,True,,,,,Float32 tolerance atol=rtol=1e-4,S4,2.0,51.0,2051.0,6.0,1088.0,True,False,20261005T104005Z_7611453d,257.3308,512.0,2416.0,258.3264,0.8824,0.0,0.0,
normalized,PASS,True,,,,,Float32 tolerance atol=rtol=1e-4,S4,2.0,51.0,2051.0,6.0,1088.0,True,False,20261005T104005Z_7611453d,257.3308,512.0,2416.0,258.3264,0.8824,0.0,0.0,
y,PASS,False,,,,,Float32 tolerance atol=rtol=1e-4,S4,2.0,51.0,2051.0,6.0,1088.0,True,False,20261005T104005Z_7611453d,257.3308,512.0,2416.0,258.3264,0.8824,1.4901161193847656e-07,5.6307160050271975e-08,
scale,PASS,False,,,,,Float32 tolerance atol=rtol=1e-4,S4,2.0,51.0,2051.0,6.0,1088.0,True,False,20261005T104005Z_7611453d,257.3308,512.0,2416.0,258.3264,0.8824,3.637978807091713e-12,3.637978807091713e-12,
q_int16,PASS,True,,,,,Bit-exact INT16,S4,2.0,51.0,2051.0,6.0,1088.0,True,False,20261005T104005Z_7611453d,257.3308,512.0,2416.0,258.3264,0.8824,0.0,0.0,0.0
payload bytes,PASS,True,,,,,Byte comparison,S4,2.0,51.0,2051.0,6.0,1088.0,True,False,20261005T104005Z_7611453d,257.3308,512.0,2416.0,258.3264,0.8824,,,
packet bytes,FAIL,False,,,,,Byte comparison,S4,2.0,51.0,2051.0,6.0,1088.0,True,False,20261005T104005Z_7611453d,257.3308,512.0,2416.0,258.3264,0.8824,,,
CRC validity,PASS,,,,,,CRC recalculated independently on each header[0:12]+payload,S4,2.0,51.0,2051.0,6.0,1088.0,True,False,20261005T104005Z_7611453d,257.3308,512.0,2416.0,258.3264,0.8824,,,
packet size,PASS,True,,,,,Byte comparison,S4,2.0,51.0,2051.0,6.0,1088.0,True,False,20261005T104005Z_7611453d,257.3308,512.0,2416.0,258.3264,0.8824,,,
filtered,PASS,True,,,,,Float32 tolerance atol=rtol=1e-4,S4,2.0,51.0,2051.0,7.0,1216.0,True,False,20261005T104005Z_7611453d,257.3976,512.0,2416.0,258.3572,0.8489,0.0,0.0,
normalized,PASS,True,,,,,Float32 tolerance atol=rtol=1e-4,S4,2.0,51.0,2051.0,7.0,1216.0,True,False,20261005T104005Z_7611453d,257.3976,512.0,2416.0,258.3572,0.8489,0.0,0.0,
y,PASS,False,,,,,Float32 tolerance atol=rtol=1e-4,S4,2.0,51.0,2051.0,7.0,1216.0,True,False,20261005T104005Z_7611453d,257.3976,512.0,2416.0,258.3572,0.8489,1.4901161193847656e-07,5.5093031858942187e-08,
scale,PASS,False,,,,,Float32 tolerance atol=rtol=1e-4,S4,2.0,51.0,2051.0,7.0,1216.0,True,False,20261005T104005Z_7611453d,257.3976,512.0,2416.0,258.3572,0.8489,4.547473508864641e-12,4.547473508864641e-12,
q_int16,PASS,True,,,,,Bit-exact INT16,S4,2.0,51.0,2051.0,7.0,1216.0,True,False,20261005T104005Z_7611453d,257.3976,512.0,2416.0,258.3572,0.8489,0.0,0.0,0.0
payload bytes,PASS,True,,,,,Byte comparison,S4,2.0,51.0,2051.0,7.0,1216.0,True,False,20261005T104005Z_7611453d,257.3976,512.0,2416.0,258.3572,0.8489,,,
packet bytes,FAIL,False,,,,,Byte comparison,S4,2.0,51.0,2051.0,7.0,1216.0,True,False,20261005T104005Z_7611453d,257.3976,512.0,2416.0,258.3572,0.8489,,,
CRC validity,PASS,,,,,,CRC recalculated independently on each header[0:12]+payload,S4,2.0,51.0,2051.0,7.0,1216.0,True,False,20261005T104005Z_7611453d,257.3976,512.0,2416.0,258.3572,0.8489,,,
packet size,PASS,True,,,,,Byte comparison,S4,2.0,51.0,2051.0,7.0,1216.0,True,False,20261005T104005Z_7611453d,257.3976,512.0,2416.0,258.3572,0.8489,,,
filtered,PASS,True,,,,,Float32 tolerance atol=rtol=1e-4,S4,2.0,77.0,2077.0,0.0,320.0,True,False,20261005T104005Z_7611453d,426.4562,2304.0,2572.0,427.9498,1.4006,0.0,0.0,
normalized,PASS,True,,,,,Float32 tolerance atol=rtol=1e-4,S4,2.0,77.0,2077.0,0.0,320.0,True,False,20261005T104005Z_7611453d,426.4562,2304.0,2572.0,427.9498,1.4006,0.0,0.0,
y,PASS,False,,,,,Float32 tolerance atol=rtol=1e-4,S4,2.0,77.0,2077.0,0.0,320.0,True,False,20261005T104005Z_7611453d,426.4562,2304.0,2572.0,427.9498,1.4006,1.9073486328125e-06,4.667876237144523e-07,
scale,PASS,False,,,,,Float32 tolerance atol=rtol=1e-4,S4,2.0,77.0,2077.0,0.0,320.0,True,False,20261005T104005Z_7611453d,426.4562,2304.0,2572.0,427.9498,1.4006,1.4551915228366852e-11,1.4551915228366852e-11,
q_int16,PASS,True,,,,,Bit-exact INT16,S4,2.0,77.0,2077.0,0.0,320.0,True,False,20261005T104005Z_7611453d,426.4562,2304.0,2572.0,427.9498,1.4006,0.0,0.0,0.0
payload bytes,PASS,True,,,,,Byte comparison,S4,2.0,77.0,2077.0,0.0,320.0,True,False,20261005T104005Z_7611453d,426.4562,2304.0,2572.0,427.9498,1.4006,,,
packet bytes,FAIL,False,,,,,Byte comparison,S4,2.0,77.0,2077.0,0.0,320.0,True,False,20261005T104005Z_7611453d,426.4562,2304.0,2572.0,427.9498,1.4006,,,
CRC validity,PASS,,,,,,CRC recalculated independently on each header[0:12]+payload,S4,2.0,77.0,2077.0,0.0,320.0,True,False,20261005T104005Z_7611453d,426.4562,2304.0,2572.0,427.9498,1.4006,,,
packet size,PASS,True,,,,,Byte comparison,S4,2.0,77.0,2077.0,0.0,320.0,True,False,20261005T104005Z_7611453d,426.4562,2304.0,2572.0,427.9498,1.4006,,,
filtered,PASS,True,,,,,Float32 tolerance atol=rtol=1e-4,S4,2.0,77.0,2077.0,1.0,448.0,True,False,20261005T104005Z_7611453d,271.4023,512.0,2572.0,272.3804,0.8725,0.0,0.0,
normalized,PASS,True,,,,,Float32 tolerance atol=rtol=1e-4,S4,2.0,77.0,2077.0,1.0,448.0,True,False,20261005T104005Z_7611453d,271.4023,512.0,2572.0,272.3804,0.8725,0.0,0.0,
y,PASS,False,,,,,Float32 tolerance atol=rtol=1e-4,S4,2.0,77.0,2077.0,1.0,448.0,True,False,20261005T104005Z_7611453d,271.4023,512.0,2572.0,272.3804,0.8725,9.5367431640625e-07,3.4460550082015563e-07,
scale,PASS,False,,,,,Float32 tolerance atol=rtol=1e-4,S4,2.0,77.0,2077.0,1.0,448.0,True,False,20261005T104005Z_7611453d,271.4023,512.0,2572.0,272.3804,0.8725,2.1827872842550278e-11,2.1827872842550278e-11,
q_int16,PASS,True,,,,,Bit-exact INT16,S4,2.0,77.0,2077.0,1.0,448.0,True,False,20261005T104005Z_7611453d,271.4023,512.0,2572.0,272.3804,0.8725,0.0,0.0,0.0
payload bytes,PASS,True,,,,,Byte comparison,S4,2.0,77.0,2077.0,1.0,448.0,True,False,20261005T104005Z_7611453d,271.4023,512.0,2572.0,272.3804,0.8725,,,
packet bytes,FAIL,False,,,,,Byte comparison,S4,2.0,77.0,2077.0,1.0,448.0,True,False,20261005T104005Z_7611453d,271.4023,512.0,2572.0,272.3804,0.8725,,,
CRC validity,PASS,,,,,,CRC recalculated independently on each header[0:12]+payload,S4,2.0,77.0,2077.0,1.0,448.0,True,False,20261005T104005Z_7611453d,271.4023,512.0,2572.0,272.3804,0.8725,,,
packet size,PASS,True,,,,,Byte comparison,S4,2.0,77.0,2077.0,1.0,448.0,True,False,20261005T104005Z_7611453d,271.4023,512.0,2572.0,272.3804,0.8725,,,
filtered,PASS,True,,,,,Float32 tolerance atol=rtol=1e-4,S4,2.0,77.0,2077.0,2.0,576.0,True,False,20261005T104005Z_7611453d,271.6306,512.0,2572.0,273.6497,1.8432,0.0,0.0,
normalized,PASS,True,,,,,Float32 tolerance atol=rtol=1e-4,S4,2.0,77.0,2077.0,2.0,576.0,True,False,20261005T104005Z_7611453d,271.6306,512.0,2572.0,273.6497,1.8432,0.0,0.0,
y,PASS,False,,,,,Float32 tolerance atol=rtol=1e-4,S4,2.0,77.0,2077.0,2.0,576.0,True,False,20261005T104005Z_7611453d,271.6306,512.0,2572.0,273.6497,1.8432,8.344650268554688e-07,2.5463011449849333e-07,
scale,PASS,False,,,,,Float32 tolerance atol=rtol=1e-4,S4,2.0,77.0,2077.0,2.0,576.0,True,False,20261005T104005Z_7611453d,271.6306,512.0,2572.0,273.6497,1.8432,1.4551915228366852e-11,1.4551915228366852e-11,
q_int16,PASS,True,,,,,Bit-exact INT16,S4,2.0,77.0,2077.0,2.0,576.0,True,False,20261005T104005Z_7611453d,271.6306,512.0,2572.0,273.6497,1.8432,0.0,0.0,0.0
payload bytes,PASS,True,,,,,Byte comparison,S4,2.0,77.0,2077.0,2.0,576.0,True,False,20261005T104005Z_7611453d,271.6306,512.0,2572.0,273.6497,1.8432,,,
packet bytes,FAIL,False,,,,,Byte comparison,S4,2.0,77.0,2077.0,2.0,576.0,True,False,20261005T104005Z_7611453d,271.6306,512.0,2572.0,273.6497,1.8432,,,
CRC validity,PASS,,,,,,CRC recalculated independently on each header[0:12]+payload,S4,2.0,77.0,2077.0,2.0,576.0,True,False,20261005T104005Z_7611453d,271.6306,512.0,2572.0,273.6497,1.8432,,,
packet size,PASS,True,,,,,Byte comparison,S4,2.0,77.0,2077.0,2.0,576.0,True,False,20261005T104005Z_7611453d,271.6306,512.0,2572.0,273.6497,1.8432,,,
filtered,PASS,True,,,,,Float32 tolerance atol=rtol=1e-4,S4,2.0,77.0,2077.0,3.0,704.0,True,False,20261005T104005Z_7611453d,271.7956,512.0,2572.0,273.7009,1.7467,0.0,0.0,
normalized,PASS,True,,,,,Float32 tolerance atol=rtol=1e-4,S4,2.0,77.0,2077.0,3.0,704.0,True,False,20261005T104005Z_7611453d,271.7956,512.0,2572.0,273.7009,1.7467,0.0,0.0,
y,PASS,False,,,,,Float32 tolerance atol=rtol=1e-4,S4,2.0,77.0,2077.0,3.0,704.0,True,False,20261005T104005Z_7611453d,271.7956,512.0,2572.0,273.7009,1.7467,4.76837158203125e-07,1.4126662333204255e-07,
scale,PASS,False,,,,,Float32 tolerance atol=rtol=1e-4,S4,2.0,77.0,2077.0,3.0,704.0,True,False,20261005T104005Z_7611453d,271.7956,512.0,2572.0,273.7009,1.7467,1.4551915228366852e-11,1.4551915228366852e-11,
q_int16,WITHIN_1_LSB,False,,,,,Numerical agreement within 1 LSB,S4,2.0,77.0,2077.0,3.0,704.0,True,False,20261005T104005Z_7611453d,271.7956,512.0,2572.0,273.7009,1.7467,1.0,0.11396057645963795,1.0
payload bytes,FAIL,False,,,,,Byte comparison,S4,2.0,77.0,2077.0,3.0,704.0,True,False,20261005T104005Z_7611453d,271.7956,512.0,2572.0,273.7009,1.7467,,,
packet bytes,FAIL,False,,,,,Byte comparison,S4,2.0,77.0,2077.0,3.0,704.0,True,False,20261005T104005Z_7611453d,271.7956,512.0,2572.0,273.7009,1.7467,,,
CRC validity,PASS,,,,,,CRC recalculated independently on each header[0:12]+payload,S4,2.0,77.0,2077.0,3.0,704.0,True,False,20261005T104005Z_7611453d,271.7956,512.0,2572.0,273.7009,1.7467,,,
packet size,PASS,True,,,,,Byte comparison,S4,2.0,77.0,2077.0,3.0,704.0,True,False,20261005T104005Z_7611453d,271.7956,512.0,2572.0,273.7009,1.7467,,,
filtered,PASS,True,,,,,Float32 tolerance atol=rtol=1e-4,S4,2.0,77.0,2077.0,4.0,832.0,True,False,20261005T104005Z_7611453d,271.7651,512.0,2572.0,274.0221,2.0565,0.0,0.0,
normalized,PASS,True,,,,,Float32 tolerance atol=rtol=1e-4,S4,2.0,77.0,2077.0,4.0,832.0,True,False,20261005T104005Z_7611453d,271.7651,512.0,2572.0,274.0221,2.0565,0.0,0.0,
y,PASS,False,,,,,Float32 tolerance atol=rtol=1e-4,S4,2.0,77.0,2077.0,4.0,832.0,True,False,20261005T104005Z_7611453d,271.7651,512.0,2572.0,274.0221,2.0565,8.344650268554688e-07,3.0127376273307254e-07,
scale,PASS,False,,,,,Float32 tolerance atol=rtol=1e-4,S4,2.0,77.0,2077.0,4.0,832.0,True,False,20261005T104005Z_7611453d,271.7651,512.0,2572.0,274.0221,2.0565,1.4551915228366852e-11,1.4551915228366852e-11,
q_int16,PASS,True,,,,,Bit-exact INT16,S4,2.0,77.0,2077.0,4.0,832.0,True,False,20261005T104005Z_7611453d,271.7651,512.0,2572.0,274.0221,2.0565,0.0,0.0,0.0
payload bytes,PASS,True,,,,,Byte comparison,S4,2.0,77.0,2077.0,4.0,832.0,True,False,20261005T104005Z_7611453d,271.7651,512.0,2572.0,274.0221,2.0565,,,
packet bytes,FAIL,False,,,,,Byte comparison,S4,2.0,77.0,2077.0,4.0,832.0,True,False,20261005T104005Z_7611453d,271.7651,512.0,2572.0,274.0221,2.0565,,,
CRC validity,PASS,,,,,,CRC recalculated independently on each header[0:12]+payload,S4,2.0,77.0,2077.0,4.0,832.0,True,False,20261005T104005Z_7611453d,271.7651,512.0,2572.0,274.0221,2.0565,,,
packet size,PASS,True,,,,,Byte comparison,S4,2.0,77.0,2077.0,4.0,832.0,True,False,20261005T104005Z_7611453d,271.7651,512.0,2572.0,274.0221,2.0565,,,
filtered,PASS,True,,,,,Float32 tolerance atol=rtol=1e-4,S4,2.0,77.0,2077.0,5.0,960.0,True,False,20261005T104005Z_7611453d,271.2895,512.0,2572.0,272.977,1.5633,0.0,0.0,
normalized,PASS,True,,,,,Float32 tolerance atol=rtol=1e-4,S4,2.0,77.0,2077.0,5.0,960.0,True,False,20261005T104005Z_7611453d,271.2895,512.0,2572.0,272.977,1.5633,0.0,0.0,
y,PASS,False,,,,,Float32 tolerance atol=rtol=1e-4,S4,2.0,77.0,2077.0,5.0,960.0,True,False,20261005T104005Z_7611453d,271.2895,512.0,2572.0,272.977,1.5633,9.5367431640625e-07,3.019506334109645e-07,
scale,PASS,False,,,,,Float32 tolerance atol=rtol=1e-4,S4,2.0,77.0,2077.0,5.0,960.0,True,False,20261005T104005Z_7611453d,271.2895,512.0,2572.0,272.977,1.5633,7.275957614183426e-12,7.275957614183426e-12,
q_int16,PASS,True,,,,,Bit-exact INT16,S4,2.0,77.0,2077.0,5.0,960.0,True,False,20261005T104005Z_7611453d,271.2895,512.0,2572.0,272.977,1.5633,0.0,0.0,0.0
payload bytes,PASS,True,,,,,Byte comparison,S4,2.0,77.0,2077.0,5.0,960.0,True,False,20261005T104005Z_7611453d,271.2895,512.0,2572.0,272.977,1.5633,,,
packet bytes,FAIL,False,,,,,Byte comparison,S4,2.0,77.0,2077.0,5.0,960.0,True,False,20261005T104005Z_7611453d,271.2895,512.0,2572.0,272.977,1.5633,,,
CRC validity,PASS,,,,,,CRC recalculated independently on each header[0:12]+payload,S4,2.0,77.0,2077.0,5.0,960.0,True,False,20261005T104005Z_7611453d,271.2895,512.0,2572.0,272.977,1.5633,,,
packet size,PASS,True,,,,,Byte comparison,S4,2.0,77.0,2077.0,5.0,960.0,True,False,20261005T104005Z_7611453d,271.2895,512.0,2572.0,272.977,1.5633,,,
filtered,PASS,True,,,,,Float32 tolerance atol=rtol=1e-4,S4,2.0,77.0,2077.0,6.0,1088.0,True,False,20261005T104005Z_7611453d,271.5617,512.0,2572.0,273.3885,1.6677,0.0,0.0,
normalized,PASS,True,,,,,Float32 tolerance atol=rtol=1e-4,S4,2.0,77.0,2077.0,6.0,1088.0,True,False,20261005T104005Z_7611453d,271.5617,512.0,2572.0,273.3885,1.6677,0.0,0.0,
y,PASS,False,,,,,Float32 tolerance atol=rtol=1e-4,S4,2.0,77.0,2077.0,6.0,1088.0,True,False,20261005T104005Z_7611453d,271.5617,512.0,2572.0,273.3885,1.6677,1.7881393432617188e-07,4.9018547581689694e-08,
scale,PASS,False,,,,,Float32 tolerance atol=rtol=1e-4,S4,2.0,77.0,2077.0,6.0,1088.0,True,False,20261005T104005Z_7611453d,271.5617,512.0,2572.0,273.3885,1.6677,5.4569682106375694e-12,5.4569682106375694e-12,
q_int16,PASS,True,,,,,Bit-exact INT16,S4,2.0,77.0,2077.0,6.0,1088.0,True,False,20261005T104005Z_7611453d,271.5617,512.0,2572.0,273.3885,1.6677,0.0,0.0,0.0
payload bytes,PASS,True,,,,,Byte comparison,S4,2.0,77.0,2077.0,6.0,1088.0,True,False,20261005T104005Z_7611453d,271.5617,512.0,2572.0,273.3885,1.6677,,,
packet bytes,FAIL,False,,,,,Byte comparison,S4,2.0,77.0,2077.0,6.0,1088.0,True,False,20261005T104005Z_7611453d,271.5617,512.0,2572.0,273.3885,1.6677,,,
CRC validity,PASS,,,,,,CRC recalculated independently on each header[0:12]+payload,S4,2.0,77.0,2077.0,6.0,1088.0,True,False,20261005T104005Z_7611453d,271.5617,512.0,2572.0,273.3885,1.6677,,,
packet size,PASS,True,,,,,Byte comparison,S4,2.0,77.0,2077.0,6.0,1088.0,True,False,20261005T104005Z_7611453d,271.5617,512.0,2572.0,273.3885,1.6677,,,
filtered,PASS,True,,,,,Float32 tolerance atol=rtol=1e-4,S4,2.0,77.0,2077.0,7.0,1216.0,True,False,20261005T104005Z_7611453d,273.54,512.0,2572.0,275.7747,2.0358,0.0,0.0,
normalized,PASS,True,,,,,Float32 tolerance atol=rtol=1e-4,S4,2.0,77.0,2077.0,7.0,1216.0,True,False,20261005T104005Z_7611453d,273.54,512.0,2572.0,275.7747,2.0358,0.0,0.0,
y,PASS,False,,,,,Float32 tolerance atol=rtol=1e-4,S4,2.0,77.0,2077.0,7.0,1216.0,True,False,20261005T104005Z_7611453d,273.54,512.0,2572.0,275.7747,2.0358,1.1920928955078125e-07,5.100491050361665e-08,
scale,PASS,True,,,,,Float32 tolerance atol=rtol=1e-4,S4,2.0,77.0,2077.0,7.0,1216.0,True,False,20261005T104005Z_7611453d,273.54,512.0,2572.0,275.7747,2.0358,0.0,0.0,
q_int16,PASS,True,,,,,Bit-exact INT16,S4,2.0,77.0,2077.0,7.0,1216.0,True,False,20261005T104005Z_7611453d,273.54,512.0,2572.0,275.7747,2.0358,0.0,0.0,0.0
payload bytes,PASS,True,,,,,Byte comparison,S4,2.0,77.0,2077.0,7.0,1216.0,True,False,20261005T104005Z_7611453d,273.54,512.0,2572.0,275.7747,2.0358,,,
packet bytes,PASS,True,,,,,Byte comparison,S4,2.0,77.0,2077.0,7.0,1216.0,True,False,20261005T104005Z_7611453d,273.54,512.0,2572.0,275.7747,2.0358,,,
CRC validity,PASS,,,,,,CRC recalculated independently on each header[0:12]+payload,S4,2.0,77.0,2077.0,7.0,1216.0,True,False,20261005T104005Z_7611453d,273.54,512.0,2572.0,275.7747,2.0358,,,
packet size,PASS,True,,,,,Byte comparison,S4,2.0,77.0,2077.0,7.0,1216.0,True,False,20261005T104005Z_7611453d,273.54,512.0,2572.0,275.7747,2.0358,,,
filtered,PASS,True,,,,,Float32 tolerance atol=rtol=1e-4,S4,2.0,128.0,2128.0,0.0,320.0,True,False,20261005T104005Z_7611453d,454.1253,2304.0,2878.0,456.4892,2.187,0.0,0.0,
normalized,PASS,True,,,,,Float32 tolerance atol=rtol=1e-4,S4,2.0,128.0,2128.0,0.0,320.0,True,False,20261005T104005Z_7611453d,454.1253,2304.0,2878.0,456.4892,2.187,0.0,0.0,
y,PASS,False,,,,,Float32 tolerance atol=rtol=1e-4,S4,2.0,128.0,2128.0,0.0,320.0,True,False,20261005T104005Z_7611453d,454.1253,2304.0,2878.0,456.4892,2.187,1.6689300537109375e-06,3.5925957876857817e-07,
scale,PASS,False,,,,,Float32 tolerance atol=rtol=1e-4,S4,2.0,128.0,2128.0,0.0,320.0,True,False,20261005T104005Z_7611453d,454.1253,2304.0,2878.0,456.4892,2.187,1.4551915228366852e-11,1.4551915228366852e-11,
q_int16,PASS,True,,,,,Bit-exact INT16,S4,2.0,128.0,2128.0,0.0,320.0,True,False,20261005T104005Z_7611453d,454.1253,2304.0,2878.0,456.4892,2.187,0.0,0.0,0.0
payload bytes,PASS,True,,,,,Byte comparison,S4,2.0,128.0,2128.0,0.0,320.0,True,False,20261005T104005Z_7611453d,454.1253,2304.0,2878.0,456.4892,2.187,,,
packet bytes,FAIL,False,,,,,Byte comparison,S4,2.0,128.0,2128.0,0.0,320.0,True,False,20261005T104005Z_7611453d,454.1253,2304.0,2878.0,456.4892,2.187,,,
CRC validity,PASS,,,,,,CRC recalculated independently on each header[0:12]+payload,S4,2.0,128.0,2128.0,0.0,320.0,True,False,20261005T104005Z_7611453d,454.1253,2304.0,2878.0,456.4892,2.187,,,
packet size,PASS,True,,,,,Byte comparison,S4,2.0,128.0,2128.0,0.0,320.0,True,False,20261005T104005Z_7611453d,454.1253,2304.0,2878.0,456.4892,2.187,,,
filtered,PASS,True,,,,,Float32 tolerance atol=rtol=1e-4,S4,2.0,128.0,2128.0,1.0,448.0,True,False,20261005T104005Z_7611453d,298.887,512.0,2878.0,300.9259,1.8651,0.0,0.0,
normalized,PASS,True,,,,,Float32 tolerance atol=rtol=1e-4,S4,2.0,128.0,2128.0,1.0,448.0,True,False,20261005T104005Z_7611453d,298.887,512.0,2878.0,300.9259,1.8651,0.0,0.0,
y,PASS,False,,,,,Float32 tolerance atol=rtol=1e-4,S4,2.0,128.0,2128.0,1.0,448.0,True,False,20261005T104005Z_7611453d,298.887,512.0,2878.0,300.9259,1.8651,1.430511474609375e-06,2.8138394857719093e-07,
scale,PASS,False,,,,,Float32 tolerance atol=rtol=1e-4,S4,2.0,128.0,2128.0,1.0,448.0,True,False,20261005T104005Z_7611453d,298.887,512.0,2878.0,300.9259,1.8651,2.1827872842550278e-11,2.1827872842550278e-11,
q_int16,PASS,True,,,,,Bit-exact INT16,S4,2.0,128.0,2128.0,1.0,448.0,True,False,20261005T104005Z_7611453d,298.887,512.0,2878.0,300.9259,1.8651,0.0,0.0,0.0
payload bytes,PASS,True,,,,,Byte comparison,S4,2.0,128.0,2128.0,1.0,448.0,True,False,20261005T104005Z_7611453d,298.887,512.0,2878.0,300.9259,1.8651,,,
packet bytes,FAIL,False,,,,,Byte comparison,S4,2.0,128.0,2128.0,1.0,448.0,True,False,20261005T104005Z_7611453d,298.887,512.0,2878.0,300.9259,1.8651,,,
CRC validity,PASS,,,,,,CRC recalculated independently on each header[0:12]+payload,S4,2.0,128.0,2128.0,1.0,448.0,True,False,20261005T104005Z_7611453d,298.887,512.0,2878.0,300.9259,1.8651,,,
packet size,PASS,True,,,,,Byte comparison,S4,2.0,128.0,2128.0,1.0,448.0,True,False,20261005T104005Z_7611453d,298.887,512.0,2878.0,300.9259,1.8651,,,
filtered,PASS,True,,,,,Float32 tolerance atol=rtol=1e-4,S4,2.0,128.0,2128.0,2.0,576.0,True,False,20261005T104005Z_7611453d,298.9596,512.0,2878.0,300.0011,0.9324,0.0,0.0,
normalized,PASS,True,,,,,Float32 tolerance atol=rtol=1e-4,S4,2.0,128.0,2128.0,2.0,576.0,True,False,20261005T104005Z_7611453d,298.9596,512.0,2878.0,300.0011,0.9324,0.0,0.0,
y,PASS,False,,,,,Float32 tolerance atol=rtol=1e-4,S4,2.0,128.0,2128.0,2.0,576.0,True,False,20261005T104005Z_7611453d,298.9596,512.0,2878.0,300.0011,0.9324,8.344650268554688e-07,2.2358357764539877e-07,
scale,PASS,False,,,,,Float32 tolerance atol=rtol=1e-4,S4,2.0,128.0,2128.0,2.0,576.0,True,False,20261005T104005Z_7611453d,298.9596,512.0,2878.0,300.0011,0.9324,3.637978807091713e-12,3.637978807091713e-12,
q_int16,PASS,True,,,,,Bit-exact INT16,S4,2.0,128.0,2128.0,2.0,576.0,True,False,20261005T104005Z_7611453d,298.9596,512.0,2878.0,300.0011,0.9324,0.0,0.0,0.0
payload bytes,PASS,True,,,,,Byte comparison,S4,2.0,128.0,2128.0,2.0,576.0,True,False,20261005T104005Z_7611453d,298.9596,512.0,2878.0,300.0011,0.9324,,,
packet bytes,FAIL,False,,,,,Byte comparison,S4,2.0,128.0,2128.0,2.0,576.0,True,False,20261005T104005Z_7611453d,298.9596,512.0,2878.0,300.0011,0.9324,,,
CRC validity,PASS,,,,,,CRC recalculated independently on each header[0:12]+payload,S4,2.0,128.0,2128.0,2.0,576.0,True,False,20261005T104005Z_7611453d,298.9596,512.0,2878.0,300.0011,0.9324,,,
packet size,PASS,True,,,,,Byte comparison,S4,2.0,128.0,2128.0,2.0,576.0,True,False,20261005T104005Z_7611453d,298.9596,512.0,2878.0,300.0011,0.9324,,,
filtered,PASS,True,,,,,Float32 tolerance atol=rtol=1e-4,S4,2.0,128.0,2128.0,3.0,704.0,True,False,20261005T104005Z_7611453d,299.327,512.0,2878.0,301.8936,2.3534,0.0,0.0,
normalized,PASS,True,,,,,Float32 tolerance atol=rtol=1e-4,S4,2.0,128.0,2128.0,3.0,704.0,True,False,20261005T104005Z_7611453d,299.327,512.0,2878.0,301.8936,2.3534,0.0,0.0,
y,PASS,False,,,,,Float32 tolerance atol=rtol=1e-4,S4,2.0,128.0,2128.0,3.0,704.0,True,False,20261005T104005Z_7611453d,299.327,512.0,2878.0,301.8936,2.3534,3.5762786865234375e-07,1.1978010875581552e-07,
scale,PASS,False,,,,,Float32 tolerance atol=rtol=1e-4,S4,2.0,128.0,2128.0,3.0,704.0,True,False,20261005T104005Z_7611453d,299.327,512.0,2878.0,301.8936,2.3534,7.275957614183426e-12,7.275957614183426e-12,
q_int16,PASS,True,,,,,Bit-exact INT16,S4,2.0,128.0,2128.0,3.0,704.0,True,False,20261005T104005Z_7611453d,299.327,512.0,2878.0,301.8936,2.3534,0.0,0.0,0.0
payload bytes,PASS,True,,,,,Byte comparison,S4,2.0,128.0,2128.0,3.0,704.0,True,False,20261005T104005Z_7611453d,299.327,512.0,2878.0,301.8936,2.3534,,,
packet bytes,FAIL,False,,,,,Byte comparison,S4,2.0,128.0,2128.0,3.0,704.0,True,False,20261005T104005Z_7611453d,299.327,512.0,2878.0,301.8936,2.3534,,,
CRC validity,PASS,,,,,,CRC recalculated independently on each header[0:12]+payload,S4,2.0,128.0,2128.0,3.0,704.0,True,False,20261005T104005Z_7611453d,299.327,512.0,2878.0,301.8936,2.3534,,,
packet size,PASS,True,,,,,Byte comparison,S4,2.0,128.0,2128.0,3.0,704.0,True,False,20261005T104005Z_7611453d,299.327,512.0,2878.0,301.8936,2.3534,,,
filtered,PASS,True,,,,,Float32 tolerance atol=rtol=1e-4,S4,2.0,128.0,2128.0,4.0,832.0,True,False,20261005T104005Z_7611453d,298.5428,512.0,2878.0,299.981,1.3349,0.0,0.0,
normalized,PASS,True,,,,,Float32 tolerance atol=rtol=1e-4,S4,2.0,128.0,2128.0,4.0,832.0,True,False,20261005T104005Z_7611453d,298.5428,512.0,2878.0,299.981,1.3349,0.0,0.0,
y,PASS,False,,,,,Float32 tolerance atol=rtol=1e-4,S4,2.0,128.0,2128.0,4.0,832.0,True,False,20261005T104005Z_7611453d,298.5428,512.0,2878.0,299.981,1.3349,1.1920928955078125e-06,2.7842137689340884e-07,
scale,PASS,False,,,,,Float32 tolerance atol=rtol=1e-4,S4,2.0,128.0,2128.0,4.0,832.0,True,False,20261005T104005Z_7611453d,298.5428,512.0,2878.0,299.981,1.3349,3.637978807091713e-11,3.637978807091713e-11,
q_int16,PASS,True,,,,,Bit-exact INT16,S4,2.0,128.0,2128.0,4.0,832.0,True,False,20261005T104005Z_7611453d,298.5428,512.0,2878.0,299.981,1.3349,0.0,0.0,0.0
payload bytes,PASS,True,,,,,Byte comparison,S4,2.0,128.0,2128.0,4.0,832.0,True,False,20261005T104005Z_7611453d,298.5428,512.0,2878.0,299.981,1.3349,,,
packet bytes,FAIL,False,,,,,Byte comparison,S4,2.0,128.0,2128.0,4.0,832.0,True,False,20261005T104005Z_7611453d,298.5428,512.0,2878.0,299.981,1.3349,,,
CRC validity,PASS,,,,,,CRC recalculated independently on each header[0:12]+payload,S4,2.0,128.0,2128.0,4.0,832.0,True,False,20261005T104005Z_7611453d,298.5428,512.0,2878.0,299.981,1.3349,,,
packet size,PASS,True,,,,,Byte comparison,S4,2.0,128.0,2128.0,4.0,832.0,True,False,20261005T104005Z_7611453d,298.5428,512.0,2878.0,299.981,1.3349,,,
filtered,PASS,True,,,,,Float32 tolerance atol=rtol=1e-4,S4,2.0,128.0,2128.0,5.0,960.0,True,False,20261005T104005Z_7611453d,299.1778,512.0,2878.0,300.4501,1.0641,0.0,0.0,
normalized,PASS,True,,,,,Float32 tolerance atol=rtol=1e-4,S4,2.0,128.0,2128.0,5.0,960.0,True,False,20261005T104005Z_7611453d,299.1778,512.0,2878.0,300.4501,1.0641,0.0,0.0,
y,PASS,False,,,,,Float32 tolerance atol=rtol=1e-4,S4,2.0,128.0,2128.0,5.0,960.0,True,False,20261005T104005Z_7611453d,299.1778,512.0,2878.0,300.4501,1.0641,7.748603820800781e-07,2.24014106698361e-07,
scale,PASS,True,,,,,Float32 tolerance atol=rtol=1e-4,S4,2.0,128.0,2128.0,5.0,960.0,True,False,20261005T104005Z_7611453d,299.1778,512.0,2878.0,300.4501,1.0641,0.0,0.0,
q_int16,PASS,True,,,,,Bit-exact INT16,S4,2.0,128.0,2128.0,5.0,960.0,True,False,20261005T104005Z_7611453d,299.1778,512.0,2878.0,300.4501,1.0641,0.0,0.0,0.0
payload bytes,PASS,True,,,,,Byte comparison,S4,2.0,128.0,2128.0,5.0,960.0,True,False,20261005T104005Z_7611453d,299.1778,512.0,2878.0,300.4501,1.0641,,,
packet bytes,PASS,True,,,,,Byte comparison,S4,2.0,128.0,2128.0,5.0,960.0,True,False,20261005T104005Z_7611453d,299.1778,512.0,2878.0,300.4501,1.0641,,,
CRC validity,PASS,,,,,,CRC recalculated independently on each header[0:12]+payload,S4,2.0,128.0,2128.0,5.0,960.0,True,False,20261005T104005Z_7611453d,299.1778,512.0,2878.0,300.4501,1.0641,,,
packet size,PASS,True,,,,,Byte comparison,S4,2.0,128.0,2128.0,5.0,960.0,True,False,20261005T104005Z_7611453d,299.1778,512.0,2878.0,300.4501,1.0641,,,
filtered,PASS,True,,,,,Float32 tolerance atol=rtol=1e-4,S4,2.0,128.0,2128.0,6.0,1088.0,True,False,20261005T104005Z_7611453d,298.5977,512.0,2878.0,300.2364,1.5369,0.0,0.0,
normalized,PASS,True,,,,,Float32 tolerance atol=rtol=1e-4,S4,2.0,128.0,2128.0,6.0,1088.0,True,False,20261005T104005Z_7611453d,298.5977,512.0,2878.0,300.2364,1.5369,0.0,0.0,
y,PASS,False,,,,,Float32 tolerance atol=rtol=1e-4,S4,2.0,128.0,2128.0,6.0,1088.0,True,False,20261005T104005Z_7611453d,298.5977,512.0,2878.0,300.2364,1.5369,1.4901161193847656e-07,3.9218016628174125e-08,
scale,PASS,False,,,,,Float32 tolerance atol=rtol=1e-4,S4,2.0,128.0,2128.0,6.0,1088.0,True,False,20261005T104005Z_7611453d,298.5977,512.0,2878.0,300.2364,1.5369,4.547473508864641e-12,4.547473508864641e-12,
q_int16,PASS,True,,,,,Bit-exact INT16,S4,2.0,128.0,2128.0,6.0,1088.0,True,False,20261005T104005Z_7611453d,298.5977,512.0,2878.0,300.2364,1.5369,0.0,0.0,0.0
payload bytes,PASS,True,,,,,Byte comparison,S4,2.0,128.0,2128.0,6.0,1088.0,True,False,20261005T104005Z_7611453d,298.5977,512.0,2878.0,300.2364,1.5369,,,
packet bytes,FAIL,False,,,,,Byte comparison,S4,2.0,128.0,2128.0,6.0,1088.0,True,False,20261005T104005Z_7611453d,298.5977,512.0,2878.0,300.2364,1.5369,,,
CRC validity,PASS,,,,,,CRC recalculated independently on each header[0:12]+payload,S4,2.0,128.0,2128.0,6.0,1088.0,True,False,20261005T104005Z_7611453d,298.5977,512.0,2878.0,300.2364,1.5369,,,
packet size,PASS,True,,,,,Byte comparison,S4,2.0,128.0,2128.0,6.0,1088.0,True,False,20261005T104005Z_7611453d,298.5977,512.0,2878.0,300.2364,1.5369,,,
filtered,PASS,True,,,,,Float32 tolerance atol=rtol=1e-4,S4,2.0,128.0,2128.0,7.0,1216.0,True,False,20261005T104005Z_7611453d,297.5503,512.0,2878.0,298.4971,0.8418,0.0,0.0,
normalized,PASS,True,,,,,Float32 tolerance atol=rtol=1e-4,S4,2.0,128.0,2128.0,7.0,1216.0,True,False,20261005T104005Z_7611453d,297.5503,512.0,2878.0,298.4971,0.8418,0.0,0.0,
y,PASS,False,,,,,Float32 tolerance atol=rtol=1e-4,S4,2.0,128.0,2128.0,7.0,1216.0,True,False,20261005T104005Z_7611453d,297.5503,512.0,2878.0,298.4971,0.8418,1.1920928955078125e-07,4.08681631401283e-08,
scale,PASS,False,,,,,Float32 tolerance atol=rtol=1e-4,S4,2.0,128.0,2128.0,7.0,1216.0,True,False,20261005T104005Z_7611453d,297.5503,512.0,2878.0,298.4971,0.8418,9.094947017729282e-13,9.094947017729282e-13,
q_int16,WITHIN_1_LSB,False,,,,,Numerical agreement within 1 LSB,S4,2.0,128.0,2128.0,7.0,1216.0,True,False,20261005T104005Z_7611453d,297.5503,512.0,2878.0,298.4971,0.8418,1.0,0.08838834764831845,1.0
payload bytes,FAIL,False,,,,,Byte comparison,S4,2.0,128.0,2128.0,7.0,1216.0,True,False,20261005T104005Z_7611453d,297.5503,512.0,2878.0,298.4971,0.8418,,,
packet bytes,FAIL,False,,,,,Byte comparison,S4,2.0,128.0,2128.0,7.0,1216.0,True,False,20261005T104005Z_7611453d,297.5503,512.0,2878.0,298.4971,0.8418,,,
CRC validity,PASS,,,,,,CRC recalculated independently on each header[0:12]+payload,S4,2.0,128.0,2128.0,7.0,1216.0,True,False,20261005T104005Z_7611453d,297.5503,512.0,2878.0,298.4971,0.8418,,,
packet size,PASS,True,,,,,Byte comparison,S4,2.0,128.0,2128.0,7.0,1216.0,True,False,20261005T104005Z_7611453d,297.5503,512.0,2878.0,298.4971,0.8418,,,
filtered,PASS,True,,,,,Float32 tolerance atol=rtol=1e-4,S7,3.0,51.0,3051.0,0.0,320.0,True,False,20261005T104005Z_7611453d,412.854,2304.0,2416.0,414.767,1.7591,0.0,0.0,
normalized,PASS,True,,,,,Float32 tolerance atol=rtol=1e-4,S7,3.0,51.0,3051.0,0.0,320.0,True,False,20261005T104005Z_7611453d,412.854,2304.0,2416.0,414.767,1.7591,0.0,0.0,
y,PASS,False,,,,,Float32 tolerance atol=rtol=1e-4,S7,3.0,51.0,3051.0,0.0,320.0,True,False,20261005T104005Z_7611453d,412.854,2304.0,2416.0,414.767,1.7591,2.86102294921875e-06,9.168667010187374e-07,
scale,PASS,False,,,,,Float32 tolerance atol=rtol=1e-4,S7,3.0,51.0,3051.0,0.0,320.0,True,False,20261005T104005Z_7611453d,412.854,2304.0,2416.0,414.767,1.7591,4.3655745685100555e-11,4.3655745685100555e-11,
q_int16,WITHIN_1_LSB,False,,,,,Numerical agreement within 1 LSB,S7,3.0,51.0,3051.0,0.0,320.0,True,False,20261005T104005Z_7611453d,412.854,2304.0,2416.0,414.767,1.7591,1.0,0.14002800840280097,1.0
payload bytes,FAIL,False,,,,,Byte comparison,S7,3.0,51.0,3051.0,0.0,320.0,True,False,20261005T104005Z_7611453d,412.854,2304.0,2416.0,414.767,1.7591,,,
packet bytes,FAIL,False,,,,,Byte comparison,S7,3.0,51.0,3051.0,0.0,320.0,True,False,20261005T104005Z_7611453d,412.854,2304.0,2416.0,414.767,1.7591,,,
CRC validity,PASS,,,,,,CRC recalculated independently on each header[0:12]+payload,S7,3.0,51.0,3051.0,0.0,320.0,True,False,20261005T104005Z_7611453d,412.854,2304.0,2416.0,414.767,1.7591,,,
packet size,PASS,True,,,,,Byte comparison,S7,3.0,51.0,3051.0,0.0,320.0,True,False,20261005T104005Z_7611453d,412.854,2304.0,2416.0,414.767,1.7591,,,
filtered,PASS,True,,,,,Float32 tolerance atol=rtol=1e-4,S7,3.0,51.0,3051.0,1.0,448.0,True,False,20261005T104005Z_7611453d,257.7075,512.0,2416.0,258.8318,1.0182,0.0,0.0,
normalized,PASS,True,,,,,Float32 tolerance atol=rtol=1e-4,S7,3.0,51.0,3051.0,1.0,448.0,True,False,20261005T104005Z_7611453d,257.7075,512.0,2416.0,258.8318,1.0182,0.0,0.0,
y,PASS,False,,,,,Float32 tolerance atol=rtol=1e-4,S7,3.0,51.0,3051.0,1.0,448.0,True,False,20261005T104005Z_7611453d,257.7075,512.0,2416.0,258.8318,1.0182,3.337860107421875e-06,9.741965153237702e-07,
scale,PASS,False,,,,,Float32 tolerance atol=rtol=1e-4,S7,3.0,51.0,3051.0,1.0,448.0,True,False,20261005T104005Z_7611453d,257.7075,512.0,2416.0,258.8318,1.0182,1.4551915228366852e-11,1.4551915228366852e-11,
q_int16,WITHIN_1_LSB,False,,,,,Numerical agreement within 1 LSB,S7,3.0,51.0,3051.0,1.0,448.0,True,False,20261005T104005Z_7611453d,257.7075,512.0,2416.0,258.8318,1.0182,1.0,0.14002800840280097,1.0
payload bytes,FAIL,False,,,,,Byte comparison,S7,3.0,51.0,3051.0,1.0,448.0,True,False,20261005T104005Z_7611453d,257.7075,512.0,2416.0,258.8318,1.0182,,,
packet bytes,FAIL,False,,,,,Byte comparison,S7,3.0,51.0,3051.0,1.0,448.0,True,False,20261005T104005Z_7611453d,257.7075,512.0,2416.0,258.8318,1.0182,,,
CRC validity,PASS,,,,,,CRC recalculated independently on each header[0:12]+payload,S7,3.0,51.0,3051.0,1.0,448.0,True,False,20261005T104005Z_7611453d,257.7075,512.0,2416.0,258.8318,1.0182,,,
packet size,PASS,True,,,,,Byte comparison,S7,3.0,51.0,3051.0,1.0,448.0,True,False,20261005T104005Z_7611453d,257.7075,512.0,2416.0,258.8318,1.0182,,,
filtered,PASS,True,,,,,Float32 tolerance atol=rtol=1e-4,S7,3.0,51.0,3051.0,2.0,576.0,True,False,20261005T104005Z_7611453d,257.7362,512.0,2416.0,259.7347,1.8302,0.0,0.0,
normalized,PASS,True,,,,,Float32 tolerance atol=rtol=1e-4,S7,3.0,51.0,3051.0,2.0,576.0,True,False,20261005T104005Z_7611453d,257.7362,512.0,2416.0,259.7347,1.8302,0.0,0.0,
y,PASS,False,,,,,Float32 tolerance atol=rtol=1e-4,S7,3.0,51.0,3051.0,2.0,576.0,True,False,20261005T104005Z_7611453d,257.7362,512.0,2416.0,259.7347,1.8302,1.1920928955078125e-06,3.8572710012196106e-07,
scale,PASS,False,,,,,Float32 tolerance atol=rtol=1e-4,S7,3.0,51.0,3051.0,2.0,576.0,True,False,20261005T104005Z_7611453d,257.7362,512.0,2416.0,259.7347,1.8302,2.9103830456733704e-11,2.9103830456733704e-11,
q_int16,PASS,True,,,,,Bit-exact INT16,S7,3.0,51.0,3051.0,2.0,576.0,True,False,20261005T104005Z_7611453d,257.7362,512.0,2416.0,259.7347,1.8302,0.0,0.0,0.0
payload bytes,PASS,True,,,,,Byte comparison,S7,3.0,51.0,3051.0,2.0,576.0,True,False,20261005T104005Z_7611453d,257.7362,512.0,2416.0,259.7347,1.8302,,,
packet bytes,FAIL,False,,,,,Byte comparison,S7,3.0,51.0,3051.0,2.0,576.0,True,False,20261005T104005Z_7611453d,257.7362,512.0,2416.0,259.7347,1.8302,,,
CRC validity,PASS,,,,,,CRC recalculated independently on each header[0:12]+payload,S7,3.0,51.0,3051.0,2.0,576.0,True,False,20261005T104005Z_7611453d,257.7362,512.0,2416.0,259.7347,1.8302,,,
packet size,PASS,True,,,,,Byte comparison,S7,3.0,51.0,3051.0,2.0,576.0,True,False,20261005T104005Z_7611453d,257.7362,512.0,2416.0,259.7347,1.8302,,,
filtered,PASS,True,,,,,Float32 tolerance atol=rtol=1e-4,S7,3.0,51.0,3051.0,3.0,704.0,True,False,20261005T104005Z_7611453d,257.9411,512.0,2416.0,259.9835,1.8649,0.0,0.0,
normalized,PASS,True,,,,,Float32 tolerance atol=rtol=1e-4,S7,3.0,51.0,3051.0,3.0,704.0,True,False,20261005T104005Z_7611453d,257.9411,512.0,2416.0,259.9835,1.8649,0.0,0.0,
y,PASS,False,,,,,Float32 tolerance atol=rtol=1e-4,S7,3.0,51.0,3051.0,3.0,704.0,True,False,20261005T104005Z_7611453d,257.9411,512.0,2416.0,259.9835,1.8649,1.430511474609375e-06,3.2806161213633716e-07,
scale,PASS,False,,,,,Float32 tolerance atol=rtol=1e-4,S7,3.0,51.0,3051.0,3.0,704.0,True,False,20261005T104005Z_7611453d,257.9411,512.0,2416.0,259.9835,1.8649,4.3655745685100555e-11,4.3655745685100555e-11,
q_int16,PASS,True,,,,,Bit-exact INT16,S7,3.0,51.0,3051.0,3.0,704.0,True,False,20261005T104005Z_7611453d,257.9411,512.0,2416.0,259.9835,1.8649,0.0,0.0,0.0
payload bytes,PASS,True,,,,,Byte comparison,S7,3.0,51.0,3051.0,3.0,704.0,True,False,20261005T104005Z_7611453d,257.9411,512.0,2416.0,259.9835,1.8649,,,
packet bytes,FAIL,False,,,,,Byte comparison,S7,3.0,51.0,3051.0,3.0,704.0,True,False,20261005T104005Z_7611453d,257.9411,512.0,2416.0,259.9835,1.8649,,,
CRC validity,PASS,,,,,,CRC recalculated independently on each header[0:12]+payload,S7,3.0,51.0,3051.0,3.0,704.0,True,False,20261005T104005Z_7611453d,257.9411,512.0,2416.0,259.9835,1.8649,,,
packet size,PASS,True,,,,,Byte comparison,S7,3.0,51.0,3051.0,3.0,704.0,True,False,20261005T104005Z_7611453d,257.9411,512.0,2416.0,259.9835,1.8649,,,
filtered,PASS,True,,,,,Float32 tolerance atol=rtol=1e-4,S7,3.0,51.0,3051.0,4.0,832.0,True,False,20261005T104005Z_7611453d,257.3575,512.0,2416.0,259.2376,1.7797,0.0,0.0,
normalized,PASS,True,,,,,Float32 tolerance atol=rtol=1e-4,S7,3.0,51.0,3051.0,4.0,832.0,True,False,20261005T104005Z_7611453d,257.3575,512.0,2416.0,259.2376,1.7797,0.0,0.0,
y,PASS,False,,,,,Float32 tolerance atol=rtol=1e-4,S7,3.0,51.0,3051.0,4.0,832.0,True,False,20261005T104005Z_7611453d,257.3575,512.0,2416.0,259.2376,1.7797,8.344650268554688e-07,2.462197466517155e-07,
scale,PASS,True,,,,,Float32 tolerance atol=rtol=1e-4,S7,3.0,51.0,3051.0,4.0,832.0,True,False,20261005T104005Z_7611453d,257.3575,512.0,2416.0,259.2376,1.7797,0.0,0.0,
q_int16,PASS,True,,,,,Bit-exact INT16,S7,3.0,51.0,3051.0,4.0,832.0,True,False,20261005T104005Z_7611453d,257.3575,512.0,2416.0,259.2376,1.7797,0.0,0.0,0.0
payload bytes,PASS,True,,,,,Byte comparison,S7,3.0,51.0,3051.0,4.0,832.0,True,False,20261005T104005Z_7611453d,257.3575,512.0,2416.0,259.2376,1.7797,,,
packet bytes,PASS,True,,,,,Byte comparison,S7,3.0,51.0,3051.0,4.0,832.0,True,False,20261005T104005Z_7611453d,257.3575,512.0,2416.0,259.2376,1.7797,,,
CRC validity,PASS,,,,,,CRC recalculated independently on each header[0:12]+payload,S7,3.0,51.0,3051.0,4.0,832.0,True,False,20261005T104005Z_7611453d,257.3575,512.0,2416.0,259.2376,1.7797,,,
packet size,PASS,True,,,,,Byte comparison,S7,3.0,51.0,3051.0,4.0,832.0,True,False,20261005T104005Z_7611453d,257.3575,512.0,2416.0,259.2376,1.7797,,,
filtered,PASS,True,,,,,Float32 tolerance atol=rtol=1e-4,S7,3.0,51.0,3051.0,5.0,960.0,True,False,20261005T104005Z_7611453d,257.5565,512.0,2416.0,258.7686,1.0887,0.0,0.0,
normalized,PASS,True,,,,,Float32 tolerance atol=rtol=1e-4,S7,3.0,51.0,3051.0,5.0,960.0,True,False,20261005T104005Z_7611453d,257.5565,512.0,2416.0,258.7686,1.0887,0.0,0.0,
y,PASS,False,,,,,Float32 tolerance atol=rtol=1e-4,S7,3.0,51.0,3051.0,5.0,960.0,True,False,20261005T104005Z_7611453d,257.5565,512.0,2416.0,258.7686,1.0887,1.0728836059570312e-06,3.231556976779399e-07,
scale,PASS,False,,,,,Float32 tolerance atol=rtol=1e-4,S7,3.0,51.0,3051.0,5.0,960.0,True,False,20261005T104005Z_7611453d,257.5565,512.0,2416.0,258.7686,1.0887,1.4551915228366852e-11,1.4551915228366852e-11,
q_int16,PASS,True,,,,,Bit-exact INT16,S7,3.0,51.0,3051.0,5.0,960.0,True,False,20261005T104005Z_7611453d,257.5565,512.0,2416.0,258.7686,1.0887,0.0,0.0,0.0
payload bytes,PASS,True,,,,,Byte comparison,S7,3.0,51.0,3051.0,5.0,960.0,True,False,20261005T104005Z_7611453d,257.5565,512.0,2416.0,258.7686,1.0887,,,
packet bytes,FAIL,False,,,,,Byte comparison,S7,3.0,51.0,3051.0,5.0,960.0,True,False,20261005T104005Z_7611453d,257.5565,512.0,2416.0,258.7686,1.0887,,,
CRC validity,PASS,,,,,,CRC recalculated independently on each header[0:12]+payload,S7,3.0,51.0,3051.0,5.0,960.0,True,False,20261005T104005Z_7611453d,257.5565,512.0,2416.0,258.7686,1.0887,,,
packet size,PASS,True,,,,,Byte comparison,S7,3.0,51.0,3051.0,5.0,960.0,True,False,20261005T104005Z_7611453d,257.5565,512.0,2416.0,258.7686,1.0887,,,
filtered,PASS,True,,,,,Float32 tolerance atol=rtol=1e-4,S7,3.0,51.0,3051.0,6.0,1088.0,True,False,20261005T104005Z_7611453d,257.8082,512.0,2416.0,259.8809,1.8845,0.0,0.0,
normalized,PASS,True,,,,,Float32 tolerance atol=rtol=1e-4,S7,3.0,51.0,3051.0,6.0,1088.0,True,False,20261005T104005Z_7611453d,257.8082,512.0,2416.0,259.8809,1.8845,0.0,0.0,
y,PASS,False,,,,,Float32 tolerance atol=rtol=1e-4,S7,3.0,51.0,3051.0,6.0,1088.0,True,False,20261005T104005Z_7611453d,257.8082,512.0,2416.0,259.8809,1.8845,1.6689300537109375e-06,5.013439788643818e-07,
scale,PASS,False,,,,,Float32 tolerance atol=rtol=1e-4,S7,3.0,51.0,3051.0,6.0,1088.0,True,False,20261005T104005Z_7611453d,257.8082,512.0,2416.0,259.8809,1.8845,1.4551915228366852e-11,1.4551915228366852e-11,
q_int16,PASS,True,,,,,Bit-exact INT16,S7,3.0,51.0,3051.0,6.0,1088.0,True,False,20261005T104005Z_7611453d,257.8082,512.0,2416.0,259.8809,1.8845,0.0,0.0,0.0
payload bytes,PASS,True,,,,,Byte comparison,S7,3.0,51.0,3051.0,6.0,1088.0,True,False,20261005T104005Z_7611453d,257.8082,512.0,2416.0,259.8809,1.8845,,,
packet bytes,FAIL,False,,,,,Byte comparison,S7,3.0,51.0,3051.0,6.0,1088.0,True,False,20261005T104005Z_7611453d,257.8082,512.0,2416.0,259.8809,1.8845,,,
CRC validity,PASS,,,,,,CRC recalculated independently on each header[0:12]+payload,S7,3.0,51.0,3051.0,6.0,1088.0,True,False,20261005T104005Z_7611453d,257.8082,512.0,2416.0,259.8809,1.8845,,,
packet size,PASS,True,,,,,Byte comparison,S7,3.0,51.0,3051.0,6.0,1088.0,True,False,20261005T104005Z_7611453d,257.8082,512.0,2416.0,259.8809,1.8845,,,
filtered,PASS,True,,,,,Float32 tolerance atol=rtol=1e-4,S7,3.0,51.0,3051.0,7.0,1216.0,True,False,20261005T104005Z_7611453d,257.9925,512.0,2416.0,260.256,2.0624,0.0,0.0,
normalized,PASS,True,,,,,Float32 tolerance atol=rtol=1e-4,S7,3.0,51.0,3051.0,7.0,1216.0,True,False,20261005T104005Z_7611453d,257.9925,512.0,2416.0,260.256,2.0624,0.0,0.0,
y,PASS,False,,,,,Float32 tolerance atol=rtol=1e-4,S7,3.0,51.0,3051.0,7.0,1216.0,True,False,20261005T104005Z_7611453d,257.9925,512.0,2416.0,260.256,2.0624,1.6689300537109375e-06,5.386430905286938e-07,
scale,PASS,True,,,,,Float32 tolerance atol=rtol=1e-4,S7,3.0,51.0,3051.0,7.0,1216.0,True,False,20261005T104005Z_7611453d,257.9925,512.0,2416.0,260.256,2.0624,0.0,0.0,
q_int16,PASS,True,,,,,Bit-exact INT16,S7,3.0,51.0,3051.0,7.0,1216.0,True,False,20261005T104005Z_7611453d,257.9925,512.0,2416.0,260.256,2.0624,0.0,0.0,0.0
payload bytes,PASS,True,,,,,Byte comparison,S7,3.0,51.0,3051.0,7.0,1216.0,True,False,20261005T104005Z_7611453d,257.9925,512.0,2416.0,260.256,2.0624,,,
packet bytes,PASS,True,,,,,Byte comparison,S7,3.0,51.0,3051.0,7.0,1216.0,True,False,20261005T104005Z_7611453d,257.9925,512.0,2416.0,260.256,2.0624,,,
CRC validity,PASS,,,,,,CRC recalculated independently on each header[0:12]+payload,S7,3.0,51.0,3051.0,7.0,1216.0,True,False,20261005T104005Z_7611453d,257.9925,512.0,2416.0,260.256,2.0624,,,
packet size,PASS,True,,,,,Byte comparison,S7,3.0,51.0,3051.0,7.0,1216.0,True,False,20261005T104005Z_7611453d,257.9925,512.0,2416.0,260.256,2.0624,,,
filtered,PASS,True,,,,,Float32 tolerance atol=rtol=1e-4,S7,3.0,77.0,3077.0,0.0,320.0,True,False,20261005T104005Z_7611453d,426.5122,2304.0,2572.0,428.0342,1.3986,0.0,0.0,
normalized,PASS,True,,,,,Float32 tolerance atol=rtol=1e-4,S7,3.0,77.0,3077.0,0.0,320.0,True,False,20261005T104005Z_7611453d,426.5122,2304.0,2572.0,428.0342,1.3986,0.0,0.0,
y,PASS,False,,,,,Float32 tolerance atol=rtol=1e-4,S7,3.0,77.0,3077.0,0.0,320.0,True,False,20261005T104005Z_7611453d,426.5122,2304.0,2572.0,428.0342,1.3986,2.86102294921875e-06,7.80009508701862e-07,
scale,PASS,False,,,,,Float32 tolerance atol=rtol=1e-4,S7,3.0,77.0,3077.0,0.0,320.0,True,False,20261005T104005Z_7611453d,426.5122,2304.0,2572.0,428.0342,1.3986,2.9103830456733704e-11,2.9103830456733704e-11,
q_int16,WITHIN_1_LSB,False,,,,,Numerical agreement within 1 LSB,S7,3.0,77.0,3077.0,0.0,320.0,True,False,20261005T104005Z_7611453d,426.5122,2304.0,2572.0,428.0342,1.3986,1.0,0.11396057645963795,1.0
payload bytes,FAIL,False,,,,,Byte comparison,S7,3.0,77.0,3077.0,0.0,320.0,True,False,20261005T104005Z_7611453d,426.5122,2304.0,2572.0,428.0342,1.3986,,,
packet bytes,FAIL,False,,,,,Byte comparison,S7,3.0,77.0,3077.0,0.0,320.0,True,False,20261005T104005Z_7611453d,426.5122,2304.0,2572.0,428.0342,1.3986,,,
CRC validity,PASS,,,,,,CRC recalculated independently on each header[0:12]+payload,S7,3.0,77.0,3077.0,0.0,320.0,True,False,20261005T104005Z_7611453d,426.5122,2304.0,2572.0,428.0342,1.3986,,,
packet size,PASS,True,,,,,Byte comparison,S7,3.0,77.0,3077.0,0.0,320.0,True,False,20261005T104005Z_7611453d,426.5122,2304.0,2572.0,428.0342,1.3986,,,
filtered,PASS,True,,,,,Float32 tolerance atol=rtol=1e-4,S7,3.0,77.0,3077.0,1.0,448.0,True,False,20261005T104005Z_7611453d,271.5671,512.0,2572.0,273.2192,1.5124,0.0,0.0,
normalized,PASS,True,,,,,Float32 tolerance atol=rtol=1e-4,S7,3.0,77.0,3077.0,1.0,448.0,True,False,20261005T104005Z_7611453d,271.5671,512.0,2572.0,273.2192,1.5124,0.0,0.0,
y,PASS,False,,,,,Float32 tolerance atol=rtol=1e-4,S7,3.0,77.0,3077.0,1.0,448.0,True,False,20261005T104005Z_7611453d,271.5671,512.0,2572.0,273.2192,1.5124,3.0994415283203125e-06,8.112203524098324e-07,
scale,PASS,False,,,,,Float32 tolerance atol=rtol=1e-4,S7,3.0,77.0,3077.0,1.0,448.0,True,False,20261005T104005Z_7611453d,271.5671,512.0,2572.0,273.2192,1.5124,1.4551915228366852e-11,1.4551915228366852e-11,
q_int16,WITHIN_1_LSB,False,,,,,Numerical agreement within 1 LSB,S7,3.0,77.0,3077.0,1.0,448.0,True,False,20261005T104005Z_7611453d,271.5671,512.0,2572.0,273.2192,1.5124,1.0,0.11396057645963795,1.0
payload bytes,FAIL,False,,,,,Byte comparison,S7,3.0,77.0,3077.0,1.0,448.0,True,False,20261005T104005Z_7611453d,271.5671,512.0,2572.0,273.2192,1.5124,,,
packet bytes,FAIL,False,,,,,Byte comparison,S7,3.0,77.0,3077.0,1.0,448.0,True,False,20261005T104005Z_7611453d,271.5671,512.0,2572.0,273.2192,1.5124,,,
CRC validity,PASS,,,,,,CRC recalculated independently on each header[0:12]+payload,S7,3.0,77.0,3077.0,1.0,448.0,True,False,20261005T104005Z_7611453d,271.5671,512.0,2572.0,273.2192,1.5124,,,
packet size,PASS,True,,,,,Byte comparison,S7,3.0,77.0,3077.0,1.0,448.0,True,False,20261005T104005Z_7611453d,271.5671,512.0,2572.0,273.2192,1.5124,,,
filtered,PASS,True,,,,,Float32 tolerance atol=rtol=1e-4,S7,3.0,77.0,3077.0,2.0,576.0,True,False,20261005T104005Z_7611453d,271.4238,512.0,2572.0,272.901,1.3406,0.0,0.0,
normalized,PASS,True,,,,,Float32 tolerance atol=rtol=1e-4,S7,3.0,77.0,3077.0,2.0,576.0,True,False,20261005T104005Z_7611453d,271.4238,512.0,2572.0,272.901,1.3406,0.0,0.0,
y,PASS,False,,,,,Float32 tolerance atol=rtol=1e-4,S7,3.0,77.0,3077.0,2.0,576.0,True,False,20261005T104005Z_7611453d,271.4238,512.0,2572.0,272.901,1.3406,7.152557373046875e-07,3.126394445724389e-07,
scale,PASS,False,,,,,Float32 tolerance atol=rtol=1e-4,S7,3.0,77.0,3077.0,2.0,576.0,True,False,20261005T104005Z_7611453d,271.4238,512.0,2572.0,272.901,1.3406,2.1827872842550278e-11,2.1827872842550278e-11,
q_int16,PASS,True,,,,,Bit-exact INT16,S7,3.0,77.0,3077.0,2.0,576.0,True,False,20261005T104005Z_7611453d,271.4238,512.0,2572.0,272.901,1.3406,0.0,0.0,0.0
payload bytes,PASS,True,,,,,Byte comparison,S7,3.0,77.0,3077.0,2.0,576.0,True,False,20261005T104005Z_7611453d,271.4238,512.0,2572.0,272.901,1.3406,,,
packet bytes,FAIL,False,,,,,Byte comparison,S7,3.0,77.0,3077.0,2.0,576.0,True,False,20261005T104005Z_7611453d,271.4238,512.0,2572.0,272.901,1.3406,,,
CRC validity,PASS,,,,,,CRC recalculated independently on each header[0:12]+payload,S7,3.0,77.0,3077.0,2.0,576.0,True,False,20261005T104005Z_7611453d,271.4238,512.0,2572.0,272.901,1.3406,,,
packet size,PASS,True,,,,,Byte comparison,S7,3.0,77.0,3077.0,2.0,576.0,True,False,20261005T104005Z_7611453d,271.4238,512.0,2572.0,272.901,1.3406,,,
filtered,PASS,True,,,,,Float32 tolerance atol=rtol=1e-4,S7,3.0,77.0,3077.0,3.0,704.0,True,False,20261005T104005Z_7611453d,271.4692,512.0,2572.0,273.5128,1.8826,0.0,0.0,
normalized,PASS,True,,,,,Float32 tolerance atol=rtol=1e-4,S7,3.0,77.0,3077.0,3.0,704.0,True,False,20261005T104005Z_7611453d,271.4692,512.0,2572.0,273.5128,1.8826,0.0,0.0,
y,PASS,False,,,,,Float32 tolerance atol=rtol=1e-4,S7,3.0,77.0,3077.0,3.0,704.0,True,False,20261005T104005Z_7611453d,271.4692,512.0,2572.0,273.5128,1.8826,9.5367431640625e-07,2.554199391419509e-07,
scale,PASS,False,,,,,Float32 tolerance atol=rtol=1e-4,S7,3.0,77.0,3077.0,3.0,704.0,True,False,20261005T104005Z_7611453d,271.4692,512.0,2572.0,273.5128,1.8826,2.9103830456733704e-11,2.9103830456733704e-11,
q_int16,PASS,True,,,,,Bit-exact INT16,S7,3.0,77.0,3077.0,3.0,704.0,True,False,20261005T104005Z_7611453d,271.4692,512.0,2572.0,273.5128,1.8826,0.0,0.0,0.0
payload bytes,PASS,True,,,,,Byte comparison,S7,3.0,77.0,3077.0,3.0,704.0,True,False,20261005T104005Z_7611453d,271.4692,512.0,2572.0,273.5128,1.8826,,,
packet bytes,FAIL,False,,,,,Byte comparison,S7,3.0,77.0,3077.0,3.0,704.0,True,False,20261005T104005Z_7611453d,271.4692,512.0,2572.0,273.5128,1.8826,,,
CRC validity,PASS,,,,,,CRC recalculated independently on each header[0:12]+payload,S7,3.0,77.0,3077.0,3.0,704.0,True,False,20261005T104005Z_7611453d,271.4692,512.0,2572.0,273.5128,1.8826,,,
packet size,PASS,True,,,,,Byte comparison,S7,3.0,77.0,3077.0,3.0,704.0,True,False,20261005T104005Z_7611453d,271.4692,512.0,2572.0,273.5128,1.8826,,,
filtered,PASS,True,,,,,Float32 tolerance atol=rtol=1e-4,S7,3.0,77.0,3077.0,4.0,832.0,True,False,20261005T104005Z_7611453d,271.4513,512.0,2572.0,273.308,1.6902,0.0,0.0,
normalized,PASS,True,,,,,Float32 tolerance atol=rtol=1e-4,S7,3.0,77.0,3077.0,4.0,832.0,True,False,20261005T104005Z_7611453d,271.4513,512.0,2572.0,273.308,1.6902,0.0,0.0,
y,PASS,False,,,,,Float32 tolerance atol=rtol=1e-4,S7,3.0,77.0,3077.0,4.0,832.0,True,False,20261005T104005Z_7611453d,271.4513,512.0,2572.0,273.308,1.6902,7.152557373046875e-07,2.0858482868917602e-07,
scale,PASS,False,,,,,Float32 tolerance atol=rtol=1e-4,S7,3.0,77.0,3077.0,4.0,832.0,True,False,20261005T104005Z_7611453d,271.4513,512.0,2572.0,273.308,1.6902,2.1827872842550278e-11,2.1827872842550278e-11,
q_int16,PASS,True,,,,,Bit-exact INT16,S7,3.0,77.0,3077.0,4.0,832.0,True,False,20261005T104005Z_7611453d,271.4513,512.0,2572.0,273.308,1.6902,0.0,0.0,0.0
payload bytes,PASS,True,,,,,Byte comparison,S7,3.0,77.0,3077.0,4.0,832.0,True,False,20261005T104005Z_7611453d,271.4513,512.0,2572.0,273.308,1.6902,,,
packet bytes,FAIL,False,,,,,Byte comparison,S7,3.0,77.0,3077.0,4.0,832.0,True,False,20261005T104005Z_7611453d,271.4513,512.0,2572.0,273.308,1.6902,,,
CRC validity,PASS,,,,,,CRC recalculated independently on each header[0:12]+payload,S7,3.0,77.0,3077.0,4.0,832.0,True,False,20261005T104005Z_7611453d,271.4513,512.0,2572.0,273.308,1.6902,,,
packet size,PASS,True,,,,,Byte comparison,S7,3.0,77.0,3077.0,4.0,832.0,True,False,20261005T104005Z_7611453d,271.4513,512.0,2572.0,273.308,1.6902,,,
filtered,PASS,True,,,,,Float32 tolerance atol=rtol=1e-4,S7,3.0,77.0,3077.0,5.0,960.0,True,False,20261005T104005Z_7611453d,271.2703,512.0,2572.0,272.412,1.0353,0.0,0.0,
normalized,PASS,True,,,,,Float32 tolerance atol=rtol=1e-4,S7,3.0,77.0,3077.0,5.0,960.0,True,False,20261005T104005Z_7611453d,271.2703,512.0,2572.0,272.412,1.0353,0.0,0.0,
y,PASS,False,,,,,Float32 tolerance atol=rtol=1e-4,S7,3.0,77.0,3077.0,5.0,960.0,True,False,20261005T104005Z_7611453d,271.2703,512.0,2572.0,272.412,1.0353,8.344650268554688e-07,2.677242907376307e-07,
scale,PASS,True,,,,,Float32 tolerance atol=rtol=1e-4,S7,3.0,77.0,3077.0,5.0,960.0,True,False,20261005T104005Z_7611453d,271.2703,512.0,2572.0,272.412,1.0353,0.0,0.0,
q_int16,PASS,True,,,,,Bit-exact INT16,S7,3.0,77.0,3077.0,5.0,960.0,True,False,20261005T104005Z_7611453d,271.2703,512.0,2572.0,272.412,1.0353,0.0,0.0,0.0
payload bytes,PASS,True,,,,,Byte comparison,S7,3.0,77.0,3077.0,5.0,960.0,True,False,20261005T104005Z_7611453d,271.2703,512.0,2572.0,272.412,1.0353,,,
packet bytes,PASS,True,,,,,Byte comparison,S7,3.0,77.0,3077.0,5.0,960.0,True,False,20261005T104005Z_7611453d,271.2703,512.0,2572.0,272.412,1.0353,,,
CRC validity,PASS,,,,,,CRC recalculated independently on each header[0:12]+payload,S7,3.0,77.0,3077.0,5.0,960.0,True,False,20261005T104005Z_7611453d,271.2703,512.0,2572.0,272.412,1.0353,,,
packet size,PASS,True,,,,,Byte comparison,S7,3.0,77.0,3077.0,5.0,960.0,True,False,20261005T104005Z_7611453d,271.2703,512.0,2572.0,272.412,1.0353,,,
filtered,PASS,True,,,,,Float32 tolerance atol=rtol=1e-4,S7,3.0,77.0,3077.0,6.0,1088.0,True,False,20261005T104005Z_7611453d,271.6695,512.0,2572.0,272.9419,1.1186,0.0,0.0,
normalized,PASS,True,,,,,Float32 tolerance atol=rtol=1e-4,S7,3.0,77.0,3077.0,6.0,1088.0,True,False,20261005T104005Z_7611453d,271.6695,512.0,2572.0,272.9419,1.1186,0.0,0.0,
y,PASS,False,,,,,Float32 tolerance atol=rtol=1e-4,S7,3.0,77.0,3077.0,6.0,1088.0,True,False,20261005T104005Z_7611453d,271.6695,512.0,2572.0,272.9419,1.1186,1.2516975402832031e-06,4.038462112208501e-07,
scale,PASS,False,,,,,Float32 tolerance atol=rtol=1e-4,S7,3.0,77.0,3077.0,6.0,1088.0,True,False,20261005T104005Z_7611453d,271.6695,512.0,2572.0,272.9419,1.1186,7.275957614183426e-12,7.275957614183426e-12,
q_int16,PASS,True,,,,,Bit-exact INT16,S7,3.0,77.0,3077.0,6.0,1088.0,True,False,20261005T104005Z_7611453d,271.6695,512.0,2572.0,272.9419,1.1186,0.0,0.0,0.0
payload bytes,PASS,True,,,,,Byte comparison,S7,3.0,77.0,3077.0,6.0,1088.0,True,False,20261005T104005Z_7611453d,271.6695,512.0,2572.0,272.9419,1.1186,,,
packet bytes,FAIL,False,,,,,Byte comparison,S7,3.0,77.0,3077.0,6.0,1088.0,True,False,20261005T104005Z_7611453d,271.6695,512.0,2572.0,272.9419,1.1186,,,
CRC validity,PASS,,,,,,CRC recalculated independently on each header[0:12]+payload,S7,3.0,77.0,3077.0,6.0,1088.0,True,False,20261005T104005Z_7611453d,271.6695,512.0,2572.0,272.9419,1.1186,,,
packet size,PASS,True,,,,,Byte comparison,S7,3.0,77.0,3077.0,6.0,1088.0,True,False,20261005T104005Z_7611453d,271.6695,512.0,2572.0,272.9419,1.1186,,,
filtered,PASS,True,,,,,Float32 tolerance atol=rtol=1e-4,S7,3.0,77.0,3077.0,7.0,1216.0,True,False,20261005T104005Z_7611453d,272.9796,512.0,2572.0,274.2791,1.1778,0.0,0.0,
normalized,PASS,True,,,,,Float32 tolerance atol=rtol=1e-4,S7,3.0,77.0,3077.0,7.0,1216.0,True,False,20261005T104005Z_7611453d,272.9796,512.0,2572.0,274.2791,1.1778,0.0,0.0,
y,PASS,False,,,,,Float32 tolerance atol=rtol=1e-4,S7,3.0,77.0,3077.0,7.0,1216.0,True,False,20261005T104005Z_7611453d,272.9796,512.0,2572.0,274.2791,1.1778,3.814697265625e-06,6.503651178445917e-07,
scale,PASS,False,,,,,Float32 tolerance atol=rtol=1e-4,S7,3.0,77.0,3077.0,7.0,1216.0,True,False,20261005T104005Z_7611453d,272.9796,512.0,2572.0,274.2791,1.1778,1.1641532182693481e-10,1.1641532182693481e-10,
q_int16,PASS,True,,,,,Bit-exact INT16,S7,3.0,77.0,3077.0,7.0,1216.0,True,False,20261005T104005Z_7611453d,272.9796,512.0,2572.0,274.2791,1.1778,0.0,0.0,0.0
payload bytes,PASS,True,,,,,Byte comparison,S7,3.0,77.0,3077.0,7.0,1216.0,True,False,20261005T104005Z_7611453d,272.9796,512.0,2572.0,274.2791,1.1778,,,
packet bytes,FAIL,False,,,,,Byte comparison,S7,3.0,77.0,3077.0,7.0,1216.0,True,False,20261005T104005Z_7611453d,272.9796,512.0,2572.0,274.2791,1.1778,,,
CRC validity,PASS,,,,,,CRC recalculated independently on each header[0:12]+payload,S7,3.0,77.0,3077.0,7.0,1216.0,True,False,20261005T104005Z_7611453d,272.9796,512.0,2572.0,274.2791,1.1778,,,
packet size,PASS,True,,,,,Byte comparison,S7,3.0,77.0,3077.0,7.0,1216.0,True,False,20261005T104005Z_7611453d,272.9796,512.0,2572.0,274.2791,1.1778,,,
filtered,PASS,True,,,,,Float32 tolerance atol=rtol=1e-4,S7,3.0,128.0,3128.0,0.0,320.0,True,False,20261005T104005Z_7611453d,454.3636,2304.0,2878.0,457.1682,2.6153,0.0,0.0,
normalized,PASS,True,,,,,Float32 tolerance atol=rtol=1e-4,S7,3.0,128.0,3128.0,0.0,320.0,True,False,20261005T104005Z_7611453d,454.3636,2304.0,2878.0,457.1682,2.6153,0.0,0.0,
y,PASS,False,,,,,Float32 tolerance atol=rtol=1e-4,S7,3.0,128.0,3128.0,0.0,320.0,True,False,20261005T104005Z_7611453d,454.3636,2304.0,2878.0,457.1682,2.6153,1.9073486328125e-06,5.608003127074848e-07,
scale,PASS,False,,,,,Float32 tolerance atol=rtol=1e-4,S7,3.0,128.0,3128.0,0.0,320.0,True,False,20261005T104005Z_7611453d,454.3636,2304.0,2878.0,457.1682,2.6153,2.9103830456733704e-11,2.9103830456733704e-11,
q_int16,WITHIN_1_LSB,False,,,,,Numerical agreement within 1 LSB,S7,3.0,128.0,3128.0,0.0,320.0,True,False,20261005T104005Z_7611453d,454.3636,2304.0,2878.0,457.1682,2.6153,1.0,0.08838834764831845,1.0
payload bytes,FAIL,False,,,,,Byte comparison,S7,3.0,128.0,3128.0,0.0,320.0,True,False,20261005T104005Z_7611453d,454.3636,2304.0,2878.0,457.1682,2.6153,,,
packet bytes,FAIL,False,,,,,Byte comparison,S7,3.0,128.0,3128.0,0.0,320.0,True,False,20261005T104005Z_7611453d,454.3636,2304.0,2878.0,457.1682,2.6153,,,
CRC validity,PASS,,,,,,CRC recalculated independently on each header[0:12]+payload,S7,3.0,128.0,3128.0,0.0,320.0,True,False,20261005T104005Z_7611453d,454.3636,2304.0,2878.0,457.1682,2.6153,,,
packet size,PASS,True,,,,,Byte comparison,S7,3.0,128.0,3128.0,0.0,320.0,True,False,20261005T104005Z_7611453d,454.3636,2304.0,2878.0,457.1682,2.6153,,,
filtered,PASS,True,,,,,Float32 tolerance atol=rtol=1e-4,S7,3.0,128.0,3128.0,1.0,448.0,True,False,20261005T104005Z_7611453d,299.4462,512.0,2878.0,301.7714,2.0956,0.0,0.0,
normalized,PASS,True,,,,,Float32 tolerance atol=rtol=1e-4,S7,3.0,128.0,3128.0,1.0,448.0,True,False,20261005T104005Z_7611453d,299.4462,512.0,2878.0,301.7714,2.0956,0.0,0.0,
y,PASS,False,,,,,Float32 tolerance atol=rtol=1e-4,S7,3.0,128.0,3128.0,1.0,448.0,True,False,20261005T104005Z_7611453d,299.4462,512.0,2878.0,301.7714,2.0956,2.86102294921875e-06,6.504129268975898e-07,
scale,PASS,True,,,,,Float32 tolerance atol=rtol=1e-4,S7,3.0,128.0,3128.0,1.0,448.0,True,False,20261005T104005Z_7611453d,299.4462,512.0,2878.0,301.7714,2.0956,0.0,0.0,
q_int16,PASS,True,,,,,Bit-exact INT16,S7,3.0,128.0,3128.0,1.0,448.0,True,False,20261005T104005Z_7611453d,299.4462,512.0,2878.0,301.7714,2.0956,0.0,0.0,0.0
payload bytes,PASS,True,,,,,Byte comparison,S7,3.0,128.0,3128.0,1.0,448.0,True,False,20261005T104005Z_7611453d,299.4462,512.0,2878.0,301.7714,2.0956,,,
packet bytes,PASS,True,,,,,Byte comparison,S7,3.0,128.0,3128.0,1.0,448.0,True,False,20261005T104005Z_7611453d,299.4462,512.0,2878.0,301.7714,2.0956,,,
CRC validity,PASS,,,,,,CRC recalculated independently on each header[0:12]+payload,S7,3.0,128.0,3128.0,1.0,448.0,True,False,20261005T104005Z_7611453d,299.4462,512.0,2878.0,301.7714,2.0956,,,
packet size,PASS,True,,,,,Byte comparison,S7,3.0,128.0,3128.0,1.0,448.0,True,False,20261005T104005Z_7611453d,299.4462,512.0,2878.0,301.7714,2.0956,,,
filtered,PASS,True,,,,,Float32 tolerance atol=rtol=1e-4,S7,3.0,128.0,3128.0,2.0,576.0,True,False,20261005T104005Z_7611453d,299.1354,512.0,2878.0,301.4062,2.0841,0.0,0.0,
normalized,PASS,True,,,,,Float32 tolerance atol=rtol=1e-4,S7,3.0,128.0,3128.0,2.0,576.0,True,False,20261005T104005Z_7611453d,299.1354,512.0,2878.0,301.4062,2.0841,0.0,0.0,
y,PASS,False,,,,,Float32 tolerance atol=rtol=1e-4,S7,3.0,128.0,3128.0,2.0,576.0,True,False,20261005T104005Z_7611453d,299.1354,512.0,2878.0,301.4062,2.0841,7.897615432739258e-07,2.4896380784266995e-07,
scale,PASS,False,,,,,Float32 tolerance atol=rtol=1e-4,S7,3.0,128.0,3128.0,2.0,576.0,True,False,20261005T104005Z_7611453d,299.1354,512.0,2878.0,301.4062,2.0841,2.1827872842550278e-11,2.1827872842550278e-11,
q_int16,PASS,True,,,,,Bit-exact INT16,S7,3.0,128.0,3128.0,2.0,576.0,True,False,20261005T104005Z_7611453d,299.1354,512.0,2878.0,301.4062,2.0841,0.0,0.0,0.0
payload bytes,PASS,True,,,,,Byte comparison,S7,3.0,128.0,3128.0,2.0,576.0,True,False,20261005T104005Z_7611453d,299.1354,512.0,2878.0,301.4062,2.0841,,,
packet bytes,FAIL,False,,,,,Byte comparison,S7,3.0,128.0,3128.0,2.0,576.0,True,False,20261005T104005Z_7611453d,299.1354,512.0,2878.0,301.4062,2.0841,,,
CRC validity,PASS,,,,,,CRC recalculated independently on each header[0:12]+payload,S7,3.0,128.0,3128.0,2.0,576.0,True,False,20261005T104005Z_7611453d,299.1354,512.0,2878.0,301.4062,2.0841,,,
packet size,PASS,True,,,,,Byte comparison,S7,3.0,128.0,3128.0,2.0,576.0,True,False,20261005T104005Z_7611453d,299.1354,512.0,2878.0,301.4062,2.0841,,,
filtered,PASS,True,,,,,Float32 tolerance atol=rtol=1e-4,S7,3.0,128.0,3128.0,3.0,704.0,True,False,20261005T104005Z_7611453d,299.207,512.0,2878.0,301.5968,2.1685,0.0,0.0,
normalized,PASS,True,,,,,Float32 tolerance atol=rtol=1e-4,S7,3.0,128.0,3128.0,3.0,704.0,True,False,20261005T104005Z_7611453d,299.207,512.0,2878.0,301.5968,2.1685,0.0,0.0,
y,PASS,False,,,,,Float32 tolerance atol=rtol=1e-4,S7,3.0,128.0,3128.0,3.0,704.0,True,False,20261005T104005Z_7611453d,299.207,512.0,2878.0,301.5968,2.1685,8.642673492431641e-07,2.0846971569486577e-07,
scale,PASS,False,,,,,Float32 tolerance atol=rtol=1e-4,S7,3.0,128.0,3128.0,3.0,704.0,True,False,20261005T104005Z_7611453d,299.207,512.0,2878.0,301.5968,2.1685,2.1827872842550278e-11,2.1827872842550278e-11,
q_int16,PASS,True,,,,,Bit-exact INT16,S7,3.0,128.0,3128.0,3.0,704.0,True,False,20261005T104005Z_7611453d,299.207,512.0,2878.0,301.5968,2.1685,0.0,0.0,0.0
payload bytes,PASS,True,,,,,Byte comparison,S7,3.0,128.0,3128.0,3.0,704.0,True,False,20261005T104005Z_7611453d,299.207,512.0,2878.0,301.5968,2.1685,,,
packet bytes,FAIL,False,,,,,Byte comparison,S7,3.0,128.0,3128.0,3.0,704.0,True,False,20261005T104005Z_7611453d,299.207,512.0,2878.0,301.5968,2.1685,,,
CRC validity,PASS,,,,,,CRC recalculated independently on each header[0:12]+payload,S7,3.0,128.0,3128.0,3.0,704.0,True,False,20261005T104005Z_7611453d,299.207,512.0,2878.0,301.5968,2.1685,,,
packet size,PASS,True,,,,,Byte comparison,S7,3.0,128.0,3128.0,3.0,704.0,True,False,20261005T104005Z_7611453d,299.207,512.0,2878.0,301.5968,2.1685,,,
filtered,PASS,True,,,,,Float32 tolerance atol=rtol=1e-4,S7,3.0,128.0,3128.0,4.0,832.0,True,False,20261005T104005Z_7611453d,299.4051,512.0,2878.0,300.5969,1.0431,0.0,0.0,
normalized,PASS,True,,,,,Float32 tolerance atol=rtol=1e-4,S7,3.0,128.0,3128.0,4.0,832.0,True,False,20261005T104005Z_7611453d,299.4051,512.0,2878.0,300.5969,1.0431,0.0,0.0,
y,PASS,False,,,,,Float32 tolerance atol=rtol=1e-4,S7,3.0,128.0,3128.0,4.0,832.0,True,False,20261005T104005Z_7611453d,299.4051,512.0,2878.0,300.5969,1.0431,5.960464477539062e-07,1.835985889209642e-07,
scale,PASS,False,,,,,Float32 tolerance atol=rtol=1e-4,S7,3.0,128.0,3128.0,4.0,832.0,True,False,20261005T104005Z_7611453d,299.4051,512.0,2878.0,300.5969,1.0431,7.275957614183426e-12,7.275957614183426e-12,
q_int16,PASS,True,,,,,Bit-exact INT16,S7,3.0,128.0,3128.0,4.0,832.0,True,False,20261005T104005Z_7611453d,299.4051,512.0,2878.0,300.5969,1.0431,0.0,0.0,0.0
payload bytes,PASS,True,,,,,Byte comparison,S7,3.0,128.0,3128.0,4.0,832.0,True,False,20261005T104005Z_7611453d,299.4051,512.0,2878.0,300.5969,1.0431,,,
packet bytes,FAIL,False,,,,,Byte comparison,S7,3.0,128.0,3128.0,4.0,832.0,True,False,20261005T104005Z_7611453d,299.4051,512.0,2878.0,300.5969,1.0431,,,
CRC validity,PASS,,,,,,CRC recalculated independently on each header[0:12]+payload,S7,3.0,128.0,3128.0,4.0,832.0,True,False,20261005T104005Z_7611453d,299.4051,512.0,2878.0,300.5969,1.0431,,,
packet size,PASS,True,,,,,Byte comparison,S7,3.0,128.0,3128.0,4.0,832.0,True,False,20261005T104005Z_7611453d,299.4051,512.0,2878.0,300.5969,1.0431,,,
filtered,PASS,True,,,,,Float32 tolerance atol=rtol=1e-4,S7,3.0,128.0,3128.0,5.0,960.0,True,False,20261005T104005Z_7611453d,299.0619,512.0,2878.0,301.1403,1.848,0.0,0.0,
normalized,PASS,True,,,,,Float32 tolerance atol=rtol=1e-4,S7,3.0,128.0,3128.0,5.0,960.0,True,False,20261005T104005Z_7611453d,299.0619,512.0,2878.0,301.1403,1.848,0.0,0.0,
y,PASS,False,,,,,Float32 tolerance atol=rtol=1e-4,S7,3.0,128.0,3128.0,5.0,960.0,True,False,20261005T104005Z_7611453d,299.0619,512.0,2878.0,301.1403,1.848,1.1920928955078125e-06,2.053670216648351e-07,
scale,PASS,False,,,,,Float32 tolerance atol=rtol=1e-4,S7,3.0,128.0,3128.0,5.0,960.0,True,False,20261005T104005Z_7611453d,299.0619,512.0,2878.0,301.1403,1.848,3.637978807091713e-12,3.637978807091713e-12,
q_int16,PASS,True,,,,,Bit-exact INT16,S7,3.0,128.0,3128.0,5.0,960.0,True,False,20261005T104005Z_7611453d,299.0619,512.0,2878.0,301.1403,1.848,0.0,0.0,0.0
payload bytes,PASS,True,,,,,Byte comparison,S7,3.0,128.0,3128.0,5.0,960.0,True,False,20261005T104005Z_7611453d,299.0619,512.0,2878.0,301.1403,1.848,,,
packet bytes,FAIL,False,,,,,Byte comparison,S7,3.0,128.0,3128.0,5.0,960.0,True,False,20261005T104005Z_7611453d,299.0619,512.0,2878.0,301.1403,1.848,,,
CRC validity,PASS,,,,,,CRC recalculated independently on each header[0:12]+payload,S7,3.0,128.0,3128.0,5.0,960.0,True,False,20261005T104005Z_7611453d,299.0619,512.0,2878.0,301.1403,1.848,,,
packet size,PASS,True,,,,,Byte comparison,S7,3.0,128.0,3128.0,5.0,960.0,True,False,20261005T104005Z_7611453d,299.0619,512.0,2878.0,301.1403,1.848,,,
filtered,PASS,True,,,,,Float32 tolerance atol=rtol=1e-4,S7,3.0,128.0,3128.0,6.0,1088.0,True,False,20261005T104005Z_7611453d,298.945,512.0,2878.0,300.4897,1.3538,0.0,0.0,
normalized,PASS,True,,,,,Float32 tolerance atol=rtol=1e-4,S7,3.0,128.0,3128.0,6.0,1088.0,True,False,20261005T104005Z_7611453d,298.945,512.0,2878.0,300.4897,1.3538,0.0,0.0,
y,PASS,False,,,,,Float32 tolerance atol=rtol=1e-4,S7,3.0,128.0,3128.0,6.0,1088.0,True,False,20261005T104005Z_7611453d,298.945,512.0,2878.0,300.4897,1.3538,9.5367431640625e-07,2.878549570406187e-07,
scale,PASS,False,,,,,Float32 tolerance atol=rtol=1e-4,S7,3.0,128.0,3128.0,6.0,1088.0,True,False,20261005T104005Z_7611453d,298.945,512.0,2878.0,300.4897,1.3538,7.275957614183426e-12,7.275957614183426e-12,
q_int16,PASS,True,,,,,Bit-exact INT16,S7,3.0,128.0,3128.0,6.0,1088.0,True,False,20261005T104005Z_7611453d,298.945,512.0,2878.0,300.4897,1.3538,0.0,0.0,0.0
payload bytes,PASS,True,,,,,Byte comparison,S7,3.0,128.0,3128.0,6.0,1088.0,True,False,20261005T104005Z_7611453d,298.945,512.0,2878.0,300.4897,1.3538,,,
packet bytes,FAIL,False,,,,,Byte comparison,S7,3.0,128.0,3128.0,6.0,1088.0,True,False,20261005T104005Z_7611453d,298.945,512.0,2878.0,300.4897,1.3538,,,
CRC validity,PASS,,,,,,CRC recalculated independently on each header[0:12]+payload,S7,3.0,128.0,3128.0,6.0,1088.0,True,False,20261005T104005Z_7611453d,298.945,512.0,2878.0,300.4897,1.3538,,,
packet size,PASS,True,,,,,Byte comparison,S7,3.0,128.0,3128.0,6.0,1088.0,True,False,20261005T104005Z_7611453d,298.945,512.0,2878.0,300.4897,1.3538,,,
filtered,PASS,True,,,,,Float32 tolerance atol=rtol=1e-4,S7,3.0,128.0,3128.0,7.0,1216.0,True,False,20261005T104005Z_7611453d,298.231,512.0,2878.0,300.488,1.9065,0.0,0.0,
normalized,PASS,True,,,,,Float32 tolerance atol=rtol=1e-4,S7,3.0,128.0,3128.0,7.0,1216.0,True,False,20261005T104005Z_7611453d,298.231,512.0,2878.0,300.488,1.9065,0.0,0.0,
y,PASS,False,,,,,Float32 tolerance atol=rtol=1e-4,S7,3.0,128.0,3128.0,7.0,1216.0,True,False,20261005T104005Z_7611453d,298.231,512.0,2878.0,300.488,1.9065,2.86102294921875e-06,4.747610369907465e-07,
scale,PASS,False,,,,,Float32 tolerance atol=rtol=1e-4,S7,3.0,128.0,3128.0,7.0,1216.0,True,False,20261005T104005Z_7611453d,298.231,512.0,2878.0,300.488,1.9065,7.275957614183426e-12,7.275957614183426e-12,
q_int16,PASS,True,,,,,Bit-exact INT16,S7,3.0,128.0,3128.0,7.0,1216.0,True,False,20261005T104005Z_7611453d,298.231,512.0,2878.0,300.488,1.9065,0.0,0.0,0.0
payload bytes,PASS,True,,,,,Byte comparison,S7,3.0,128.0,3128.0,7.0,1216.0,True,False,20261005T104005Z_7611453d,298.231,512.0,2878.0,300.488,1.9065,,,
packet bytes,FAIL,False,,,,,Byte comparison,S7,3.0,128.0,3128.0,7.0,1216.0,True,False,20261005T104005Z_7611453d,298.231,512.0,2878.0,300.488,1.9065,,,
CRC validity,PASS,,,,,,CRC recalculated independently on each header[0:12]+payload,S7,3.0,128.0,3128.0,7.0,1216.0,True,False,20261005T104005Z_7611453d,298.231,512.0,2878.0,300.488,1.9065,,,
packet size,PASS,True,,,,,Byte comparison,S7,3.0,128.0,3128.0,7.0,1216.0,True,False,20261005T104005Z_7611453d,298.231,512.0,2878.0,300.488,1.9065,,,
filtered,PASS,True,,,,,Float32 tolerance atol=rtol=1e-4,S10,4.0,51.0,4051.0,0.0,320.0,True,False,20261005T104005Z_7611453d,412.8324,2304.0,2416.0,414.3105,1.3544,0.0,0.0,
normalized,PASS,True,,,,,Float32 tolerance atol=rtol=1e-4,S10,4.0,51.0,4051.0,0.0,320.0,True,False,20261005T104005Z_7611453d,412.8324,2304.0,2416.0,414.3105,1.3544,0.0,0.0,
y,PASS,False,,,,,Float32 tolerance atol=rtol=1e-4,S10,4.0,51.0,4051.0,0.0,320.0,True,False,20261005T104005Z_7611453d,412.8324,2304.0,2416.0,414.3105,1.3544,2.384185791015625e-06,9.021098517818135e-07,
scale,PASS,False,,,,,Float32 tolerance atol=rtol=1e-4,S10,4.0,51.0,4051.0,0.0,320.0,True,False,20261005T104005Z_7611453d,412.8324,2304.0,2416.0,414.3105,1.3544,1.4551915228366852e-11,1.4551915228366852e-11,
q_int16,PASS,True,,,,,Bit-exact INT16,S10,4.0,51.0,4051.0,0.0,320.0,True,False,20261005T104005Z_7611453d,412.8324,2304.0,2416.0,414.3105,1.3544,0.0,0.0,0.0
payload bytes,PASS,True,,,,,Byte comparison,S10,4.0,51.0,4051.0,0.0,320.0,True,False,20261005T104005Z_7611453d,412.8324,2304.0,2416.0,414.3105,1.3544,,,
packet bytes,FAIL,False,,,,,Byte comparison,S10,4.0,51.0,4051.0,0.0,320.0,True,False,20261005T104005Z_7611453d,412.8324,2304.0,2416.0,414.3105,1.3544,,,
CRC validity,PASS,,,,,,CRC recalculated independently on each header[0:12]+payload,S10,4.0,51.0,4051.0,0.0,320.0,True,False,20261005T104005Z_7611453d,412.8324,2304.0,2416.0,414.3105,1.3544,,,
packet size,PASS,True,,,,,Byte comparison,S10,4.0,51.0,4051.0,0.0,320.0,True,False,20261005T104005Z_7611453d,412.8324,2304.0,2416.0,414.3105,1.3544,,,
filtered,PASS,True,,,,,Float32 tolerance atol=rtol=1e-4,S10,4.0,51.0,4051.0,1.0,448.0,True,False,20261005T104005Z_7611453d,257.8603,512.0,2416.0,260.304,2.1745,0.0,0.0,
normalized,PASS,True,,,,,Float32 tolerance atol=rtol=1e-4,S10,4.0,51.0,4051.0,1.0,448.0,True,False,20261005T104005Z_7611453d,257.8603,512.0,2416.0,260.304,2.1745,0.0,0.0,
y,PASS,False,,,,,Float32 tolerance atol=rtol=1e-4,S10,4.0,51.0,4051.0,1.0,448.0,True,False,20261005T104005Z_7611453d,257.8603,512.0,2416.0,260.304,2.1745,7.62939453125e-06,1.664062943126312e-06,
scale,PASS,True,,,,,Float32 tolerance atol=rtol=1e-4,S10,4.0,51.0,4051.0,1.0,448.0,True,False,20261005T104005Z_7611453d,257.8603,512.0,2416.0,260.304,2.1745,0.0,0.0,
q_int16,PASS,True,,,,,Bit-exact INT16,S10,4.0,51.0,4051.0,1.0,448.0,True,False,20261005T104005Z_7611453d,257.8603,512.0,2416.0,260.304,2.1745,0.0,0.0,0.0
payload bytes,PASS,True,,,,,Byte comparison,S10,4.0,51.0,4051.0,1.0,448.0,True,False,20261005T104005Z_7611453d,257.8603,512.0,2416.0,260.304,2.1745,,,
packet bytes,PASS,True,,,,,Byte comparison,S10,4.0,51.0,4051.0,1.0,448.0,True,False,20261005T104005Z_7611453d,257.8603,512.0,2416.0,260.304,2.1745,,,
CRC validity,PASS,,,,,,CRC recalculated independently on each header[0:12]+payload,S10,4.0,51.0,4051.0,1.0,448.0,True,False,20261005T104005Z_7611453d,257.8603,512.0,2416.0,260.304,2.1745,,,
packet size,PASS,True,,,,,Byte comparison,S10,4.0,51.0,4051.0,1.0,448.0,True,False,20261005T104005Z_7611453d,257.8603,512.0,2416.0,260.304,2.1745,,,
filtered,PASS,True,,,,,Float32 tolerance atol=rtol=1e-4,S10,4.0,51.0,4051.0,2.0,576.0,True,False,20261005T104005Z_7611453d,257.557,512.0,2416.0,258.8892,1.1995,0.0,0.0,
normalized,PASS,True,,,,,Float32 tolerance atol=rtol=1e-4,S10,4.0,51.0,4051.0,2.0,576.0,True,False,20261005T104005Z_7611453d,257.557,512.0,2416.0,258.8892,1.1995,0.0,0.0,
y,PASS,False,,,,,Float32 tolerance atol=rtol=1e-4,S10,4.0,51.0,4051.0,2.0,576.0,True,False,20261005T104005Z_7611453d,257.557,512.0,2416.0,258.8892,1.1995,5.960464477539062e-07,1.7792342070355895e-07,
scale,PASS,False,,,,,Float32 tolerance atol=rtol=1e-4,S10,4.0,51.0,4051.0,2.0,576.0,True,False,20261005T104005Z_7611453d,257.557,512.0,2416.0,258.8892,1.1995,1.8189894035458565e-11,1.8189894035458565e-11,
q_int16,WITHIN_1_LSB,False,,,,,Numerical agreement within 1 LSB,S10,4.0,51.0,4051.0,2.0,576.0,True,False,20261005T104005Z_7611453d,257.557,512.0,2416.0,258.8892,1.1995,1.0,0.14002800840280097,1.0
payload bytes,FAIL,False,,,,,Byte comparison,S10,4.0,51.0,4051.0,2.0,576.0,True,False,20261005T104005Z_7611453d,257.557,512.0,2416.0,258.8892,1.1995,,,
packet bytes,FAIL,False,,,,,Byte comparison,S10,4.0,51.0,4051.0,2.0,576.0,True,False,20261005T104005Z_7611453d,257.557,512.0,2416.0,258.8892,1.1995,,,
CRC validity,PASS,,,,,,CRC recalculated independently on each header[0:12]+payload,S10,4.0,51.0,4051.0,2.0,576.0,True,False,20261005T104005Z_7611453d,257.557,512.0,2416.0,258.8892,1.1995,,,
packet size,PASS,True,,,,,Byte comparison,S10,4.0,51.0,4051.0,2.0,576.0,True,False,20261005T104005Z_7611453d,257.557,512.0,2416.0,258.8892,1.1995,,,
filtered,PASS,True,,,,,Float32 tolerance atol=rtol=1e-4,S10,4.0,51.0,4051.0,3.0,704.0,True,False,20261005T104005Z_7611453d,257.7563,512.0,2416.0,259.5511,1.6466,0.0,0.0,
normalized,PASS,True,,,,,Float32 tolerance atol=rtol=1e-4,S10,4.0,51.0,4051.0,3.0,704.0,True,False,20261005T104005Z_7611453d,257.7563,512.0,2416.0,259.5511,1.6466,0.0,0.0,
y,PASS,False,,,,,Float32 tolerance atol=rtol=1e-4,S10,4.0,51.0,4051.0,3.0,704.0,True,False,20261005T104005Z_7611453d,257.7563,512.0,2416.0,259.5511,1.6466,5.960464477539062e-07,1.4713270198509228e-07,
scale,PASS,True,,,,,Float32 tolerance atol=rtol=1e-4,S10,4.0,51.0,4051.0,3.0,704.0,True,False,20261005T104005Z_7611453d,257.7563,512.0,2416.0,259.5511,1.6466,0.0,0.0,
q_int16,PASS,True,,,,,Bit-exact INT16,S10,4.0,51.0,4051.0,3.0,704.0,True,False,20261005T104005Z_7611453d,257.7563,512.0,2416.0,259.5511,1.6466,0.0,0.0,0.0
payload bytes,PASS,True,,,,,Byte comparison,S10,4.0,51.0,4051.0,3.0,704.0,True,False,20261005T104005Z_7611453d,257.7563,512.0,2416.0,259.5511,1.6466,,,
packet bytes,PASS,True,,,,,Byte comparison,S10,4.0,51.0,4051.0,3.0,704.0,True,False,20261005T104005Z_7611453d,257.7563,512.0,2416.0,259.5511,1.6466,,,
CRC validity,PASS,,,,,,CRC recalculated independently on each header[0:12]+payload,S10,4.0,51.0,4051.0,3.0,704.0,True,False,20261005T104005Z_7611453d,257.7563,512.0,2416.0,259.5511,1.6466,,,
packet size,PASS,True,,,,,Byte comparison,S10,4.0,51.0,4051.0,3.0,704.0,True,False,20261005T104005Z_7611453d,257.7563,512.0,2416.0,259.5511,1.6466,,,
filtered,PASS,True,,,,,Float32 tolerance atol=rtol=1e-4,S10,4.0,51.0,4051.0,4.0,832.0,True,False,20261005T104005Z_7611453d,257.5799,512.0,2416.0,259.1571,1.4489,0.0,0.0,
normalized,PASS,True,,,,,Float32 tolerance atol=rtol=1e-4,S10,4.0,51.0,4051.0,4.0,832.0,True,False,20261005T104005Z_7611453d,257.5799,512.0,2416.0,259.1571,1.4489,0.0,0.0,
y,PASS,False,,,,,Float32 tolerance atol=rtol=1e-4,S10,4.0,51.0,4051.0,4.0,832.0,True,False,20261005T104005Z_7611453d,257.5799,512.0,2416.0,259.1571,1.4489,5.960464477539062e-07,1.7524864805660057e-07,
scale,PASS,False,,,,,Float32 tolerance atol=rtol=1e-4,S10,4.0,51.0,4051.0,4.0,832.0,True,False,20261005T104005Z_7611453d,257.5799,512.0,2416.0,259.1571,1.4489,3.637978807091713e-12,3.637978807091713e-12,
q_int16,PASS,True,,,,,Bit-exact INT16,S10,4.0,51.0,4051.0,4.0,832.0,True,False,20261005T104005Z_7611453d,257.5799,512.0,2416.0,259.1571,1.4489,0.0,0.0,0.0
payload bytes,PASS,True,,,,,Byte comparison,S10,4.0,51.0,4051.0,4.0,832.0,True,False,20261005T104005Z_7611453d,257.5799,512.0,2416.0,259.1571,1.4489,,,
packet bytes,FAIL,False,,,,,Byte comparison,S10,4.0,51.0,4051.0,4.0,832.0,True,False,20261005T104005Z_7611453d,257.5799,512.0,2416.0,259.1571,1.4489,,,
CRC validity,PASS,,,,,,CRC recalculated independently on each header[0:12]+payload,S10,4.0,51.0,4051.0,4.0,832.0,True,False,20261005T104005Z_7611453d,257.5799,512.0,2416.0,259.1571,1.4489,,,
packet size,PASS,True,,,,,Byte comparison,S10,4.0,51.0,4051.0,4.0,832.0,True,False,20261005T104005Z_7611453d,257.5799,512.0,2416.0,259.1571,1.4489,,,
filtered,PASS,True,,,,,Float32 tolerance atol=rtol=1e-4,S10,4.0,51.0,4051.0,5.0,960.0,True,False,20261005T104005Z_7611453d,257.4869,512.0,2416.0,258.8862,1.276,0.0,0.0,
normalized,PASS,True,,,,,Float32 tolerance atol=rtol=1e-4,S10,4.0,51.0,4051.0,5.0,960.0,True,False,20261005T104005Z_7611453d,257.4869,512.0,2416.0,258.8862,1.276,0.0,0.0,
y,PASS,False,,,,,Float32 tolerance atol=rtol=1e-4,S10,4.0,51.0,4051.0,5.0,960.0,True,False,20261005T104005Z_7611453d,257.4869,512.0,2416.0,258.8862,1.276,2.682209014892578e-07,1.219949801972889e-07,
scale,PASS,False,,,,,Float32 tolerance atol=rtol=1e-4,S10,4.0,51.0,4051.0,5.0,960.0,True,False,20261005T104005Z_7611453d,257.4869,512.0,2416.0,258.8862,1.276,3.637978807091713e-12,3.637978807091713e-12,
q_int16,PASS,True,,,,,Bit-exact INT16,S10,4.0,51.0,4051.0,5.0,960.0,True,False,20261005T104005Z_7611453d,257.4869,512.0,2416.0,258.8862,1.276,0.0,0.0,0.0
payload bytes,PASS,True,,,,,Byte comparison,S10,4.0,51.0,4051.0,5.0,960.0,True,False,20261005T104005Z_7611453d,257.4869,512.0,2416.0,258.8862,1.276,,,
packet bytes,FAIL,False,,,,,Byte comparison,S10,4.0,51.0,4051.0,5.0,960.0,True,False,20261005T104005Z_7611453d,257.4869,512.0,2416.0,258.8862,1.276,,,
CRC validity,PASS,,,,,,CRC recalculated independently on each header[0:12]+payload,S10,4.0,51.0,4051.0,5.0,960.0,True,False,20261005T104005Z_7611453d,257.4869,512.0,2416.0,258.8862,1.276,,,
packet size,PASS,True,,,,,Byte comparison,S10,4.0,51.0,4051.0,5.0,960.0,True,False,20261005T104005Z_7611453d,257.4869,512.0,2416.0,258.8862,1.276,,,
filtered,PASS,True,,,,,Float32 tolerance atol=rtol=1e-4,S10,4.0,51.0,4051.0,6.0,1088.0,True,False,20261005T104005Z_7611453d,257.9786,512.0,2416.0,260.7933,2.5967,0.0,0.0,
normalized,PASS,True,,,,,Float32 tolerance atol=rtol=1e-4,S10,4.0,51.0,4051.0,6.0,1088.0,True,False,20261005T104005Z_7611453d,257.9786,512.0,2416.0,260.7933,2.5967,0.0,0.0,
y,PASS,False,,,,,Float32 tolerance atol=rtol=1e-4,S10,4.0,51.0,4051.0,6.0,1088.0,True,False,20261005T104005Z_7611453d,257.9786,512.0,2416.0,260.7933,2.5967,7.152557373046875e-07,2.0220544296738555e-07,
scale,PASS,False,,,,,Float32 tolerance atol=rtol=1e-4,S10,4.0,51.0,4051.0,6.0,1088.0,True,False,20261005T104005Z_7611453d,257.9786,512.0,2416.0,260.7933,2.5967,1.0913936421275139e-11,1.0913936421275139e-11,
q_int16,PASS,True,,,,,Bit-exact INT16,S10,4.0,51.0,4051.0,6.0,1088.0,True,False,20261005T104005Z_7611453d,257.9786,512.0,2416.0,260.7933,2.5967,0.0,0.0,0.0
payload bytes,PASS,True,,,,,Byte comparison,S10,4.0,51.0,4051.0,6.0,1088.0,True,False,20261005T104005Z_7611453d,257.9786,512.0,2416.0,260.7933,2.5967,,,
packet bytes,FAIL,False,,,,,Byte comparison,S10,4.0,51.0,4051.0,6.0,1088.0,True,False,20261005T104005Z_7611453d,257.9786,512.0,2416.0,260.7933,2.5967,,,
CRC validity,PASS,,,,,,CRC recalculated independently on each header[0:12]+payload,S10,4.0,51.0,4051.0,6.0,1088.0,True,False,20261005T104005Z_7611453d,257.9786,512.0,2416.0,260.7933,2.5967,,,
packet size,PASS,True,,,,,Byte comparison,S10,4.0,51.0,4051.0,6.0,1088.0,True,False,20261005T104005Z_7611453d,257.9786,512.0,2416.0,260.7933,2.5967,,,
filtered,PASS,True,,,,,Float32 tolerance atol=rtol=1e-4,S10,4.0,51.0,4051.0,7.0,1216.0,True,False,20261005T104005Z_7611453d,258.2974,512.0,2416.0,260.6024,2.0827,0.0,0.0,
normalized,PASS,True,,,,,Float32 tolerance atol=rtol=1e-4,S10,4.0,51.0,4051.0,7.0,1216.0,True,False,20261005T104005Z_7611453d,258.2974,512.0,2416.0,260.6024,2.0827,0.0,0.0,
y,PASS,False,,,,,Float32 tolerance atol=rtol=1e-4,S10,4.0,51.0,4051.0,7.0,1216.0,True,False,20261005T104005Z_7611453d,258.2974,512.0,2416.0,260.6024,2.0827,3.5762786865234375e-07,1.4815199971671797e-07,
scale,PASS,False,,,,,Float32 tolerance atol=rtol=1e-4,S10,4.0,51.0,4051.0,7.0,1216.0,True,False,20261005T104005Z_7611453d,258.2974,512.0,2416.0,260.6024,2.0827,7.275957614183426e-12,7.275957614183426e-12,
q_int16,WITHIN_1_LSB,False,,,,,Numerical agreement within 1 LSB,S10,4.0,51.0,4051.0,7.0,1216.0,True,False,20261005T104005Z_7611453d,258.2974,512.0,2416.0,260.6024,2.0827,1.0,0.14002800840280097,1.0
payload bytes,FAIL,False,,,,,Byte comparison,S10,4.0,51.0,4051.0,7.0,1216.0,True,False,20261005T104005Z_7611453d,258.2974,512.0,2416.0,260.6024,2.0827,,,
packet bytes,FAIL,False,,,,,Byte comparison,S10,4.0,51.0,4051.0,7.0,1216.0,True,False,20261005T104005Z_7611453d,258.2974,512.0,2416.0,260.6024,2.0827,,,
CRC validity,PASS,,,,,,CRC recalculated independently on each header[0:12]+payload,S10,4.0,51.0,4051.0,7.0,1216.0,True,False,20261005T104005Z_7611453d,258.2974,512.0,2416.0,260.6024,2.0827,,,
packet size,PASS,True,,,,,Byte comparison,S10,4.0,51.0,4051.0,7.0,1216.0,True,False,20261005T104005Z_7611453d,258.2974,512.0,2416.0,260.6024,2.0827,,,
filtered,PASS,True,,,,,Float32 tolerance atol=rtol=1e-4,S10,4.0,77.0,4077.0,0.0,320.0,True,False,20261005T104005Z_7611453d,427.2012,2304.0,2572.0,429.5967,2.1931,0.0,0.0,
normalized,PASS,True,,,,,Float32 tolerance atol=rtol=1e-4,S10,4.0,77.0,4077.0,0.0,320.0,True,False,20261005T104005Z_7611453d,427.2012,2304.0,2572.0,429.5967,2.1931,0.0,0.0,
y,PASS,False,,,,,Float32 tolerance atol=rtol=1e-4,S10,4.0,77.0,4077.0,0.0,320.0,True,False,20261005T104005Z_7611453d,427.2012,2304.0,2572.0,429.5967,2.1931,2.384185791015625e-06,7.201266112038878e-07,
scale,PASS,True,,,,,Float32 tolerance atol=rtol=1e-4,S10,4.0,77.0,4077.0,0.0,320.0,True,False,20261005T104005Z_7611453d,427.2012,2304.0,2572.0,429.5967,2.1931,0.0,0.0,
q_int16,PASS,True,,,,,Bit-exact INT16,S10,4.0,77.0,4077.0,0.0,320.0,True,False,20261005T104005Z_7611453d,427.2012,2304.0,2572.0,429.5967,2.1931,0.0,0.0,0.0
payload bytes,PASS,True,,,,,Byte comparison,S10,4.0,77.0,4077.0,0.0,320.0,True,False,20261005T104005Z_7611453d,427.2012,2304.0,2572.0,429.5967,2.1931,,,
packet bytes,PASS,True,,,,,Byte comparison,S10,4.0,77.0,4077.0,0.0,320.0,True,False,20261005T104005Z_7611453d,427.2012,2304.0,2572.0,429.5967,2.1931,,,
CRC validity,PASS,,,,,,CRC recalculated independently on each header[0:12]+payload,S10,4.0,77.0,4077.0,0.0,320.0,True,False,20261005T104005Z_7611453d,427.2012,2304.0,2572.0,429.5967,2.1931,,,
packet size,PASS,True,,,,,Byte comparison,S10,4.0,77.0,4077.0,0.0,320.0,True,False,20261005T104005Z_7611453d,427.2012,2304.0,2572.0,429.5967,2.1931,,,
filtered,PASS,True,,,,,Float32 tolerance atol=rtol=1e-4,S10,4.0,77.0,4077.0,1.0,448.0,True,False,20261005T104005Z_7611453d,272.0941,512.0,2572.0,274.9942,2.6834,0.0,0.0,
normalized,PASS,True,,,,,Float32 tolerance atol=rtol=1e-4,S10,4.0,77.0,4077.0,1.0,448.0,True,False,20261005T104005Z_7611453d,272.0941,512.0,2572.0,274.9942,2.6834,0.0,0.0,
y,PASS,False,,,,,Float32 tolerance atol=rtol=1e-4,S10,4.0,77.0,4077.0,1.0,448.0,True,False,20261005T104005Z_7611453d,272.0941,512.0,2572.0,274.9942,2.6834,5.7220458984375e-06,1.2712542997792006e-06,
scale,PASS,True,,,,,Float32 tolerance atol=rtol=1e-4,S10,4.0,77.0,4077.0,1.0,448.0,True,False,20261005T104005Z_7611453d,272.0941,512.0,2572.0,274.9942,2.6834,0.0,0.0,
q_int16,PASS,True,,,,,Bit-exact INT16,S10,4.0,77.0,4077.0,1.0,448.0,True,False,20261005T104005Z_7611453d,272.0941,512.0,2572.0,274.9942,2.6834,0.0,0.0,0.0
payload bytes,PASS,True,,,,,Byte comparison,S10,4.0,77.0,4077.0,1.0,448.0,True,False,20261005T104005Z_7611453d,272.0941,512.0,2572.0,274.9942,2.6834,,,
packet bytes,PASS,True,,,,,Byte comparison,S10,4.0,77.0,4077.0,1.0,448.0,True,False,20261005T104005Z_7611453d,272.0941,512.0,2572.0,274.9942,2.6834,,,
CRC validity,PASS,,,,,,CRC recalculated independently on each header[0:12]+payload,S10,4.0,77.0,4077.0,1.0,448.0,True,False,20261005T104005Z_7611453d,272.0941,512.0,2572.0,274.9942,2.6834,,,
packet size,PASS,True,,,,,Byte comparison,S10,4.0,77.0,4077.0,1.0,448.0,True,False,20261005T104005Z_7611453d,272.0941,512.0,2572.0,274.9942,2.6834,,,
filtered,PASS,True,,,,,Float32 tolerance atol=rtol=1e-4,S10,4.0,77.0,4077.0,2.0,576.0,True,False,20261005T104005Z_7611453d,272.0336,512.0,2572.0,274.3477,2.0563,0.0,0.0,
normalized,PASS,True,,,,,Float32 tolerance atol=rtol=1e-4,S10,4.0,77.0,4077.0,2.0,576.0,True,False,20261005T104005Z_7611453d,272.0336,512.0,2572.0,274.3477,2.0563,0.0,0.0,
y,PASS,False,,,,,Float32 tolerance atol=rtol=1e-4,S10,4.0,77.0,4077.0,2.0,576.0,True,False,20261005T104005Z_7611453d,272.0336,512.0,2572.0,274.3477,2.0563,5.066394805908203e-07,1.4504111628981823e-07,
scale,PASS,False,,,,,Float32 tolerance atol=rtol=1e-4,S10,4.0,77.0,4077.0,2.0,576.0,True,False,20261005T104005Z_7611453d,272.0336,512.0,2572.0,274.3477,2.0563,1.4551915228366852e-11,1.4551915228366852e-11,
q_int16,WITHIN_1_LSB,False,,,,,Numerical agreement within 1 LSB,S10,4.0,77.0,4077.0,2.0,576.0,True,False,20261005T104005Z_7611453d,272.0336,512.0,2572.0,274.3477,2.0563,1.0,0.11396057645963795,1.0
payload bytes,FAIL,False,,,,,Byte comparison,S10,4.0,77.0,4077.0,2.0,576.0,True,False,20261005T104005Z_7611453d,272.0336,512.0,2572.0,274.3477,2.0563,,,
packet bytes,FAIL,False,,,,,Byte comparison,S10,4.0,77.0,4077.0,2.0,576.0,True,False,20261005T104005Z_7611453d,272.0336,512.0,2572.0,274.3477,2.0563,,,
CRC validity,PASS,,,,,,CRC recalculated independently on each header[0:12]+payload,S10,4.0,77.0,4077.0,2.0,576.0,True,False,20261005T104005Z_7611453d,272.0336,512.0,2572.0,274.3477,2.0563,,,
packet size,PASS,True,,,,,Byte comparison,S10,4.0,77.0,4077.0,2.0,576.0,True,False,20261005T104005Z_7611453d,272.0336,512.0,2572.0,274.3477,2.0563,,,
filtered,PASS,True,,,,,Float32 tolerance atol=rtol=1e-4,S10,4.0,77.0,4077.0,3.0,704.0,True,False,20261005T104005Z_7611453d,271.8083,512.0,2572.0,273.5112,1.5424,0.0,0.0,
normalized,PASS,True,,,,,Float32 tolerance atol=rtol=1e-4,S10,4.0,77.0,4077.0,3.0,704.0,True,False,20261005T104005Z_7611453d,271.8083,512.0,2572.0,273.5112,1.5424,0.0,0.0,
y,PASS,False,,,,,Float32 tolerance atol=rtol=1e-4,S10,4.0,77.0,4077.0,3.0,704.0,True,False,20261005T104005Z_7611453d,271.8083,512.0,2572.0,273.5112,1.5424,3.5762786865234375e-07,1.0058795454691986e-07,
scale,PASS,False,,,,,Float32 tolerance atol=rtol=1e-4,S10,4.0,77.0,4077.0,3.0,704.0,True,False,20261005T104005Z_7611453d,271.8083,512.0,2572.0,273.5112,1.5424,3.637978807091713e-12,3.637978807091713e-12,
q_int16,PASS,True,,,,,Bit-exact INT16,S10,4.0,77.0,4077.0,3.0,704.0,True,False,20261005T104005Z_7611453d,271.8083,512.0,2572.0,273.5112,1.5424,0.0,0.0,0.0
payload bytes,PASS,True,,,,,Byte comparison,S10,4.0,77.0,4077.0,3.0,704.0,True,False,20261005T104005Z_7611453d,271.8083,512.0,2572.0,273.5112,1.5424,,,
packet bytes,FAIL,False,,,,,Byte comparison,S10,4.0,77.0,4077.0,3.0,704.0,True,False,20261005T104005Z_7611453d,271.8083,512.0,2572.0,273.5112,1.5424,,,
CRC validity,PASS,,,,,,CRC recalculated independently on each header[0:12]+payload,S10,4.0,77.0,4077.0,3.0,704.0,True,False,20261005T104005Z_7611453d,271.8083,512.0,2572.0,273.5112,1.5424,,,
packet size,PASS,True,,,,,Byte comparison,S10,4.0,77.0,4077.0,3.0,704.0,True,False,20261005T104005Z_7611453d,271.8083,512.0,2572.0,273.5112,1.5424,,,
filtered,PASS,True,,,,,Float32 tolerance atol=rtol=1e-4,S10,4.0,77.0,4077.0,4.0,832.0,True,False,20261005T104005Z_7611453d,271.5845,512.0,2572.0,273.2041,1.4526,0.0,0.0,
normalized,PASS,True,,,,,Float32 tolerance atol=rtol=1e-4,S10,4.0,77.0,4077.0,4.0,832.0,True,False,20261005T104005Z_7611453d,271.5845,512.0,2572.0,273.2041,1.4526,0.0,0.0,
y,PASS,False,,,,,Float32 tolerance atol=rtol=1e-4,S10,4.0,77.0,4077.0,4.0,832.0,True,False,20261005T104005Z_7611453d,271.5845,512.0,2572.0,273.2041,1.4526,3.5762786865234375e-07,1.338415692245265e-07,
scale,PASS,False,,,,,Float32 tolerance atol=rtol=1e-4,S10,4.0,77.0,4077.0,4.0,832.0,True,False,20261005T104005Z_7611453d,271.5845,512.0,2572.0,273.2041,1.4526,3.637978807091713e-12,3.637978807091713e-12,
q_int16,PASS,True,,,,,Bit-exact INT16,S10,4.0,77.0,4077.0,4.0,832.0,True,False,20261005T104005Z_7611453d,271.5845,512.0,2572.0,273.2041,1.4526,0.0,0.0,0.0
payload bytes,PASS,True,,,,,Byte comparison,S10,4.0,77.0,4077.0,4.0,832.0,True,False,20261005T104005Z_7611453d,271.5845,512.0,2572.0,273.2041,1.4526,,,
packet bytes,FAIL,False,,,,,Byte comparison,S10,4.0,77.0,4077.0,4.0,832.0,True,False,20261005T104005Z_7611453d,271.5845,512.0,2572.0,273.2041,1.4526,,,
CRC validity,PASS,,,,,,CRC recalculated independently on each header[0:12]+payload,S10,4.0,77.0,4077.0,4.0,832.0,True,False,20261005T104005Z_7611453d,271.5845,512.0,2572.0,273.2041,1.4526,,,
packet size,PASS,True,,,,,Byte comparison,S10,4.0,77.0,4077.0,4.0,832.0,True,False,20261005T104005Z_7611453d,271.5845,512.0,2572.0,273.2041,1.4526,,,
filtered,PASS,True,,,,,Float32 tolerance atol=rtol=1e-4,S10,4.0,77.0,4077.0,5.0,960.0,True,False,20261005T104005Z_7611453d,271.9558,512.0,2572.0,275.0671,2.8656,0.0,0.0,
normalized,PASS,True,,,,,Float32 tolerance atol=rtol=1e-4,S10,4.0,77.0,4077.0,5.0,960.0,True,False,20261005T104005Z_7611453d,271.9558,512.0,2572.0,275.0671,2.8656,0.0,0.0,
y,PASS,False,,,,,Float32 tolerance atol=rtol=1e-4,S10,4.0,77.0,4077.0,5.0,960.0,True,False,20261005T104005Z_7611453d,271.9558,512.0,2572.0,275.0671,2.8656,2.980232238769531e-07,1.13585967951529e-07,
scale,PASS,False,,,,,Float32 tolerance atol=rtol=1e-4,S10,4.0,77.0,4077.0,5.0,960.0,True,False,20261005T104005Z_7611453d,271.9558,512.0,2572.0,275.0671,2.8656,3.637978807091713e-12,3.637978807091713e-12,
q_int16,PASS,True,,,,,Bit-exact INT16,S10,4.0,77.0,4077.0,5.0,960.0,True,False,20261005T104005Z_7611453d,271.9558,512.0,2572.0,275.0671,2.8656,0.0,0.0,0.0
payload bytes,PASS,True,,,,,Byte comparison,S10,4.0,77.0,4077.0,5.0,960.0,True,False,20261005T104005Z_7611453d,271.9558,512.0,2572.0,275.0671,2.8656,,,
packet bytes,FAIL,False,,,,,Byte comparison,S10,4.0,77.0,4077.0,5.0,960.0,True,False,20261005T104005Z_7611453d,271.9558,512.0,2572.0,275.0671,2.8656,,,
CRC validity,PASS,,,,,,CRC recalculated independently on each header[0:12]+payload,S10,4.0,77.0,4077.0,5.0,960.0,True,False,20261005T104005Z_7611453d,271.9558,512.0,2572.0,275.0671,2.8656,,,
packet size,PASS,True,,,,,Byte comparison,S10,4.0,77.0,4077.0,5.0,960.0,True,False,20261005T104005Z_7611453d,271.9558,512.0,2572.0,275.0671,2.8656,,,
filtered,PASS,True,,,,,Float32 tolerance atol=rtol=1e-4,S10,4.0,77.0,4077.0,6.0,1088.0,True,False,20261005T104005Z_7611453d,271.8018,512.0,2572.0,274.852,2.8278,0.0,0.0,
normalized,PASS,True,,,,,Float32 tolerance atol=rtol=1e-4,S10,4.0,77.0,4077.0,6.0,1088.0,True,False,20261005T104005Z_7611453d,271.8018,512.0,2572.0,274.852,2.8278,0.0,0.0,
y,PASS,False,,,,,Float32 tolerance atol=rtol=1e-4,S10,4.0,77.0,4077.0,6.0,1088.0,True,False,20261005T104005Z_7611453d,271.8018,512.0,2572.0,274.852,2.8278,5.960464477539062e-07,1.4549165994708228e-07,
scale,PASS,False,,,,,Float32 tolerance atol=rtol=1e-4,S10,4.0,77.0,4077.0,6.0,1088.0,True,False,20261005T104005Z_7611453d,271.8018,512.0,2572.0,274.852,2.8278,7.275957614183426e-12,7.275957614183426e-12,
q_int16,WITHIN_1_LSB,False,,,,,Numerical agreement within 1 LSB,S10,4.0,77.0,4077.0,6.0,1088.0,True,False,20261005T104005Z_7611453d,271.8018,512.0,2572.0,274.852,2.8278,1.0,0.11396057645963795,1.0
payload bytes,FAIL,False,,,,,Byte comparison,S10,4.0,77.0,4077.0,6.0,1088.0,True,False,20261005T104005Z_7611453d,271.8018,512.0,2572.0,274.852,2.8278,,,
packet bytes,FAIL,False,,,,,Byte comparison,S10,4.0,77.0,4077.0,6.0,1088.0,True,False,20261005T104005Z_7611453d,271.8018,512.0,2572.0,274.852,2.8278,,,
CRC validity,PASS,,,,,,CRC recalculated independently on each header[0:12]+payload,S10,4.0,77.0,4077.0,6.0,1088.0,True,False,20261005T104005Z_7611453d,271.8018,512.0,2572.0,274.852,2.8278,,,
packet size,PASS,True,,,,,Byte comparison,S10,4.0,77.0,4077.0,6.0,1088.0,True,False,20261005T104005Z_7611453d,271.8018,512.0,2572.0,274.852,2.8278,,,
filtered,PASS,True,,,,,Float32 tolerance atol=rtol=1e-4,S10,4.0,77.0,4077.0,7.0,1216.0,True,False,20261005T104005Z_7611453d,273.9148,512.0,2572.0,276.5761,2.2652,0.0,0.0,
normalized,PASS,True,,,,,Float32 tolerance atol=rtol=1e-4,S10,4.0,77.0,4077.0,7.0,1216.0,True,False,20261005T104005Z_7611453d,273.9148,512.0,2572.0,276.5761,2.2652,0.0,0.0,
y,PASS,False,,,,,Float32 tolerance atol=rtol=1e-4,S10,4.0,77.0,4077.0,7.0,1216.0,True,False,20261005T104005Z_7611453d,273.9148,512.0,2572.0,276.5761,2.2652,3.2782554626464844e-07,1.1429860681730292e-07,
scale,PASS,False,,,,,Float32 tolerance atol=rtol=1e-4,S10,4.0,77.0,4077.0,7.0,1216.0,True,False,20261005T104005Z_7611453d,273.9148,512.0,2572.0,276.5761,2.2652,5.4569682106375694e-12,5.4569682106375694e-12,
q_int16,PASS,True,,,,,Bit-exact INT16,S10,4.0,77.0,4077.0,7.0,1216.0,True,False,20261005T104005Z_7611453d,273.9148,512.0,2572.0,276.5761,2.2652,0.0,0.0,0.0
payload bytes,PASS,True,,,,,Byte comparison,S10,4.0,77.0,4077.0,7.0,1216.0,True,False,20261005T104005Z_7611453d,273.9148,512.0,2572.0,276.5761,2.2652,,,
packet bytes,FAIL,False,,,,,Byte comparison,S10,4.0,77.0,4077.0,7.0,1216.0,True,False,20261005T104005Z_7611453d,273.9148,512.0,2572.0,276.5761,2.2652,,,
CRC validity,PASS,,,,,,CRC recalculated independently on each header[0:12]+payload,S10,4.0,77.0,4077.0,7.0,1216.0,True,False,20261005T104005Z_7611453d,273.9148,512.0,2572.0,276.5761,2.2652,,,
packet size,PASS,True,,,,,Byte comparison,S10,4.0,77.0,4077.0,7.0,1216.0,True,False,20261005T104005Z_7611453d,273.9148,512.0,2572.0,276.5761,2.2652,,,
filtered,PASS,True,,,,,Float32 tolerance atol=rtol=1e-4,S10,4.0,128.0,4128.0,0.0,320.0,True,False,20261005T104005Z_7611453d,454.2465,2304.0,2878.0,456.116,1.6933,0.0,0.0,
normalized,PASS,True,,,,,Float32 tolerance atol=rtol=1e-4,S10,4.0,128.0,4128.0,0.0,320.0,True,False,20261005T104005Z_7611453d,454.2465,2304.0,2878.0,456.116,1.6933,0.0,0.0,
y,PASS,False,,,,,Float32 tolerance atol=rtol=1e-4,S10,4.0,128.0,4128.0,0.0,320.0,True,False,20261005T104005Z_7611453d,454.2465,2304.0,2878.0,456.116,1.6933,1.9073486328125e-06,5.307323722607789e-07,
scale,PASS,False,,,,,Float32 tolerance atol=rtol=1e-4,S10,4.0,128.0,4128.0,0.0,320.0,True,False,20261005T104005Z_7611453d,454.2465,2304.0,2878.0,456.116,1.6933,1.4551915228366852e-11,1.4551915228366852e-11,
q_int16,PASS,True,,,,,Bit-exact INT16,S10,4.0,128.0,4128.0,0.0,320.0,True,False,20261005T104005Z_7611453d,454.2465,2304.0,2878.0,456.116,1.6933,0.0,0.0,0.0
payload bytes,PASS,True,,,,,Byte comparison,S10,4.0,128.0,4128.0,0.0,320.0,True,False,20261005T104005Z_7611453d,454.2465,2304.0,2878.0,456.116,1.6933,,,
packet bytes,FAIL,False,,,,,Byte comparison,S10,4.0,128.0,4128.0,0.0,320.0,True,False,20261005T104005Z_7611453d,454.2465,2304.0,2878.0,456.116,1.6933,,,
CRC validity,PASS,,,,,,CRC recalculated independently on each header[0:12]+payload,S10,4.0,128.0,4128.0,0.0,320.0,True,False,20261005T104005Z_7611453d,454.2465,2304.0,2878.0,456.116,1.6933,,,
packet size,PASS,True,,,,,Byte comparison,S10,4.0,128.0,4128.0,0.0,320.0,True,False,20261005T104005Z_7611453d,454.2465,2304.0,2878.0,456.116,1.6933,,,
filtered,PASS,True,,,,,Float32 tolerance atol=rtol=1e-4,S10,4.0,128.0,4128.0,1.0,448.0,True,False,20261005T104005Z_7611453d,298.9838,512.0,2878.0,300.7661,1.5845,0.0,0.0,
normalized,PASS,True,,,,,Float32 tolerance atol=rtol=1e-4,S10,4.0,128.0,4128.0,1.0,448.0,True,False,20261005T104005Z_7611453d,298.9838,512.0,2878.0,300.7661,1.5845,0.0,0.0,
y,PASS,False,,,,,Float32 tolerance atol=rtol=1e-4,S10,4.0,128.0,4128.0,1.0,448.0,True,False,20261005T104005Z_7611453d,298.9838,512.0,2878.0,300.7661,1.5845,3.814697265625e-06,9.235420085493058e-07,
scale,PASS,False,,,,,Float32 tolerance atol=rtol=1e-4,S10,4.0,128.0,4128.0,1.0,448.0,True,False,20261005T104005Z_7611453d,298.9838,512.0,2878.0,300.7661,1.5845,2.9103830456733704e-11,2.9103830456733704e-11,
q_int16,PASS,True,,,,,Bit-exact INT16,S10,4.0,128.0,4128.0,1.0,448.0,True,False,20261005T104005Z_7611453d,298.9838,512.0,2878.0,300.7661,1.5845,0.0,0.0,0.0
payload bytes,PASS,True,,,,,Byte comparison,S10,4.0,128.0,4128.0,1.0,448.0,True,False,20261005T104005Z_7611453d,298.9838,512.0,2878.0,300.7661,1.5845,,,
packet bytes,FAIL,False,,,,,Byte comparison,S10,4.0,128.0,4128.0,1.0,448.0,True,False,20261005T104005Z_7611453d,298.9838,512.0,2878.0,300.7661,1.5845,,,
CRC validity,PASS,,,,,,CRC recalculated independently on each header[0:12]+payload,S10,4.0,128.0,4128.0,1.0,448.0,True,False,20261005T104005Z_7611453d,298.9838,512.0,2878.0,300.7661,1.5845,,,
packet size,PASS,True,,,,,Byte comparison,S10,4.0,128.0,4128.0,1.0,448.0,True,False,20261005T104005Z_7611453d,298.9838,512.0,2878.0,300.7661,1.5845,,,
filtered,PASS,True,,,,,Float32 tolerance atol=rtol=1e-4,S10,4.0,128.0,4128.0,2.0,576.0,True,False,20261005T104005Z_7611453d,299.5305,512.0,2878.0,302.2609,2.4905,0.0,0.0,
normalized,PASS,True,,,,,Float32 tolerance atol=rtol=1e-4,S10,4.0,128.0,4128.0,2.0,576.0,True,False,20261005T104005Z_7611453d,299.5305,512.0,2878.0,302.2609,2.4905,0.0,0.0,
y,PASS,False,,,,,Float32 tolerance atol=rtol=1e-4,S10,4.0,128.0,4128.0,2.0,576.0,True,False,20261005T104005Z_7611453d,299.5305,512.0,2878.0,302.2609,2.4905,4.76837158203125e-07,1.1534864772461093e-07,
scale,PASS,True,,,,,Float32 tolerance atol=rtol=1e-4,S10,4.0,128.0,4128.0,2.0,576.0,True,False,20261005T104005Z_7611453d,299.5305,512.0,2878.0,302.2609,2.4905,0.0,0.0,
q_int16,PASS,True,,,,,Bit-exact INT16,S10,4.0,128.0,4128.0,2.0,576.0,True,False,20261005T104005Z_7611453d,299.5305,512.0,2878.0,302.2609,2.4905,0.0,0.0,0.0
payload bytes,PASS,True,,,,,Byte comparison,S10,4.0,128.0,4128.0,2.0,576.0,True,False,20261005T104005Z_7611453d,299.5305,512.0,2878.0,302.2609,2.4905,,,
packet bytes,PASS,True,,,,,Byte comparison,S10,4.0,128.0,4128.0,2.0,576.0,True,False,20261005T104005Z_7611453d,299.5305,512.0,2878.0,302.2609,2.4905,,,
CRC validity,PASS,,,,,,CRC recalculated independently on each header[0:12]+payload,S10,4.0,128.0,4128.0,2.0,576.0,True,False,20261005T104005Z_7611453d,299.5305,512.0,2878.0,302.2609,2.4905,,,
packet size,PASS,True,,,,,Byte comparison,S10,4.0,128.0,4128.0,2.0,576.0,True,False,20261005T104005Z_7611453d,299.5305,512.0,2878.0,302.2609,2.4905,,,
filtered,PASS,True,,,,,Float32 tolerance atol=rtol=1e-4,S10,4.0,128.0,4128.0,3.0,704.0,True,False,20261005T104005Z_7611453d,299.2886,512.0,2878.0,301.6341,2.1143,0.0,0.0,
normalized,PASS,True,,,,,Float32 tolerance atol=rtol=1e-4,S10,4.0,128.0,4128.0,3.0,704.0,True,False,20261005T104005Z_7611453d,299.2886,512.0,2878.0,301.6341,2.1143,0.0,0.0,
y,PASS,False,,,,,Float32 tolerance atol=rtol=1e-4,S10,4.0,128.0,4128.0,3.0,704.0,True,False,20261005T104005Z_7611453d,299.2886,512.0,2878.0,301.6341,2.1143,2.980232238769531e-07,9.384174392997727e-08,
scale,PASS,False,,,,,Float32 tolerance atol=rtol=1e-4,S10,4.0,128.0,4128.0,3.0,704.0,True,False,20261005T104005Z_7611453d,299.2886,512.0,2878.0,301.6341,2.1143,1.8189894035458565e-12,1.8189894035458565e-12,
q_int16,PASS,True,,,,,Bit-exact INT16,S10,4.0,128.0,4128.0,3.0,704.0,True,False,20261005T104005Z_7611453d,299.2886,512.0,2878.0,301.6341,2.1143,0.0,0.0,0.0
payload bytes,PASS,True,,,,,Byte comparison,S10,4.0,128.0,4128.0,3.0,704.0,True,False,20261005T104005Z_7611453d,299.2886,512.0,2878.0,301.6341,2.1143,,,
packet bytes,FAIL,False,,,,,Byte comparison,S10,4.0,128.0,4128.0,3.0,704.0,True,False,20261005T104005Z_7611453d,299.2886,512.0,2878.0,301.6341,2.1143,,,
CRC validity,PASS,,,,,,CRC recalculated independently on each header[0:12]+payload,S10,4.0,128.0,4128.0,3.0,704.0,True,False,20261005T104005Z_7611453d,299.2886,512.0,2878.0,301.6341,2.1143,,,
packet size,PASS,True,,,,,Byte comparison,S10,4.0,128.0,4128.0,3.0,704.0,True,False,20261005T104005Z_7611453d,299.2886,512.0,2878.0,301.6341,2.1143,,,
filtered,PASS,True,,,,,Float32 tolerance atol=rtol=1e-4,S10,4.0,128.0,4128.0,4.0,832.0,True,False,20261005T104005Z_7611453d,298.6664,512.0,2878.0,299.7806,0.9867,0.0,0.0,
normalized,PASS,True,,,,,Float32 tolerance atol=rtol=1e-4,S10,4.0,128.0,4128.0,4.0,832.0,True,False,20261005T104005Z_7611453d,298.6664,512.0,2878.0,299.7806,0.9867,0.0,0.0,
y,PASS,False,,,,,Float32 tolerance atol=rtol=1e-4,S10,4.0,128.0,4128.0,4.0,832.0,True,False,20261005T104005Z_7611453d,298.6664,512.0,2878.0,299.7806,0.9867,4.76837158203125e-07,1.1082155475978611e-07,
scale,PASS,False,,,,,Float32 tolerance atol=rtol=1e-4,S10,4.0,128.0,4128.0,4.0,832.0,True,False,20261005T104005Z_7611453d,298.6664,512.0,2878.0,299.7806,0.9867,1.4551915228366852e-11,1.4551915228366852e-11,
q_int16,PASS,True,,,,,Bit-exact INT16,S10,4.0,128.0,4128.0,4.0,832.0,True,False,20261005T104005Z_7611453d,298.6664,512.0,2878.0,299.7806,0.9867,0.0,0.0,0.0
payload bytes,PASS,True,,,,,Byte comparison,S10,4.0,128.0,4128.0,4.0,832.0,True,False,20261005T104005Z_7611453d,298.6664,512.0,2878.0,299.7806,0.9867,,,
packet bytes,FAIL,False,,,,,Byte comparison,S10,4.0,128.0,4128.0,4.0,832.0,True,False,20261005T104005Z_7611453d,298.6664,512.0,2878.0,299.7806,0.9867,,,
CRC validity,PASS,,,,,,CRC recalculated independently on each header[0:12]+payload,S10,4.0,128.0,4128.0,4.0,832.0,True,False,20261005T104005Z_7611453d,298.6664,512.0,2878.0,299.7806,0.9867,,,
packet size,PASS,True,,,,,Byte comparison,S10,4.0,128.0,4128.0,4.0,832.0,True,False,20261005T104005Z_7611453d,298.6664,512.0,2878.0,299.7806,0.9867,,,
filtered,PASS,True,,,,,Float32 tolerance atol=rtol=1e-4,S10,4.0,128.0,4128.0,5.0,960.0,True,False,20261005T104005Z_7611453d,299.1817,512.0,2878.0,301.3594,1.9781,0.0,0.0,
normalized,PASS,True,,,,,Float32 tolerance atol=rtol=1e-4,S10,4.0,128.0,4128.0,5.0,960.0,True,False,20261005T104005Z_7611453d,299.1817,512.0,2878.0,301.3594,1.9781,0.0,0.0,
y,PASS,False,,,,,Float32 tolerance atol=rtol=1e-4,S10,4.0,128.0,4128.0,5.0,960.0,True,False,20261005T104005Z_7611453d,299.1817,512.0,2878.0,301.3594,1.9781,2.980232238769531e-07,8.82585091317178e-08,
scale,PASS,False,,,,,Float32 tolerance atol=rtol=1e-4,S10,4.0,128.0,4128.0,5.0,960.0,True,False,20261005T104005Z_7611453d,299.1817,512.0,2878.0,301.3594,1.9781,9.094947017729282e-12,9.094947017729282e-12,
q_int16,PASS,True,,,,,Bit-exact INT16,S10,4.0,128.0,4128.0,5.0,960.0,True,False,20261005T104005Z_7611453d,299.1817,512.0,2878.0,301.3594,1.9781,0.0,0.0,0.0
payload bytes,PASS,True,,,,,Byte comparison,S10,4.0,128.0,4128.0,5.0,960.0,True,False,20261005T104005Z_7611453d,299.1817,512.0,2878.0,301.3594,1.9781,,,
packet bytes,FAIL,False,,,,,Byte comparison,S10,4.0,128.0,4128.0,5.0,960.0,True,False,20261005T104005Z_7611453d,299.1817,512.0,2878.0,301.3594,1.9781,,,
CRC validity,PASS,,,,,,CRC recalculated independently on each header[0:12]+payload,S10,4.0,128.0,4128.0,5.0,960.0,True,False,20261005T104005Z_7611453d,299.1817,512.0,2878.0,301.3594,1.9781,,,
packet size,PASS,True,,,,,Byte comparison,S10,4.0,128.0,4128.0,5.0,960.0,True,False,20261005T104005Z_7611453d,299.1817,512.0,2878.0,301.3594,1.9781,,,
filtered,PASS,True,,,,,Float32 tolerance atol=rtol=1e-4,S10,4.0,128.0,4128.0,6.0,1088.0,True,False,20261005T104005Z_7611453d,299.8107,512.0,2878.0,302.0224,1.9157,0.0,0.0,
normalized,PASS,True,,,,,Float32 tolerance atol=rtol=1e-4,S10,4.0,128.0,4128.0,6.0,1088.0,True,False,20261005T104005Z_7611453d,299.8107,512.0,2878.0,302.0224,1.9157,0.0,0.0,
y,PASS,False,,,,,Float32 tolerance atol=rtol=1e-4,S10,4.0,128.0,4128.0,6.0,1088.0,True,False,20261005T104005Z_7611453d,299.8107,512.0,2878.0,302.0224,1.9157,5.960464477539062e-07,1.0332079910716371e-07,
scale,PASS,False,,,,,Float32 tolerance atol=rtol=1e-4,S10,4.0,128.0,4128.0,6.0,1088.0,True,False,20261005T104005Z_7611453d,299.8107,512.0,2878.0,302.0224,1.9157,5.4569682106375694e-12,5.4569682106375694e-12,
q_int16,WITHIN_1_LSB,False,,,,,Numerical agreement within 1 LSB,S10,4.0,128.0,4128.0,6.0,1088.0,True,False,20261005T104005Z_7611453d,299.8107,512.0,2878.0,302.0224,1.9157,1.0,0.125,1.0
payload bytes,FAIL,False,,,,,Byte comparison,S10,4.0,128.0,4128.0,6.0,1088.0,True,False,20261005T104005Z_7611453d,299.8107,512.0,2878.0,302.0224,1.9157,,,
packet bytes,FAIL,False,,,,,Byte comparison,S10,4.0,128.0,4128.0,6.0,1088.0,True,False,20261005T104005Z_7611453d,299.8107,512.0,2878.0,302.0224,1.9157,,,
CRC validity,PASS,,,,,,CRC recalculated independently on each header[0:12]+payload,S10,4.0,128.0,4128.0,6.0,1088.0,True,False,20261005T104005Z_7611453d,299.8107,512.0,2878.0,302.0224,1.9157,,,
packet size,PASS,True,,,,,Byte comparison,S10,4.0,128.0,4128.0,6.0,1088.0,True,False,20261005T104005Z_7611453d,299.8107,512.0,2878.0,302.0224,1.9157,,,
filtered,PASS,True,,,,,Float32 tolerance atol=rtol=1e-4,S10,4.0,128.0,4128.0,7.0,1216.0,True,False,20261005T104005Z_7611453d,298.0397,512.0,2878.0,300.9543,2.6759,0.0,0.0,
normalized,PASS,True,,,,,Float32 tolerance atol=rtol=1e-4,S10,4.0,128.0,4128.0,7.0,1216.0,True,False,20261005T104005Z_7611453d,298.0397,512.0,2878.0,300.9543,2.6759,0.0,0.0,
y,PASS,False,,,,,Float32 tolerance atol=rtol=1e-4,S10,4.0,128.0,4128.0,7.0,1216.0,True,False,20261005T104005Z_7611453d,298.0397,512.0,2878.0,300.9543,2.6759,2.682209014892578e-07,8.706046786813136e-08,
scale,PASS,False,,,,,Float32 tolerance atol=rtol=1e-4,S10,4.0,128.0,4128.0,7.0,1216.0,True,False,20261005T104005Z_7611453d,298.0397,512.0,2878.0,300.9543,2.6759,1.8189894035458565e-12,1.8189894035458565e-12,
q_int16,PASS,True,,,,,Bit-exact INT16,S10,4.0,128.0,4128.0,7.0,1216.0,True,False,20261005T104005Z_7611453d,298.0397,512.0,2878.0,300.9543,2.6759,0.0,0.0,0.0
payload bytes,PASS,True,,,,,Byte comparison,S10,4.0,128.0,4128.0,7.0,1216.0,True,False,20261005T104005Z_7611453d,298.0397,512.0,2878.0,300.9543,2.6759,,,
packet bytes,FAIL,False,,,,,Byte comparison,S10,4.0,128.0,4128.0,7.0,1216.0,True,False,20261005T104005Z_7611453d,298.0397,512.0,2878.0,300.9543,2.6759,,,
CRC validity,PASS,,,,,,CRC recalculated independently on each header[0:12]+payload,S10,4.0,128.0,4128.0,7.0,1216.0,True,False,20261005T104005Z_7611453d,298.0397,512.0,2878.0,300.9543,2.6759,,,
packet size,PASS,True,,,,,Byte comparison,S10,4.0,128.0,4128.0,7.0,1216.0,True,False,20261005T104005Z_7611453d,298.0397,512.0,2878.0,300.9543,2.6759,,,
filtered,PASS,True,,,,,Float32 tolerance atol=rtol=1e-4,S13,5.0,51.0,5051.0,0.0,320.0,True,False,20261005T104005Z_7611453d,413.0298,2304.0,2416.0,415.1164,1.9034,0.0,0.0,
normalized,PASS,True,,,,,Float32 tolerance atol=rtol=1e-4,S13,5.0,51.0,5051.0,0.0,320.0,True,False,20261005T104005Z_7611453d,413.0298,2304.0,2416.0,415.1164,1.9034,0.0,0.0,
y,PASS,False,,,,,Float32 tolerance atol=rtol=1e-4,S13,5.0,51.0,5051.0,0.0,320.0,True,False,20261005T104005Z_7611453d,413.0298,2304.0,2416.0,415.1164,1.9034,1.430511474609375e-06,5.994760828369579e-07,
scale,PASS,False,,,,,Float32 tolerance atol=rtol=1e-4,S13,5.0,51.0,5051.0,0.0,320.0,True,False,20261005T104005Z_7611453d,413.0298,2304.0,2416.0,415.1164,1.9034,4.3655745685100555e-11,4.3655745685100555e-11,
q_int16,PASS,True,,,,,Bit-exact INT16,S13,5.0,51.0,5051.0,0.0,320.0,True,False,20261005T104005Z_7611453d,413.0298,2304.0,2416.0,415.1164,1.9034,0.0,0.0,0.0
payload bytes,PASS,True,,,,,Byte comparison,S13,5.0,51.0,5051.0,0.0,320.0,True,False,20261005T104005Z_7611453d,413.0298,2304.0,2416.0,415.1164,1.9034,,,
packet bytes,FAIL,False,,,,,Byte comparison,S13,5.0,51.0,5051.0,0.0,320.0,True,False,20261005T104005Z_7611453d,413.0298,2304.0,2416.0,415.1164,1.9034,,,
CRC validity,PASS,,,,,,CRC recalculated independently on each header[0:12]+payload,S13,5.0,51.0,5051.0,0.0,320.0,True,False,20261005T104005Z_7611453d,413.0298,2304.0,2416.0,415.1164,1.9034,,,
packet size,PASS,True,,,,,Byte comparison,S13,5.0,51.0,5051.0,0.0,320.0,True,False,20261005T104005Z_7611453d,413.0298,2304.0,2416.0,415.1164,1.9034,,,
filtered,PASS,True,,,,,Float32 tolerance atol=rtol=1e-4,S13,5.0,51.0,5051.0,1.0,448.0,True,False,20261005T104005Z_7611453d,258.1316,512.0,2416.0,259.2534,0.9447,0.0,0.0,
normalized,PASS,True,,,,,Float32 tolerance atol=rtol=1e-4,S13,5.0,51.0,5051.0,1.0,448.0,True,False,20261005T104005Z_7611453d,258.1316,512.0,2416.0,259.2534,0.9447,0.0,0.0,
y,PASS,False,,,,,Float32 tolerance atol=rtol=1e-4,S13,5.0,51.0,5051.0,1.0,448.0,True,False,20261005T104005Z_7611453d,258.1316,512.0,2416.0,259.2534,0.9447,2.1457672119140625e-06,5.217433020289937e-07,
scale,PASS,False,,,,,Float32 tolerance atol=rtol=1e-4,S13,5.0,51.0,5051.0,1.0,448.0,True,False,20261005T104005Z_7611453d,258.1316,512.0,2416.0,259.2534,0.9447,2.1827872842550278e-11,2.1827872842550278e-11,
q_int16,PASS,True,,,,,Bit-exact INT16,S13,5.0,51.0,5051.0,1.0,448.0,True,False,20261005T104005Z_7611453d,258.1316,512.0,2416.0,259.2534,0.9447,0.0,0.0,0.0
payload bytes,PASS,True,,,,,Byte comparison,S13,5.0,51.0,5051.0,1.0,448.0,True,False,20261005T104005Z_7611453d,258.1316,512.0,2416.0,259.2534,0.9447,,,
packet bytes,FAIL,False,,,,,Byte comparison,S13,5.0,51.0,5051.0,1.0,448.0,True,False,20261005T104005Z_7611453d,258.1316,512.0,2416.0,259.2534,0.9447,,,
CRC validity,PASS,,,,,,CRC recalculated independently on each header[0:12]+payload,S13,5.0,51.0,5051.0,1.0,448.0,True,False,20261005T104005Z_7611453d,258.1316,512.0,2416.0,259.2534,0.9447,,,
packet size,PASS,True,,,,,Byte comparison,S13,5.0,51.0,5051.0,1.0,448.0,True,False,20261005T104005Z_7611453d,258.1316,512.0,2416.0,259.2534,0.9447,,,
filtered,PASS,True,,,,,Float32 tolerance atol=rtol=1e-4,S13,5.0,51.0,5051.0,2.0,576.0,True,False,20261005T104005Z_7611453d,257.6378,512.0,2416.0,259.5694,1.7596,0.0,0.0,
normalized,PASS,True,,,,,Float32 tolerance atol=rtol=1e-4,S13,5.0,51.0,5051.0,2.0,576.0,True,False,20261005T104005Z_7611453d,257.6378,512.0,2416.0,259.5694,1.7596,0.0,0.0,
y,PASS,False,,,,,Float32 tolerance atol=rtol=1e-4,S13,5.0,51.0,5051.0,2.0,576.0,True,False,20261005T104005Z_7611453d,257.6378,512.0,2416.0,259.5694,1.7596,1.430511474609375e-06,4.779567870443481e-07,
scale,PASS,False,,,,,Float32 tolerance atol=rtol=1e-4,S13,5.0,51.0,5051.0,2.0,576.0,True,False,20261005T104005Z_7611453d,257.6378,512.0,2416.0,259.5694,1.7596,4.3655745685100555e-11,4.3655745685100555e-11,
q_int16,PASS,True,,,,,Bit-exact INT16,S13,5.0,51.0,5051.0,2.0,576.0,True,False,20261005T104005Z_7611453d,257.6378,512.0,2416.0,259.5694,1.7596,0.0,0.0,0.0
payload bytes,PASS,True,,,,,Byte comparison,S13,5.0,51.0,5051.0,2.0,576.0,True,False,20261005T104005Z_7611453d,257.6378,512.0,2416.0,259.5694,1.7596,,,
packet bytes,FAIL,False,,,,,Byte comparison,S13,5.0,51.0,5051.0,2.0,576.0,True,False,20261005T104005Z_7611453d,257.6378,512.0,2416.0,259.5694,1.7596,,,
CRC validity,PASS,,,,,,CRC recalculated independently on each header[0:12]+payload,S13,5.0,51.0,5051.0,2.0,576.0,True,False,20261005T104005Z_7611453d,257.6378,512.0,2416.0,259.5694,1.7596,,,
packet size,PASS,True,,,,,Byte comparison,S13,5.0,51.0,5051.0,2.0,576.0,True,False,20261005T104005Z_7611453d,257.6378,512.0,2416.0,259.5694,1.7596,,,
filtered,PASS,True,,,,,Float32 tolerance atol=rtol=1e-4,S13,5.0,51.0,5051.0,3.0,704.0,True,False,20261005T104005Z_7611453d,258.5916,512.0,2416.0,261.0718,2.1805,0.0,0.0,
normalized,PASS,True,,,,,Float32 tolerance atol=rtol=1e-4,S13,5.0,51.0,5051.0,3.0,704.0,True,False,20261005T104005Z_7611453d,258.5916,512.0,2416.0,261.0718,2.1805,0.0,0.0,
y,PASS,False,,,,,Float32 tolerance atol=rtol=1e-4,S13,5.0,51.0,5051.0,3.0,704.0,True,False,20261005T104005Z_7611453d,258.5916,512.0,2416.0,261.0718,2.1805,2.86102294921875e-06,5.728003945819765e-07,
scale,PASS,False,,,,,Float32 tolerance atol=rtol=1e-4,S13,5.0,51.0,5051.0,3.0,704.0,True,False,20261005T104005Z_7611453d,258.5916,512.0,2416.0,261.0718,2.1805,2.9103830456733704e-11,2.9103830456733704e-11,
q_int16,PASS,True,,,,,Bit-exact INT16,S13,5.0,51.0,5051.0,3.0,704.0,True,False,20261005T104005Z_7611453d,258.5916,512.0,2416.0,261.0718,2.1805,0.0,0.0,0.0
payload bytes,PASS,True,,,,,Byte comparison,S13,5.0,51.0,5051.0,3.0,704.0,True,False,20261005T104005Z_7611453d,258.5916,512.0,2416.0,261.0718,2.1805,,,
packet bytes,FAIL,False,,,,,Byte comparison,S13,5.0,51.0,5051.0,3.0,704.0,True,False,20261005T104005Z_7611453d,258.5916,512.0,2416.0,261.0718,2.1805,,,
CRC validity,PASS,,,,,,CRC recalculated independently on each header[0:12]+payload,S13,5.0,51.0,5051.0,3.0,704.0,True,False,20261005T104005Z_7611453d,258.5916,512.0,2416.0,261.0718,2.1805,,,
packet size,PASS,True,,,,,Byte comparison,S13,5.0,51.0,5051.0,3.0,704.0,True,False,20261005T104005Z_7611453d,258.5916,512.0,2416.0,261.0718,2.1805,,,
filtered,PASS,True,,,,,Float32 tolerance atol=rtol=1e-4,S13,5.0,51.0,5051.0,4.0,832.0,True,False,20261005T104005Z_7611453d,258.5734,512.0,2416.0,261.4174,2.6071,0.0,0.0,
normalized,PASS,True,,,,,Float32 tolerance atol=rtol=1e-4,S13,5.0,51.0,5051.0,4.0,832.0,True,False,20261005T104005Z_7611453d,258.5734,512.0,2416.0,261.4174,2.6071,0.0,0.0,
y,PASS,False,,,,,Float32 tolerance atol=rtol=1e-4,S13,5.0,51.0,5051.0,4.0,832.0,True,False,20261005T104005Z_7611453d,258.5734,512.0,2416.0,261.4174,2.6071,1.9073486328125e-06,5.57322187594603e-07,
scale,PASS,False,,,,,Float32 tolerance atol=rtol=1e-4,S13,5.0,51.0,5051.0,4.0,832.0,True,False,20261005T104005Z_7611453d,258.5734,512.0,2416.0,261.4174,2.6071,5.820766091346741e-11,5.820766091346741e-11,
q_int16,PASS,True,,,,,Bit-exact INT16,S13,5.0,51.0,5051.0,4.0,832.0,True,False,20261005T104005Z_7611453d,258.5734,512.0,2416.0,261.4174,2.6071,0.0,0.0,0.0
payload bytes,PASS,True,,,,,Byte comparison,S13,5.0,51.0,5051.0,4.0,832.0,True,False,20261005T104005Z_7611453d,258.5734,512.0,2416.0,261.4174,2.6071,,,
packet bytes,FAIL,False,,,,,Byte comparison,S13,5.0,51.0,5051.0,4.0,832.0,True,False,20261005T104005Z_7611453d,258.5734,512.0,2416.0,261.4174,2.6071,,,
CRC validity,PASS,,,,,,CRC recalculated independently on each header[0:12]+payload,S13,5.0,51.0,5051.0,4.0,832.0,True,False,20261005T104005Z_7611453d,258.5734,512.0,2416.0,261.4174,2.6071,,,
packet size,PASS,True,,,,,Byte comparison,S13,5.0,51.0,5051.0,4.0,832.0,True,False,20261005T104005Z_7611453d,258.5734,512.0,2416.0,261.4174,2.6071,,,
filtered,PASS,True,,,,,Float32 tolerance atol=rtol=1e-4,S13,5.0,51.0,5051.0,5.0,960.0,True,False,20261005T104005Z_7611453d,258.0238,512.0,2416.0,260.3098,2.004,0.0,0.0,
normalized,PASS,True,,,,,Float32 tolerance atol=rtol=1e-4,S13,5.0,51.0,5051.0,5.0,960.0,True,False,20261005T104005Z_7611453d,258.0238,512.0,2416.0,260.3098,2.004,0.0,0.0,
y,PASS,False,,,,,Float32 tolerance atol=rtol=1e-4,S13,5.0,51.0,5051.0,5.0,960.0,True,False,20261005T104005Z_7611453d,258.0238,512.0,2416.0,260.3098,2.004,1.6689300537109375e-06,4.873119076920971e-07,
scale,PASS,False,,,,,Float32 tolerance atol=rtol=1e-4,S13,5.0,51.0,5051.0,5.0,960.0,True,False,20261005T104005Z_7611453d,258.0238,512.0,2416.0,260.3098,2.004,7.275957614183426e-12,7.275957614183426e-12,
q_int16,WITHIN_1_LSB,False,,,,,Numerical agreement within 1 LSB,S13,5.0,51.0,5051.0,5.0,960.0,True,False,20261005T104005Z_7611453d,258.0238,512.0,2416.0,260.3098,2.004,1.0,0.14002800840280097,1.0
payload bytes,FAIL,False,,,,,Byte comparison,S13,5.0,51.0,5051.0,5.0,960.0,True,False,20261005T104005Z_7611453d,258.0238,512.0,2416.0,260.3098,2.004,,,
packet bytes,FAIL,False,,,,,Byte comparison,S13,5.0,51.0,5051.0,5.0,960.0,True,False,20261005T104005Z_7611453d,258.0238,512.0,2416.0,260.3098,2.004,,,
CRC validity,PASS,,,,,,CRC recalculated independently on each header[0:12]+payload,S13,5.0,51.0,5051.0,5.0,960.0,True,False,20261005T104005Z_7611453d,258.0238,512.0,2416.0,260.3098,2.004,,,
packet size,PASS,True,,,,,Byte comparison,S13,5.0,51.0,5051.0,5.0,960.0,True,False,20261005T104005Z_7611453d,258.0238,512.0,2416.0,260.3098,2.004,,,
filtered,PASS,True,,,,,Float32 tolerance atol=rtol=1e-4,S13,5.0,51.0,5051.0,6.0,1088.0,True,False,20261005T104005Z_7611453d,257.9362,512.0,2416.0,259.8495,1.7466,0.0,0.0,
normalized,PASS,True,,,,,Float32 tolerance atol=rtol=1e-4,S13,5.0,51.0,5051.0,6.0,1088.0,True,False,20261005T104005Z_7611453d,257.9362,512.0,2416.0,259.8495,1.7466,0.0,0.0,
y,PASS,False,,,,,Float32 tolerance atol=rtol=1e-4,S13,5.0,51.0,5051.0,6.0,1088.0,True,False,20261005T104005Z_7611453d,257.9362,512.0,2416.0,259.8495,1.7466,8.344650268554688e-07,2.439124197231206e-07,
scale,PASS,False,,,,,Float32 tolerance atol=rtol=1e-4,S13,5.0,51.0,5051.0,6.0,1088.0,True,False,20261005T104005Z_7611453d,257.9362,512.0,2416.0,259.8495,1.7466,7.275957614183426e-12,7.275957614183426e-12,
q_int16,PASS,True,,,,,Bit-exact INT16,S13,5.0,51.0,5051.0,6.0,1088.0,True,False,20261005T104005Z_7611453d,257.9362,512.0,2416.0,259.8495,1.7466,0.0,0.0,0.0
payload bytes,PASS,True,,,,,Byte comparison,S13,5.0,51.0,5051.0,6.0,1088.0,True,False,20261005T104005Z_7611453d,257.9362,512.0,2416.0,259.8495,1.7466,,,
packet bytes,FAIL,False,,,,,Byte comparison,S13,5.0,51.0,5051.0,6.0,1088.0,True,False,20261005T104005Z_7611453d,257.9362,512.0,2416.0,259.8495,1.7466,,,
CRC validity,PASS,,,,,,CRC recalculated independently on each header[0:12]+payload,S13,5.0,51.0,5051.0,6.0,1088.0,True,False,20261005T104005Z_7611453d,257.9362,512.0,2416.0,259.8495,1.7466,,,
packet size,PASS,True,,,,,Byte comparison,S13,5.0,51.0,5051.0,6.0,1088.0,True,False,20261005T104005Z_7611453d,257.9362,512.0,2416.0,259.8495,1.7466,,,
filtered,PASS,True,,,,,Float32 tolerance atol=rtol=1e-4,S13,5.0,51.0,5051.0,7.0,1216.0,True,False,20261005T104005Z_7611453d,257.9672,512.0,2416.0,260.0473,1.9091,0.0,0.0,
normalized,PASS,True,,,,,Float32 tolerance atol=rtol=1e-4,S13,5.0,51.0,5051.0,7.0,1216.0,True,False,20261005T104005Z_7611453d,257.9672,512.0,2416.0,260.0473,1.9091,0.0,0.0,
y,PASS,False,,,,,Float32 tolerance atol=rtol=1e-4,S13,5.0,51.0,5051.0,7.0,1216.0,True,False,20261005T104005Z_7611453d,257.9672,512.0,2416.0,260.0473,1.9091,1.5497207641601562e-06,3.378300981275902e-07,
scale,PASS,True,,,,,Float32 tolerance atol=rtol=1e-4,S13,5.0,51.0,5051.0,7.0,1216.0,True,False,20261005T104005Z_7611453d,257.9672,512.0,2416.0,260.0473,1.9091,0.0,0.0,
q_int16,PASS,True,,,,,Bit-exact INT16,S13,5.0,51.0,5051.0,7.0,1216.0,True,False,20261005T104005Z_7611453d,257.9672,512.0,2416.0,260.0473,1.9091,0.0,0.0,0.0
payload bytes,PASS,True,,,,,Byte comparison,S13,5.0,51.0,5051.0,7.0,1216.0,True,False,20261005T104005Z_7611453d,257.9672,512.0,2416.0,260.0473,1.9091,,,
packet bytes,PASS,True,,,,,Byte comparison,S13,5.0,51.0,5051.0,7.0,1216.0,True,False,20261005T104005Z_7611453d,257.9672,512.0,2416.0,260.0473,1.9091,,,
CRC validity,PASS,,,,,,CRC recalculated independently on each header[0:12]+payload,S13,5.0,51.0,5051.0,7.0,1216.0,True,False,20261005T104005Z_7611453d,257.9672,512.0,2416.0,260.0473,1.9091,,,
packet size,PASS,True,,,,,Byte comparison,S13,5.0,51.0,5051.0,7.0,1216.0,True,False,20261005T104005Z_7611453d,257.9672,512.0,2416.0,260.0473,1.9091,,,
filtered,PASS,True,,,,,Float32 tolerance atol=rtol=1e-4,S13,5.0,77.0,5077.0,0.0,320.0,True,False,20261005T104005Z_7611453d,427.0593,2304.0,2572.0,428.5632,1.3671,0.0,0.0,
normalized,PASS,True,,,,,Float32 tolerance atol=rtol=1e-4,S13,5.0,77.0,5077.0,0.0,320.0,True,False,20261005T104005Z_7611453d,427.0593,2304.0,2572.0,428.5632,1.3671,0.0,0.0,
y,PASS,False,,,,,Float32 tolerance atol=rtol=1e-4,S13,5.0,77.0,5077.0,0.0,320.0,True,False,20261005T104005Z_7611453d,427.0593,2304.0,2572.0,428.5632,1.3671,1.1920928955078125e-06,4.6406718246400485e-07,
scale,PASS,False,,,,,Float32 tolerance atol=rtol=1e-4,S13,5.0,77.0,5077.0,0.0,320.0,True,False,20261005T104005Z_7611453d,427.0593,2304.0,2572.0,428.5632,1.3671,3.637978807091713e-11,3.637978807091713e-11,
q_int16,PASS,True,,,,,Bit-exact INT16,S13,5.0,77.0,5077.0,0.0,320.0,True,False,20261005T104005Z_7611453d,427.0593,2304.0,2572.0,428.5632,1.3671,0.0,0.0,0.0
payload bytes,PASS,True,,,,,Byte comparison,S13,5.0,77.0,5077.0,0.0,320.0,True,False,20261005T104005Z_7611453d,427.0593,2304.0,2572.0,428.5632,1.3671,,,
packet bytes,FAIL,False,,,,,Byte comparison,S13,5.0,77.0,5077.0,0.0,320.0,True,False,20261005T104005Z_7611453d,427.0593,2304.0,2572.0,428.5632,1.3671,,,
CRC validity,PASS,,,,,,CRC recalculated independently on each header[0:12]+payload,S13,5.0,77.0,5077.0,0.0,320.0,True,False,20261005T104005Z_7611453d,427.0593,2304.0,2572.0,428.5632,1.3671,,,
packet size,PASS,True,,,,,Byte comparison,S13,5.0,77.0,5077.0,0.0,320.0,True,False,20261005T104005Z_7611453d,427.0593,2304.0,2572.0,428.5632,1.3671,,,
filtered,PASS,True,,,,,Float32 tolerance atol=rtol=1e-4,S13,5.0,77.0,5077.0,1.0,448.0,True,False,20261005T104005Z_7611453d,271.7383,512.0,2572.0,274.2302,2.2539,0.0,0.0,
normalized,PASS,True,,,,,Float32 tolerance atol=rtol=1e-4,S13,5.0,77.0,5077.0,1.0,448.0,True,False,20261005T104005Z_7611453d,271.7383,512.0,2572.0,274.2302,2.2539,0.0,0.0,
y,PASS,False,,,,,Float32 tolerance atol=rtol=1e-4,S13,5.0,77.0,5077.0,1.0,448.0,True,False,20261005T104005Z_7611453d,271.7383,512.0,2572.0,274.2302,2.2539,1.6689300537109375e-06,3.9460071644192854e-07,
scale,PASS,False,,,,,Float32 tolerance atol=rtol=1e-4,S13,5.0,77.0,5077.0,1.0,448.0,True,False,20261005T104005Z_7611453d,271.7383,512.0,2572.0,274.2302,2.2539,1.4551915228366852e-11,1.4551915228366852e-11,
q_int16,PASS,True,,,,,Bit-exact INT16,S13,5.0,77.0,5077.0,1.0,448.0,True,False,20261005T104005Z_7611453d,271.7383,512.0,2572.0,274.2302,2.2539,0.0,0.0,0.0
payload bytes,PASS,True,,,,,Byte comparison,S13,5.0,77.0,5077.0,1.0,448.0,True,False,20261005T104005Z_7611453d,271.7383,512.0,2572.0,274.2302,2.2539,,,
packet bytes,FAIL,False,,,,,Byte comparison,S13,5.0,77.0,5077.0,1.0,448.0,True,False,20261005T104005Z_7611453d,271.7383,512.0,2572.0,274.2302,2.2539,,,
CRC validity,PASS,,,,,,CRC recalculated independently on each header[0:12]+payload,S13,5.0,77.0,5077.0,1.0,448.0,True,False,20261005T104005Z_7611453d,271.7383,512.0,2572.0,274.2302,2.2539,,,
packet size,PASS,True,,,,,Byte comparison,S13,5.0,77.0,5077.0,1.0,448.0,True,False,20261005T104005Z_7611453d,271.7383,512.0,2572.0,274.2302,2.2539,,,
filtered,PASS,True,,,,,Float32 tolerance atol=rtol=1e-4,S13,5.0,77.0,5077.0,2.0,576.0,True,False,20261005T104005Z_7611453d,271.5801,512.0,2572.0,273.8285,2.049,0.0,0.0,
normalized,PASS,True,,,,,Float32 tolerance atol=rtol=1e-4,S13,5.0,77.0,5077.0,2.0,576.0,True,False,20261005T104005Z_7611453d,271.5801,512.0,2572.0,273.8285,2.049,0.0,0.0,
y,PASS,False,,,,,Float32 tolerance atol=rtol=1e-4,S13,5.0,77.0,5077.0,2.0,576.0,True,False,20261005T104005Z_7611453d,271.5801,512.0,2572.0,273.8285,2.049,1.1920928955078125e-06,3.6734409516520783e-07,
scale,PASS,False,,,,,Float32 tolerance atol=rtol=1e-4,S13,5.0,77.0,5077.0,2.0,576.0,True,False,20261005T104005Z_7611453d,271.5801,512.0,2572.0,273.8285,2.049,3.637978807091713e-11,3.637978807091713e-11,
q_int16,WITHIN_1_LSB,False,,,,,Numerical agreement within 1 LSB,S13,5.0,77.0,5077.0,2.0,576.0,True,False,20261005T104005Z_7611453d,271.5801,512.0,2572.0,273.8285,2.049,1.0,0.11396057645963795,1.0
payload bytes,FAIL,False,,,,,Byte comparison,S13,5.0,77.0,5077.0,2.0,576.0,True,False,20261005T104005Z_7611453d,271.5801,512.0,2572.0,273.8285,2.049,,,
packet bytes,FAIL,False,,,,,Byte comparison,S13,5.0,77.0,5077.0,2.0,576.0,True,False,20261005T104005Z_7611453d,271.5801,512.0,2572.0,273.8285,2.049,,,
CRC validity,PASS,,,,,,CRC recalculated independently on each header[0:12]+payload,S13,5.0,77.0,5077.0,2.0,576.0,True,False,20261005T104005Z_7611453d,271.5801,512.0,2572.0,273.8285,2.049,,,
packet size,PASS,True,,,,,Byte comparison,S13,5.0,77.0,5077.0,2.0,576.0,True,False,20261005T104005Z_7611453d,271.5801,512.0,2572.0,273.8285,2.049,,,
filtered,PASS,True,,,,,Float32 tolerance atol=rtol=1e-4,S13,5.0,77.0,5077.0,3.0,704.0,True,False,20261005T104005Z_7611453d,272.4457,512.0,2572.0,275.78,3.1321,0.0,0.0,
normalized,PASS,True,,,,,Float32 tolerance atol=rtol=1e-4,S13,5.0,77.0,5077.0,3.0,704.0,True,False,20261005T104005Z_7611453d,272.4457,512.0,2572.0,275.78,3.1321,0.0,0.0,
y,PASS,False,,,,,Float32 tolerance atol=rtol=1e-4,S13,5.0,77.0,5077.0,3.0,704.0,True,False,20261005T104005Z_7611453d,272.4457,512.0,2572.0,275.78,3.1321,1.9073486328125e-06,3.792836977144318e-07,
scale,PASS,False,,,,,Float32 tolerance atol=rtol=1e-4,S13,5.0,77.0,5077.0,3.0,704.0,True,False,20261005T104005Z_7611453d,272.4457,512.0,2572.0,275.78,3.1321,2.1827872842550278e-11,2.1827872842550278e-11,
q_int16,PASS,True,,,,,Bit-exact INT16,S13,5.0,77.0,5077.0,3.0,704.0,True,False,20261005T104005Z_7611453d,272.4457,512.0,2572.0,275.78,3.1321,0.0,0.0,0.0
payload bytes,PASS,True,,,,,Byte comparison,S13,5.0,77.0,5077.0,3.0,704.0,True,False,20261005T104005Z_7611453d,272.4457,512.0,2572.0,275.78,3.1321,,,
packet bytes,FAIL,False,,,,,Byte comparison,S13,5.0,77.0,5077.0,3.0,704.0,True,False,20261005T104005Z_7611453d,272.4457,512.0,2572.0,275.78,3.1321,,,
CRC validity,PASS,,,,,,CRC recalculated independently on each header[0:12]+payload,S13,5.0,77.0,5077.0,3.0,704.0,True,False,20261005T104005Z_7611453d,272.4457,512.0,2572.0,275.78,3.1321,,,
packet size,PASS,True,,,,,Byte comparison,S13,5.0,77.0,5077.0,3.0,704.0,True,False,20261005T104005Z_7611453d,272.4457,512.0,2572.0,275.78,3.1321,,,
filtered,PASS,True,,,,,Float32 tolerance atol=rtol=1e-4,S13,5.0,77.0,5077.0,4.0,832.0,True,False,20261005T104005Z_7611453d,272.2851,512.0,2572.0,274.0655,1.6046,0.0,0.0,
normalized,PASS,True,,,,,Float32 tolerance atol=rtol=1e-4,S13,5.0,77.0,5077.0,4.0,832.0,True,False,20261005T104005Z_7611453d,272.2851,512.0,2572.0,274.0655,1.6046,0.0,0.0,
y,PASS,False,,,,,Float32 tolerance atol=rtol=1e-4,S13,5.0,77.0,5077.0,4.0,832.0,True,False,20261005T104005Z_7611453d,272.2851,512.0,2572.0,274.0655,1.6046,1.6689300537109375e-06,5.192605697701561e-07,
scale,PASS,False,,,,,Float32 tolerance atol=rtol=1e-4,S13,5.0,77.0,5077.0,4.0,832.0,True,False,20261005T104005Z_7611453d,272.2851,512.0,2572.0,274.0655,1.6046,5.093170329928398e-11,5.093170329928398e-11,
q_int16,PASS,True,,,,,Bit-exact INT16,S13,5.0,77.0,5077.0,4.0,832.0,True,False,20261005T104005Z_7611453d,272.2851,512.0,2572.0,274.0655,1.6046,0.0,0.0,0.0
payload bytes,PASS,True,,,,,Byte comparison,S13,5.0,77.0,5077.0,4.0,832.0,True,False,20261005T104005Z_7611453d,272.2851,512.0,2572.0,274.0655,1.6046,,,
packet bytes,FAIL,False,,,,,Byte comparison,S13,5.0,77.0,5077.0,4.0,832.0,True,False,20261005T104005Z_7611453d,272.2851,512.0,2572.0,274.0655,1.6046,,,
CRC validity,PASS,,,,,,CRC recalculated independently on each header[0:12]+payload,S13,5.0,77.0,5077.0,4.0,832.0,True,False,20261005T104005Z_7611453d,272.2851,512.0,2572.0,274.0655,1.6046,,,
packet size,PASS,True,,,,,Byte comparison,S13,5.0,77.0,5077.0,4.0,832.0,True,False,20261005T104005Z_7611453d,272.2851,512.0,2572.0,274.0655,1.6046,,,
filtered,PASS,True,,,,,Float32 tolerance atol=rtol=1e-4,S13,5.0,77.0,5077.0,5.0,960.0,True,False,20261005T104005Z_7611453d,271.4593,512.0,2572.0,272.8953,1.2854,0.0,0.0,
normalized,PASS,True,,,,,Float32 tolerance atol=rtol=1e-4,S13,5.0,77.0,5077.0,5.0,960.0,True,False,20261005T104005Z_7611453d,271.4593,512.0,2572.0,272.8953,1.2854,0.0,0.0,
y,PASS,False,,,,,Float32 tolerance atol=rtol=1e-4,S13,5.0,77.0,5077.0,5.0,960.0,True,False,20261005T104005Z_7611453d,271.4593,512.0,2572.0,272.8953,1.2854,1.3113021850585938e-06,3.5798197892850487e-07,
scale,PASS,True,,,,,Float32 tolerance atol=rtol=1e-4,S13,5.0,77.0,5077.0,5.0,960.0,True,False,20261005T104005Z_7611453d,271.4593,512.0,2572.0,272.8953,1.2854,0.0,0.0,
q_int16,PASS,True,,,,,Bit-exact INT16,S13,5.0,77.0,5077.0,5.0,960.0,True,False,20261005T104005Z_7611453d,271.4593,512.0,2572.0,272.8953,1.2854,0.0,0.0,0.0
payload bytes,PASS,True,,,,,Byte comparison,S13,5.0,77.0,5077.0,5.0,960.0,True,False,20261005T104005Z_7611453d,271.4593,512.0,2572.0,272.8953,1.2854,,,
packet bytes,PASS,True,,,,,Byte comparison,S13,5.0,77.0,5077.0,5.0,960.0,True,False,20261005T104005Z_7611453d,271.4593,512.0,2572.0,272.8953,1.2854,,,
CRC validity,PASS,,,,,,CRC recalculated independently on each header[0:12]+payload,S13,5.0,77.0,5077.0,5.0,960.0,True,False,20261005T104005Z_7611453d,271.4593,512.0,2572.0,272.8953,1.2854,,,
packet size,PASS,True,,,,,Byte comparison,S13,5.0,77.0,5077.0,5.0,960.0,True,False,20261005T104005Z_7611453d,271.4593,512.0,2572.0,272.8953,1.2854,,,
filtered,PASS,True,,,,,Float32 tolerance atol=rtol=1e-4,S13,5.0,77.0,5077.0,6.0,1088.0,True,False,20261005T104005Z_7611453d,271.7111,512.0,2572.0,273.609,1.7291,0.0,0.0,
normalized,PASS,True,,,,,Float32 tolerance atol=rtol=1e-4,S13,5.0,77.0,5077.0,6.0,1088.0,True,False,20261005T104005Z_7611453d,271.7111,512.0,2572.0,273.609,1.7291,0.0,0.0,
y,PASS,False,,,,,Float32 tolerance atol=rtol=1e-4,S13,5.0,77.0,5077.0,6.0,1088.0,True,False,20261005T104005Z_7611453d,271.7111,512.0,2572.0,273.609,1.7291,8.344650268554688e-07,2.006396670714105e-07,
scale,PASS,True,,,,,Float32 tolerance atol=rtol=1e-4,S13,5.0,77.0,5077.0,6.0,1088.0,True,False,20261005T104005Z_7611453d,271.7111,512.0,2572.0,273.609,1.7291,0.0,0.0,
q_int16,PASS,True,,,,,Bit-exact INT16,S13,5.0,77.0,5077.0,6.0,1088.0,True,False,20261005T104005Z_7611453d,271.7111,512.0,2572.0,273.609,1.7291,0.0,0.0,0.0
payload bytes,PASS,True,,,,,Byte comparison,S13,5.0,77.0,5077.0,6.0,1088.0,True,False,20261005T104005Z_7611453d,271.7111,512.0,2572.0,273.609,1.7291,,,
packet bytes,PASS,True,,,,,Byte comparison,S13,5.0,77.0,5077.0,6.0,1088.0,True,False,20261005T104005Z_7611453d,271.7111,512.0,2572.0,273.609,1.7291,,,
CRC validity,PASS,,,,,,CRC recalculated independently on each header[0:12]+payload,S13,5.0,77.0,5077.0,6.0,1088.0,True,False,20261005T104005Z_7611453d,271.7111,512.0,2572.0,273.609,1.7291,,,
packet size,PASS,True,,,,,Byte comparison,S13,5.0,77.0,5077.0,6.0,1088.0,True,False,20261005T104005Z_7611453d,271.7111,512.0,2572.0,273.609,1.7291,,,
filtered,PASS,True,,,,,Float32 tolerance atol=rtol=1e-4,S13,5.0,77.0,5077.0,7.0,1216.0,True,False,20261005T104005Z_7611453d,273.3501,512.0,2572.0,275.4992,1.9531,0.0,0.0,
normalized,PASS,True,,,,,Float32 tolerance atol=rtol=1e-4,S13,5.0,77.0,5077.0,7.0,1216.0,True,False,20261005T104005Z_7611453d,273.3501,512.0,2572.0,275.4992,1.9531,0.0,0.0,
y,PASS,False,,,,,Float32 tolerance atol=rtol=1e-4,S13,5.0,77.0,5077.0,7.0,1216.0,True,False,20261005T104005Z_7611453d,273.3501,512.0,2572.0,275.4992,1.9531,1.0728836059570312e-06,2.4125758402007267e-07,
scale,PASS,True,,,,,Float32 tolerance atol=rtol=1e-4,S13,5.0,77.0,5077.0,7.0,1216.0,True,False,20261005T104005Z_7611453d,273.3501,512.0,2572.0,275.4992,1.9531,0.0,0.0,
q_int16,WITHIN_1_LSB,False,,,,,Numerical agreement within 1 LSB,S13,5.0,77.0,5077.0,7.0,1216.0,True,False,20261005T104005Z_7611453d,273.3501,512.0,2572.0,275.4992,1.9531,1.0,0.11396057645963795,1.0
payload bytes,FAIL,False,,,,,Byte comparison,S13,5.0,77.0,5077.0,7.0,1216.0,True,False,20261005T104005Z_7611453d,273.3501,512.0,2572.0,275.4992,1.9531,,,
packet bytes,FAIL,False,,,,,Byte comparison,S13,5.0,77.0,5077.0,7.0,1216.0,True,False,20261005T104005Z_7611453d,273.3501,512.0,2572.0,275.4992,1.9531,,,
CRC validity,PASS,,,,,,CRC recalculated independently on each header[0:12]+payload,S13,5.0,77.0,5077.0,7.0,1216.0,True,False,20261005T104005Z_7611453d,273.3501,512.0,2572.0,275.4992,1.9531,,,
packet size,PASS,True,,,,,Byte comparison,S13,5.0,77.0,5077.0,7.0,1216.0,True,False,20261005T104005Z_7611453d,273.3501,512.0,2572.0,275.4992,1.9531,,,
filtered,PASS,True,,,,,Float32 tolerance atol=rtol=1e-4,S13,5.0,128.0,5128.0,0.0,320.0,True,False,20261005T104005Z_7611453d,453.7376,2304.0,2878.0,454.7877,0.9393,0.0,0.0,
normalized,PASS,True,,,,,Float32 tolerance atol=rtol=1e-4,S13,5.0,128.0,5128.0,0.0,320.0,True,False,20261005T104005Z_7611453d,453.7376,2304.0,2878.0,454.7877,0.9393,0.0,0.0,
y,PASS,False,,,,,Float32 tolerance atol=rtol=1e-4,S13,5.0,128.0,5128.0,0.0,320.0,True,False,20261005T104005Z_7611453d,453.7376,2304.0,2878.0,454.7877,0.9393,1.0728836059570312e-06,3.5537310566743806e-07,
scale,PASS,False,,,,,Float32 tolerance atol=rtol=1e-4,S13,5.0,128.0,5128.0,0.0,320.0,True,False,20261005T104005Z_7611453d,453.7376,2304.0,2878.0,454.7877,0.9393,1.4551915228366852e-11,1.4551915228366852e-11,
q_int16,WITHIN_1_LSB,False,,,,,Numerical agreement within 1 LSB,S13,5.0,128.0,5128.0,0.0,320.0,True,False,20261005T104005Z_7611453d,453.7376,2304.0,2878.0,454.7877,0.9393,1.0,0.08838834764831845,1.0
payload bytes,FAIL,False,,,,,Byte comparison,S13,5.0,128.0,5128.0,0.0,320.0,True,False,20261005T104005Z_7611453d,453.7376,2304.0,2878.0,454.7877,0.9393,,,
packet bytes,FAIL,False,,,,,Byte comparison,S13,5.0,128.0,5128.0,0.0,320.0,True,False,20261005T104005Z_7611453d,453.7376,2304.0,2878.0,454.7877,0.9393,,,
CRC validity,PASS,,,,,,CRC recalculated independently on each header[0:12]+payload,S13,5.0,128.0,5128.0,0.0,320.0,True,False,20261005T104005Z_7611453d,453.7376,2304.0,2878.0,454.7877,0.9393,,,
packet size,PASS,True,,,,,Byte comparison,S13,5.0,128.0,5128.0,0.0,320.0,True,False,20261005T104005Z_7611453d,453.7376,2304.0,2878.0,454.7877,0.9393,,,
filtered,PASS,True,,,,,Float32 tolerance atol=rtol=1e-4,S13,5.0,128.0,5128.0,1.0,448.0,True,False,20261005T104005Z_7611453d,299.4015,512.0,2878.0,301.9244,2.2838,0.0,0.0,
normalized,PASS,True,,,,,Float32 tolerance atol=rtol=1e-4,S13,5.0,128.0,5128.0,1.0,448.0,True,False,20261005T104005Z_7611453d,299.4015,512.0,2878.0,301.9244,2.2838,0.0,0.0,
y,PASS,False,,,,,Float32 tolerance atol=rtol=1e-4,S13,5.0,128.0,5128.0,1.0,448.0,True,False,20261005T104005Z_7611453d,299.4015,512.0,2878.0,301.9244,2.2838,1.1920928955078125e-06,2.9104789703177437e-07,
scale,PASS,False,,,,,Float32 tolerance atol=rtol=1e-4,S13,5.0,128.0,5128.0,1.0,448.0,True,False,20261005T104005Z_7611453d,299.4015,512.0,2878.0,301.9244,2.2838,1.4551915228366852e-11,1.4551915228366852e-11,
q_int16,PASS,True,,,,,Bit-exact INT16,S13,5.0,128.0,5128.0,1.0,448.0,True,False,20261005T104005Z_7611453d,299.4015,512.0,2878.0,301.9244,2.2838,0.0,0.0,0.0
payload bytes,PASS,True,,,,,Byte comparison,S13,5.0,128.0,5128.0,1.0,448.0,True,False,20261005T104005Z_7611453d,299.4015,512.0,2878.0,301.9244,2.2838,,,
packet bytes,FAIL,False,,,,,Byte comparison,S13,5.0,128.0,5128.0,1.0,448.0,True,False,20261005T104005Z_7611453d,299.4015,512.0,2878.0,301.9244,2.2838,,,
CRC validity,PASS,,,,,,CRC recalculated independently on each header[0:12]+payload,S13,5.0,128.0,5128.0,1.0,448.0,True,False,20261005T104005Z_7611453d,299.4015,512.0,2878.0,301.9244,2.2838,,,
packet size,PASS,True,,,,,Byte comparison,S13,5.0,128.0,5128.0,1.0,448.0,True,False,20261005T104005Z_7611453d,299.4015,512.0,2878.0,301.9244,2.2838,,,
filtered,PASS,True,,,,,Float32 tolerance atol=rtol=1e-4,S13,5.0,128.0,5128.0,2.0,576.0,True,False,20261005T104005Z_7611453d,299.0541,512.0,2878.0,300.0732,0.9101,0.0,0.0,
normalized,PASS,True,,,,,Float32 tolerance atol=rtol=1e-4,S13,5.0,128.0,5128.0,2.0,576.0,True,False,20261005T104005Z_7611453d,299.0541,512.0,2878.0,300.0732,0.9101,0.0,0.0,
y,PASS,False,,,,,Float32 tolerance atol=rtol=1e-4,S13,5.0,128.0,5128.0,2.0,576.0,True,False,20261005T104005Z_7611453d,299.0541,512.0,2878.0,300.0732,0.9101,8.940696716308594e-07,2.6767197843823805e-07,
scale,PASS,False,,,,,Float32 tolerance atol=rtol=1e-4,S13,5.0,128.0,5128.0,2.0,576.0,True,False,20261005T104005Z_7611453d,299.0541,512.0,2878.0,300.0732,0.9101,7.275957614183426e-12,7.275957614183426e-12,
q_int16,PASS,True,,,,,Bit-exact INT16,S13,5.0,128.0,5128.0,2.0,576.0,True,False,20261005T104005Z_7611453d,299.0541,512.0,2878.0,300.0732,0.9101,0.0,0.0,0.0
payload bytes,PASS,True,,,,,Byte comparison,S13,5.0,128.0,5128.0,2.0,576.0,True,False,20261005T104005Z_7611453d,299.0541,512.0,2878.0,300.0732,0.9101,,,
packet bytes,FAIL,False,,,,,Byte comparison,S13,5.0,128.0,5128.0,2.0,576.0,True,False,20261005T104005Z_7611453d,299.0541,512.0,2878.0,300.0732,0.9101,,,
CRC validity,PASS,,,,,,CRC recalculated independently on each header[0:12]+payload,S13,5.0,128.0,5128.0,2.0,576.0,True,False,20261005T104005Z_7611453d,299.0541,512.0,2878.0,300.0732,0.9101,,,
packet size,PASS,True,,,,,Byte comparison,S13,5.0,128.0,5128.0,2.0,576.0,True,False,20261005T104005Z_7611453d,299.0541,512.0,2878.0,300.0732,0.9101,,,
filtered,PASS,True,,,,,Float32 tolerance atol=rtol=1e-4,S13,5.0,128.0,5128.0,3.0,704.0,True,False,20261005T104005Z_7611453d,298.6963,512.0,2878.0,300.5709,1.6973,0.0,0.0,
normalized,PASS,True,,,,,Float32 tolerance atol=rtol=1e-4,S13,5.0,128.0,5128.0,3.0,704.0,True,False,20261005T104005Z_7611453d,298.6963,512.0,2878.0,300.5709,1.6973,0.0,0.0,
y,PASS,False,,,,,Float32 tolerance atol=rtol=1e-4,S13,5.0,128.0,5128.0,3.0,704.0,True,False,20261005T104005Z_7611453d,298.6963,512.0,2878.0,300.5709,1.6973,1.5497207641601562e-06,3.009380428315962e-07,
scale,PASS,False,,,,,Float32 tolerance atol=rtol=1e-4,S13,5.0,128.0,5128.0,3.0,704.0,True,False,20261005T104005Z_7611453d,298.6963,512.0,2878.0,300.5709,1.6973,2.1827872842550278e-11,2.1827872842550278e-11,
q_int16,PASS,True,,,,,Bit-exact INT16,S13,5.0,128.0,5128.0,3.0,704.0,True,False,20261005T104005Z_7611453d,298.6963,512.0,2878.0,300.5709,1.6973,0.0,0.0,0.0
payload bytes,PASS,True,,,,,Byte comparison,S13,5.0,128.0,5128.0,3.0,704.0,True,False,20261005T104005Z_7611453d,298.6963,512.0,2878.0,300.5709,1.6973,,,
packet bytes,FAIL,False,,,,,Byte comparison,S13,5.0,128.0,5128.0,3.0,704.0,True,False,20261005T104005Z_7611453d,298.6963,512.0,2878.0,300.5709,1.6973,,,
CRC validity,PASS,,,,,,CRC recalculated independently on each header[0:12]+payload,S13,5.0,128.0,5128.0,3.0,704.0,True,False,20261005T104005Z_7611453d,298.6963,512.0,2878.0,300.5709,1.6973,,,
packet size,PASS,True,,,,,Byte comparison,S13,5.0,128.0,5128.0,3.0,704.0,True,False,20261005T104005Z_7611453d,298.6963,512.0,2878.0,300.5709,1.6973,,,
filtered,PASS,True,,,,,Float32 tolerance atol=rtol=1e-4,S13,5.0,128.0,5128.0,4.0,832.0,True,False,20261005T104005Z_7611453d,299.1401,512.0,2878.0,301.6001,2.2582,0.0,0.0,
normalized,PASS,True,,,,,Float32 tolerance atol=rtol=1e-4,S13,5.0,128.0,5128.0,4.0,832.0,True,False,20261005T104005Z_7611453d,299.1401,512.0,2878.0,301.6001,2.2582,0.0,0.0,
y,PASS,False,,,,,Float32 tolerance atol=rtol=1e-4,S13,5.0,128.0,5128.0,4.0,832.0,True,False,20261005T104005Z_7611453d,299.1401,512.0,2878.0,301.6001,2.2582,1.430511474609375e-06,3.609665856979925e-07,
scale,PASS,False,,,,,Float32 tolerance atol=rtol=1e-4,S13,5.0,128.0,5128.0,4.0,832.0,True,False,20261005T104005Z_7611453d,299.1401,512.0,2878.0,301.6001,2.2582,7.275957614183426e-12,7.275957614183426e-12,
q_int16,WITHIN_1_LSB,False,,,,,Numerical agreement within 1 LSB,S13,5.0,128.0,5128.0,4.0,832.0,True,False,20261005T104005Z_7611453d,299.1401,512.0,2878.0,301.6001,2.2582,1.0,0.08838834764831845,1.0
payload bytes,FAIL,False,,,,,Byte comparison,S13,5.0,128.0,5128.0,4.0,832.0,True,False,20261005T104005Z_7611453d,299.1401,512.0,2878.0,301.6001,2.2582,,,
packet bytes,FAIL,False,,,,,Byte comparison,S13,5.0,128.0,5128.0,4.0,832.0,True,False,20261005T104005Z_7611453d,299.1401,512.0,2878.0,301.6001,2.2582,,,
CRC validity,PASS,,,,,,CRC recalculated independently on each header[0:12]+payload,S13,5.0,128.0,5128.0,4.0,832.0,True,False,20261005T104005Z_7611453d,299.1401,512.0,2878.0,301.6001,2.2582,,,
packet size,PASS,True,,,,,Byte comparison,S13,5.0,128.0,5128.0,4.0,832.0,True,False,20261005T104005Z_7611453d,299.1401,512.0,2878.0,301.6001,2.2582,,,
filtered,PASS,True,,,,,Float32 tolerance atol=rtol=1e-4,S13,5.0,128.0,5128.0,5.0,960.0,True,False,20261005T104005Z_7611453d,299.1167,512.0,2878.0,301.5886,2.0895,0.0,0.0,
normalized,PASS,True,,,,,Float32 tolerance atol=rtol=1e-4,S13,5.0,128.0,5128.0,5.0,960.0,True,False,20261005T104005Z_7611453d,299.1167,512.0,2878.0,301.5886,2.0895,0.0,0.0,
y,PASS,False,,,,,Float32 tolerance atol=rtol=1e-4,S13,5.0,128.0,5128.0,5.0,960.0,True,False,20261005T104005Z_7611453d,299.1167,512.0,2878.0,301.5886,2.0895,1.0728836059570312e-06,2.6691111328727505e-07,
scale,PASS,False,,,,,Float32 tolerance atol=rtol=1e-4,S13,5.0,128.0,5128.0,5.0,960.0,True,False,20261005T104005Z_7611453d,299.1167,512.0,2878.0,301.5886,2.0895,7.275957614183426e-12,7.275957614183426e-12,
q_int16,PASS,True,,,,,Bit-exact INT16,S13,5.0,128.0,5128.0,5.0,960.0,True,False,20261005T104005Z_7611453d,299.1167,512.0,2878.0,301.5886,2.0895,0.0,0.0,0.0
payload bytes,PASS,True,,,,,Byte comparison,S13,5.0,128.0,5128.0,5.0,960.0,True,False,20261005T104005Z_7611453d,299.1167,512.0,2878.0,301.5886,2.0895,,,
packet bytes,FAIL,False,,,,,Byte comparison,S13,5.0,128.0,5128.0,5.0,960.0,True,False,20261005T104005Z_7611453d,299.1167,512.0,2878.0,301.5886,2.0895,,,
CRC validity,PASS,,,,,,CRC recalculated independently on each header[0:12]+payload,S13,5.0,128.0,5128.0,5.0,960.0,True,False,20261005T104005Z_7611453d,299.1167,512.0,2878.0,301.5886,2.0895,,,
packet size,PASS,True,,,,,Byte comparison,S13,5.0,128.0,5128.0,5.0,960.0,True,False,20261005T104005Z_7611453d,299.1167,512.0,2878.0,301.5886,2.0895,,,
filtered,PASS,True,,,,,Float32 tolerance atol=rtol=1e-4,S13,5.0,128.0,5128.0,6.0,1088.0,True,False,20261005T104005Z_7611453d,299.041,512.0,2878.0,300.5914,1.3411,0.0,0.0,
normalized,PASS,True,,,,,Float32 tolerance atol=rtol=1e-4,S13,5.0,128.0,5128.0,6.0,1088.0,True,False,20261005T104005Z_7611453d,299.041,512.0,2878.0,300.5914,1.3411,0.0,0.0,
y,PASS,False,,,,,Float32 tolerance atol=rtol=1e-4,S13,5.0,128.0,5128.0,6.0,1088.0,True,False,20261005T104005Z_7611453d,299.041,512.0,2878.0,300.5914,1.3411,7.152557373046875e-07,1.7311569608494841e-07,
scale,PASS,False,,,,,Float32 tolerance atol=rtol=1e-4,S13,5.0,128.0,5128.0,6.0,1088.0,True,False,20261005T104005Z_7611453d,299.041,512.0,2878.0,300.5914,1.3411,3.637978807091713e-12,3.637978807091713e-12,
q_int16,PASS,True,,,,,Bit-exact INT16,S13,5.0,128.0,5128.0,6.0,1088.0,True,False,20261005T104005Z_7611453d,299.041,512.0,2878.0,300.5914,1.3411,0.0,0.0,0.0
payload bytes,PASS,True,,,,,Byte comparison,S13,5.0,128.0,5128.0,6.0,1088.0,True,False,20261005T104005Z_7611453d,299.041,512.0,2878.0,300.5914,1.3411,,,
packet bytes,FAIL,False,,,,,Byte comparison,S13,5.0,128.0,5128.0,6.0,1088.0,True,False,20261005T104005Z_7611453d,299.041,512.0,2878.0,300.5914,1.3411,,,
CRC validity,PASS,,,,,,CRC recalculated independently on each header[0:12]+payload,S13,5.0,128.0,5128.0,6.0,1088.0,True,False,20261005T104005Z_7611453d,299.041,512.0,2878.0,300.5914,1.3411,,,
packet size,PASS,True,,,,,Byte comparison,S13,5.0,128.0,5128.0,6.0,1088.0,True,False,20261005T104005Z_7611453d,299.041,512.0,2878.0,300.5914,1.3411,,,
filtered,PASS,True,,,,,Float32 tolerance atol=rtol=1e-4,S13,5.0,128.0,5128.0,7.0,1216.0,True,False,20261005T104005Z_7611453d,297.6254,512.0,2878.0,298.8526,1.0886,0.0,0.0,
normalized,PASS,True,,,,,Float32 tolerance atol=rtol=1e-4,S13,5.0,128.0,5128.0,7.0,1216.0,True,False,20261005T104005Z_7611453d,297.6254,512.0,2878.0,298.8526,1.0886,0.0,0.0,
y,PASS,False,,,,,Float32 tolerance atol=rtol=1e-4,S13,5.0,128.0,5128.0,7.0,1216.0,True,False,20261005T104005Z_7611453d,297.6254,512.0,2878.0,298.8526,1.0886,8.344650268554688e-07,1.7508188073967453e-07,
scale,PASS,False,,,,,Float32 tolerance atol=rtol=1e-4,S13,5.0,128.0,5128.0,7.0,1216.0,True,False,20261005T104005Z_7611453d,297.6254,512.0,2878.0,298.8526,1.0886,3.637978807091713e-12,3.637978807091713e-12,
q_int16,PASS,True,,,,,Bit-exact INT16,S13,5.0,128.0,5128.0,7.0,1216.0,True,False,20261005T104005Z_7611453d,297.6254,512.0,2878.0,298.8526,1.0886,0.0,0.0,0.0
payload bytes,PASS,True,,,,,Byte comparison,S13,5.0,128.0,5128.0,7.0,1216.0,True,False,20261005T104005Z_7611453d,297.6254,512.0,2878.0,298.8526,1.0886,,,
packet bytes,FAIL,False,,,,,Byte comparison,S13,5.0,128.0,5128.0,7.0,1216.0,True,False,20261005T104005Z_7611453d,297.6254,512.0,2878.0,298.8526,1.0886,,,
CRC validity,PASS,,,,,,CRC recalculated independently on each header[0:12]+payload,S13,5.0,128.0,5128.0,7.0,1216.0,True,False,20261005T104005Z_7611453d,297.6254,512.0,2878.0,298.8526,1.0886,,,
packet size,PASS,True,,,,,Byte comparison,S13,5.0,128.0,5128.0,7.0,1216.0,True,False,20261005T104005Z_7611453d,297.6254,512.0,2878.0,298.8526,1.0886,,,
unknown config_id rejection,PASS,True,,,,,Receiver: CRC-valid unknown config packet; Expected=REJECT; Actual=REJECT,,,,,,,,,,,,,,,,,
