Fold,M,Seed,epoch,loss,train_loss,val_macro_prd,epoch_seconds
1,51,11,1,0.1823624615943796,0.1823624615943796,24.145625432332356,3.1177754402160645
1,51,11,2,0.03146752239717021,0.03146752239717021,19.12622578938802,0.772193193435669
1,51,11,3,0.02304164338198122,0.02304164338198122,16.595728238423664,0.771228551864624
1,51,11,4,0.019073795811707376,0.019073795811707376,15.459152539571127,0.7704582214355469
1,51,11,5,0.016930260330175088,0.016930260330175088,14.839361826578775,0.7716648578643799
1,51,11,6,0.015673019420924535,0.015673019420924535,14.211942672729492,0.7728152275085449
1,51,11,7,0.014735917982995702,0.014735917982995702,13.479400634765625,0.7726337909698486
1,51,11,8,0.01395832866481191,0.01395832866481191,13.672601381937662,0.7752594947814941
1,51,11,9,0.013413064246937344,0.013413064246937344,13.636017163594564,0.7705278396606445
1,51,11,10,0.013325275482693718,0.013325275482693718,12.837807973225912,0.7712075710296631
1,51,11,11,0.01285161493627588,0.01285161493627588,12.5429048538208,0.7718572616577148
1,51,11,12,0.01259005636611648,0.01259005636611648,12.545989036560059,0.7725670337677002
1,51,11,13,0.012196263225773092,0.012196263225773092,12.351870854695639,0.7720930576324463
1,51,11,14,0.012017327874383837,0.012017327874383837,12.26625951131185,0.7734167575836182
1,51,11,15,0.011911548165023518,0.011911548165023518,12.892284711201986,0.7724661827087402
1,51,11,16,0.011705624033963469,0.011705624033963469,12.282580693562826,0.7732648849487305
1,51,11,17,0.011558988494678757,0.011558988494678757,12.138397534688314,0.7725615501403809
1,51,11,18,0.011489892261659793,0.011489892261659793,12.100237210591635,0.7735390663146973
1,51,11,19,0.011360479196102337,0.011360479196102337,12.647340138753256,0.7736091613769531
1,51,11,20,0.011201935491623459,0.011201935491623459,12.285082817077637,0.7727155685424805
1,51,11,21,0.01122064015250114,0.01122064015250114,11.770338376363119,0.7723689079284668
1,51,11,22,0.01101612513420738,0.01101612513420738,12.106316566467285,0.7724900245666504
1,51,11,23,0.011076628157892938,0.011076628157892938,12.236825625101725,0.7718236446380615
1,51,11,24,0.01090054654582161,0.01090054654582161,11.826583862304688,0.7719652652740479
1,51,11,25,0.010709478404564585,0.010709478404564585,11.718821207682291,0.7712523937225342
1,51,11,26,0.010718119358404322,0.010718119358404322,11.7187131245931,0.7714033126831055
1,51,11,27,0.010606699465950681,0.010606699465950681,11.989007314046225,0.7722511291503906
1,51,11,28,0.010593267392001783,0.010593267392001783,11.800514856974283,0.7757000923156738
1,51,11,29,0.010598673858047969,0.010598673858047969,11.835341771443685,0.7753438949584961
1,51,11,30,0.01047933094691593,0.01047933094691593,11.559341112772623,0.7735157012939453
1,51,11,31,0.010445665291860891,0.010445665291860891,11.651429812113443,0.7717766761779785
1,51,11,32,0.010334548509718664,0.010334548509718664,11.722363154093424,0.7718784809112549
1,51,11,33,0.010317093697211847,0.010317093697211847,11.795739809672037,0.7724864482879639
1,51,11,34,0.010298812576237215,0.010298812576237215,11.624272028605143,0.7733500003814697
1,51,11,35,0.010239071140838397,0.010239071140838397,11.463977495829264,0.7720944881439209
1,51,11,36,0.010278204724737637,0.010278204724737637,11.71960417429606,0.7722063064575195
1,51,11,37,0.010184856878078491,0.010184856878078491,11.528918584187826,0.7715508937835693
1,51,11,38,0.010114682051487914,0.010114682051487914,11.308576583862305,0.7721953392028809
1,51,11,39,0.010121935542816613,0.010121935542816613,11.288462003072103,0.7721042633056641
1,51,11,40,0.010057025137611956,0.010057025137611956,11.424687385559082,0.7722620964050293
1,51,11,41,0.010063171684682081,0.010063171684682081,11.584698994954428,0.7747836112976074
1,51,11,42,0.009962980166808298,0.009962980166808298,11.566815694173178,0.7735061645507812
1,51,11,43,0.009990128228093507,0.009990128228093507,11.343938827514648,0.7725474834442139
1,51,11,44,0.00991411683362253,0.00991411683362253,11.351691563924154,0.7752139568328857
1,51,11,45,0.009878932627163516,0.009878932627163516,11.556912740071615,0.7747766971588135
1,51,11,46,0.0099041866343708,0.0099041866343708,11.484218915303549,0.774482250213623
1,51,11,47,0.009897930881493633,0.009897930881493633,11.369232813517252,0.7743756771087646
1,51,11,48,0.009820911486803814,0.009820911486803814,11.42494265238444,0.7749977111816406
1,51,11,49,0.009713401803088006,0.009713401803088006,11.233559926350912,0.7747342586517334
1,51,11,50,0.009795204566348453,0.009795204566348453,11.464839617411295,0.773737907409668
1,51,11,51,0.009734770954643463,0.009734770954643463,12.14831288655599,0.7745239734649658
1,51,11,52,0.009744034589334148,0.009744034589334148,11.271295865376791,0.7748675346374512
1,51,11,53,0.009719058506675904,0.009719058506675904,11.100580851236979,0.7748053073883057
1,51,11,54,0.00970114825946246,0.00970114825946246,11.373003005981445,0.7741069793701172
1,51,11,55,0.00965367713261851,0.00965367713261851,11.221531550089518,0.7753310203552246
1,51,11,56,0.00961638023699499,0.00961638023699499,11.594799677530924,0.7743539810180664
1,51,11,57,0.009618367406860041,0.009618367406860041,11.353521029154459,0.7749464511871338
1,51,11,58,0.009613139068234676,0.009613139068234676,11.097205797831217,0.7747375965118408
1,51,11,59,0.009573820395203506,0.009573820395203506,11.16821543375651,0.7740347385406494
1,51,11,60,0.009540984496156838,0.009540984496156838,11.063655217488607,0.774909257888794
1,51,11,61,0.009537305545145676,0.009537305545145676,11.062832514444986,0.7747023105621338
1,51,11,62,0.00955139913063173,0.00955139913063173,11.172361056009928,0.7752459049224854
1,51,11,63,0.00948544145543787,0.00948544145543787,11.225120226542154,0.7742249965667725
1,51,11,64,0.009459107297463671,0.009459107297463671,11.148392677307129,0.7746684551239014
1,51,11,65,0.009468392627703033,0.009468392627703033,11.078750292460123,0.7744936943054199
1,51,11,66,0.009446254199209032,0.009446254199209032,11.05997403462728,0.7756080627441406
1,51,11,67,0.009395069356594486,0.009395069356594486,11.001063028971354,0.7748293876647949
1,51,11,68,0.009407509387084477,0.009407509387084477,11.122851689656576,0.8152308464050293
1,51,11,69,0.009346333526260553,0.009346333526260553,11.150394439697266,0.815460205078125
1,51,11,70,0.009366048075456376,0.009366048075456376,11.157079060872396,0.814814567565918
1,51,11,71,0.009374570650261172,0.009374570650261172,11.227670669555664,0.8160548210144043
1,51,11,72,0.009365328892292845,0.009365328892292845,11.016725540161133,0.814965009689331
1,51,11,73,0.00933792775682506,0.00933792775682506,11.071101188659668,0.8143680095672607
1,51,11,74,0.009306874478062154,0.009306874478062154,11.386393547058105,0.815244197845459
1,51,11,75,0.00928468239745215,0.00928468239745215,11.1903076171875,0.8140995502471924
1,51,11,76,0.009261973607997706,0.009261973607997706,10.977153142293295,0.7804851531982422
1,51,11,77,0.009284537287812285,0.009284537287812285,11.01668930053711,0.8141191005706787
1,51,11,78,0.009241569986030866,0.009241569986030866,11.162421544392904,0.8150606155395508
1,51,11,79,0.009245777669979612,0.009245777669979612,10.999553044637045,0.8138518333435059
1,51,11,80,0.009223123583373677,0.009223123583373677,11.006076176961264,0.801624059677124
1,51,11,81,0.009205088121187649,0.009205088121187649,10.90771770477295,0.7770736217498779
1,51,11,82,0.009168893506846292,0.009168893506846292,10.978254954020182,0.8088912963867188
1,51,11,83,0.009180862327792062,0.009180862327792062,11.015136082967123,0.8144741058349609
1,51,11,84,0.009170547060345051,0.009170547060345051,11.132028261820475,0.8143889904022217
1,51,11,85,0.0091537742945141,0.0091537742945141,10.935222307840982,0.814293622970581
1,51,11,86,0.00911173775007535,0.00911173775007535,11.02573267618815,0.8148989677429199
1,51,11,87,0.009102972228472327,0.009102972228472327,11.067631085713705,0.814915657043457
1,51,11,88,0.009150172195208656,0.009150172195208656,10.938069661458334,0.8151288032531738
1,51,11,89,0.009085147767372645,0.009085147767372645,11.159974733988443,0.7738063335418701
1,51,11,90,0.009100564817637444,0.009100564817637444,11.135382970174154,0.8148398399353027
1,51,11,91,0.009095816119870476,0.009095816119870476,10.978974342346191,0.8152463436126709
1,51,22,1,0.19678744741706508,0.19678744741706508,24.169246037801106,0.7755439281463623
1,51,22,2,0.03210012457360457,0.03210012457360457,19.260985056559246,0.7747113704681396
1,51,22,3,0.0232637508868141,0.0232637508868141,17.14772319793701,0.7865316867828369
1,51,22,4,0.019084605473689616,0.019084605473689616,15.470017751057943,0.8129405975341797
1,51,22,5,0.016887585403415648,0.016887585403415648,14.642444928487143,0.813107967376709
1,51,22,6,0.015670097455490153,0.015670097455490153,15.032992045084635,0.8132162094116211
1,51,22,7,0.014705662878373955,0.014705662878373955,13.609757423400879,0.8118374347686768
1,51,22,8,0.014020883698327845,0.014020883698327845,12.962162335713705,0.8123035430908203
1,51,22,9,0.01346930233953323,0.01346930233953323,12.97754955291748,0.813021183013916
1,51,22,10,0.013116685410069115,0.013116685410069115,12.750800768534342,0.8122580051422119
1,51,22,11,0.012665001810992503,0.012665001810992503,13.560195604960123,0.8117029666900635
1,51,22,12,0.012437295219546536,0.012437295219546536,12.654561996459961,0.8124451637268066
1,51,22,13,0.012189322344395796,0.012189322344395796,13.387940406799316,0.8115441799163818
1,51,22,14,0.012009905788214979,0.012009905788214979,12.279197692871094,0.7851238250732422
1,51,22,15,0.01174887821416691,0.01174887821416691,12.497529983520508,0.7744235992431641
1,51,22,16,0.011736408132802204,0.011736408132802204,12.314617792765299,0.7778570652008057
1,51,22,17,0.011495932414109587,0.011495932414109587,12.100927670796713,0.8117704391479492
1,51,22,18,0.011406660045518081,0.011406660045518081,12.025701522827148,0.813856840133667
1,51,22,19,0.011333173966646147,0.011333173966646147,11.979610125223795,0.8118374347686768
1,51,22,20,0.01124777020721837,0.01124777020721837,11.717858950297037,0.7690575122833252
1,51,22,21,0.011117996298333696,0.011117996298333696,11.978436152140299,0.8117139339447021
1,51,22,22,0.01103149489739197,0.01103149489739197,11.946862856547037,0.8043341636657715
1,51,22,23,0.010815743086679907,0.010815743086679907,12.038947741190592,0.8050906658172607
1,51,22,24,0.010863784987365654,0.010863784987365654,11.925837198893229,0.8096413612365723
1,51,22,25,0.010819803906149467,0.010819803906149467,12.06965192159017,0.7681620121002197
1,51,22,26,0.010729476954740056,0.010729476954740056,11.494651158650717,0.7723050117492676
1,51,22,27,0.010596247353228677,0.010596247353228677,11.816281954447428,0.7707452774047852
1,51,22,28,0.010660314607550764,0.010660314607550764,11.634172757466635,0.7720921039581299
1,51,22,29,0.010468937298642334,0.010468937298642334,11.99741268157959,0.7727675437927246
1,51,22,30,0.010524149328302533,0.010524149328302533,11.622211138407389,0.7679998874664307
1,51,22,31,0.010428023866716162,0.010428023866716162,11.795049667358398,0.7753808498382568
1,51,22,32,0.010453127867353546,0.010453127867353546,11.667118708292643,0.7766010761260986
1,51,22,33,0.0103311366985561,0.0103311366985561,11.583879152933756,0.7740912437438965
1,51,22,34,0.010218058375887261,0.010218058375887261,11.429296493530273,0.7725770473480225
1,51,22,35,0.010225615381799232,0.010225615381799232,11.572722752888998,0.7739839553833008
1,51,22,36,0.010244513863332307,0.010244513863332307,11.655820846557617,0.7746245861053467
1,51,22,37,0.010198263510600498,0.010198263510600498,11.602089564005533,0.7734735012054443
1,51,22,38,0.010194049292420699,0.010194049292420699,11.681925137837728,0.7728073596954346
1,51,22,39,0.010133692339643645,0.010133692339643645,11.797831535339355,0.7720623016357422
1,51,22,40,0.010025982894722096,0.010025982894722096,11.960771560668945,0.7727575302124023
1,51,22,41,0.010049742083529377,0.010049742083529377,11.572760899861654,0.7714252471923828
1,51,22,42,0.0100382743380856,0.0100382743380856,11.153696060180664,0.7717030048370361
1,51,22,43,0.009993487489903854,0.009993487489903854,11.486619313557943,0.7711939811706543
1,51,22,44,0.009916135771020384,0.009916135771020384,11.864753087361654,0.7717435359954834
1,51,22,45,0.009927584677395617,0.009927584677395617,11.858417510986328,0.7721524238586426
1,51,22,46,0.009854946724944703,0.009854946724944703,11.417269388834635,0.773679256439209
1,51,22,47,0.009805185513696678,0.009805185513696678,11.532363255818685,0.772273063659668
1,51,22,48,0.009837883840527662,0.009837883840527662,11.606698989868164,0.7733526229858398
1,51,22,49,0.009769833323297202,0.009769833323297202,11.308272997538248,0.7727885246276855
1,51,22,50,0.009763006013863004,0.009763006013863004,11.39992904663086,0.775059700012207
1,51,22,51,0.009731174690702817,0.009731174690702817,11.307774861653646,0.7747492790222168
1,51,22,52,0.009679759496978673,0.009679759496978673,11.424825032552084,0.7667958736419678
1,51,33,1,0.19861429687469623,0.19861429687469623,24.214659372965496,0.7739200592041016
1,51,33,2,0.03193776932518055,0.03193776932518055,18.760563532511394,0.77321457862854
1,51,33,3,0.023183507361176792,0.023183507361176792,16.718294143676758,0.7658834457397461
1,51,33,4,0.019205159208231227,0.019205159208231227,16.314199447631836,0.7662229537963867
1,51,33,5,0.01706732867189782,0.01706732867189782,14.43627134958903,0.765601634979248
1,51,33,6,0.015551425344415512,0.015551425344415512,13.77309767405192,0.7658076286315918
1,51,33,7,0.014710088749341307,0.014710088749341307,13.502577781677246,0.7708418369293213
1,51,33,8,0.014090064832180067,0.014090064832180067,13.769877751668295,0.7708380222320557
1,51,33,9,0.013498477131679319,0.013498477131679319,13.336995760599772,0.7629539966583252
1,51,33,10,0.012923783712520285,0.012923783712520285,13.204091707865397,0.763129472732544
1,51,33,11,0.012749639919201373,0.012749639919201373,12.615790685017904,0.763206958770752
1,51,33,12,0.012463065109086909,0.012463065109086909,12.519463857014975,0.7639491558074951
1,51,33,13,0.01204189658614169,0.01204189658614169,12.65066909790039,0.7628769874572754
1,51,33,14,0.012098284121572827,0.012098284121572827,12.251729011535645,0.7660641670227051
1,51,33,15,0.011883675888138809,0.011883675888138809,12.157469113667807,0.7662413120269775
1,51,33,16,0.011588058469613409,0.011588058469613409,11.991950670878092,0.7729589939117432
1,51,33,17,0.011498874795272755,0.011498874795272755,12.44975217183431,0.7624428272247314
1,51,33,18,0.011380555174819574,0.011380555174819574,12.422251065572103,0.7630445957183838
1,51,33,19,0.011382064335138036,0.011382064335138036,12.183071454366049,0.7653393745422363
1,51,33,20,0.011200394804838002,0.011200394804838002,12.153307914733887,0.7638735771179199
1,51,33,21,0.011022615436632245,0.011022615436632245,12.055462519327799,0.7732188701629639
1,51,33,22,0.01107756780322725,0.01107756780322725,12.323564211527506,0.7721865177154541
1,51,33,23,0.011025027842844846,0.011025027842844846,12.071020126342773,0.7626831531524658
1,51,33,24,0.010767425905308204,0.010767425905308204,11.791746139526367,0.7642714977264404
1,51,33,25,0.010773692449998002,0.010773692449998002,11.815174102783203,0.7663321495056152
1,51,33,26,0.010703814932417687,0.010703814932417687,12.044913609822592,0.7677288055419922
1,51,33,27,0.010643765037591865,0.010643765037591865,11.71794573465983,0.7690987586975098
1,51,33,28,0.010551379433566543,0.010551379433566543,11.892195701599121,0.770827054977417
1,51,33,29,0.010563200267804397,0.010563200267804397,11.61054261525472,0.769763708114624
1,51,33,30,0.010556946971253088,0.010556946971253088,11.596507708231607,0.7691187858581543
1,51,33,31,0.010370585633968856,0.010370585633968856,11.52802562713623,0.763653039932251
1,51,33,32,0.010367452502370455,0.010367452502370455,12.1949675877889,0.766512393951416
1,51,33,33,0.010382807436264404,0.010382807436264404,11.577725092569986,0.7690565586090088
1,51,33,34,0.010270640401505054,0.010270640401505054,11.461443265279135,0.7695116996765137
1,51,33,35,0.010143997234522913,0.010143997234522913,11.627449989318848,0.7739150524139404
1,51,33,36,0.010182167106933915,0.010182167106933915,11.492604573567709,0.7728893756866455
1,51,33,37,0.010135880983629266,0.010135880983629266,11.50279712677002,0.7722587585449219
1,51,33,38,0.010057913311652336,0.010057913311652336,11.919742902119955,0.7746772766113281
1,51,33,39,0.010088653197374278,0.010088653197374278,11.610576629638672,0.7731525897979736
1,51,33,40,0.010009685663769915,0.010009685663769915,11.522671063741049,0.7656419277191162
1,51,33,41,0.009962794422606228,0.009962794422606228,11.529640515645346,0.7689952850341797
1,51,33,42,0.00997310341260968,0.00997310341260968,11.362577120463053,0.7698204517364502
1,51,33,43,0.009913141556215919,0.009913141556215919,11.501598993937174,0.7646126747131348
1,51,33,44,0.009818464925608499,0.009818464925608499,11.25975481669108,0.7659900188446045
1,51,33,45,0.009817204212805802,0.009817204212805802,11.426504135131836,0.7646126747131348
1,51,33,46,0.009815821694389848,0.009815821694389848,11.325034777323404,0.7675118446350098
1,51,33,47,0.009725149423318206,0.009725149423318206,11.3701753616333,0.7637147903442383
1,51,33,48,0.00984602491071873,0.00984602491071873,11.281787236531576,0.7638888359069824
1,51,33,49,0.009781811739710366,0.009781811739710366,11.251809120178223,0.7672100067138672
1,51,33,50,0.009716432419578602,0.009716432419578602,11.328050295511881,0.7645206451416016
1,51,33,51,0.009701223757980434,0.009701223757980434,11.784297307332357,0.7650189399719238
1,51,33,52,0.009644323333325254,0.009644323333325254,11.30398972829183,0.7644004821777344
1,51,33,53,0.009677747039160306,0.009677747039160306,11.210018793741861,0.765944242477417
1,51,33,54,0.009636601058083475,0.009636601058083475,11.168010711669922,0.7651019096374512
1,51,33,55,0.009542200774241874,0.009542200774241874,11.243362426757812,0.7653124332427979
1,51,33,56,0.009580840581992095,0.009580840581992095,11.206480026245117,0.7656855583190918
1,51,33,57,0.00948751325662161,0.00948751325662161,11.14415200551351,0.7730100154876709
1,51,33,58,0.009519032492389203,0.009519032492389203,11.010912577311197,0.7721211910247803
1,51,33,59,0.009460226443994467,0.009460226443994467,11.236373583475748,0.7678084373474121
1,51,33,60,0.009425504050004951,0.009425504050004951,11.12831942240397,0.7685229778289795
1,51,33,61,0.00937581207330707,0.00937581207330707,11.334551493326822,0.768632173538208
1,51,33,62,0.009451176276448455,0.009451176276448455,11.1890869140625,0.7725505828857422
1,51,33,63,0.009408848507665218,0.009408848507665218,10.988162358601889,0.7633802890777588
1,51,33,64,0.0094076985990407,0.0094076985990407,11.19575564066569,0.763784646987915
1,51,33,65,0.00938242729348984,0.00938242729348984,11.349794387817383,0.7634406089782715
1,51,33,66,0.009360387611391557,0.009360387611391557,11.439733187357584,0.7645854949951172
1,51,33,67,0.009330269588618705,0.009330269588618705,11.193690617879232,0.763087272644043
1,51,33,68,0.00931841754159887,0.00931841754159887,11.293825149536133,0.7662577629089355
1,51,33,69,0.009319102688815289,0.009319102688815289,11.032032330830893,0.7662761211395264
1,51,33,70,0.009274224401077322,0.009274224401077322,11.315927505493164,0.7675385475158691
1,51,33,71,0.009255454715317373,0.009255454715317373,11.201677958170572,0.7669389247894287
1,51,33,72,0.009239608991645588,0.009239608991645588,11.172300338745117,0.7683753967285156
1,51,33,73,0.009236409536254415,0.009236409536254415,11.07806396484375,0.7688076496124268
1,77,11,1,0.11786758410370043,0.11786758410370043,15.547159830729166,0.8197915554046631
1,77,11,2,0.010684238259390093,0.010684238259390093,9.762233098347982,0.7772412300109863
1,77,11,3,0.006026273068501778,0.006026273068501778,7.525574366251628,0.7674434185028076
1,77,11,4,0.004075558820943022,0.004075558820943022,6.58594544728597,0.7671232223510742
1,77,11,5,0.0032270666617238326,0.0032270666617238326,6.246274948120117,0.7738921642303467
1,77,11,6,0.0027830866260912233,0.0027830866260912233,8.307466983795166,0.7740805149078369
1,77,11,7,0.0025351425888124625,0.0025351425888124625,5.070913791656494,0.7750856876373291
1,77,11,8,0.0021610589511917118,0.0021610589511917118,4.936081250508626,0.7781426906585693
1,77,11,9,0.0021104163723627938,0.0021104163723627938,4.898043950398763,0.7768449783325195
1,77,11,10,0.0019398303709960156,0.0019398303709960156,4.524868885676066,0.7771079540252686
1,77,11,11,0.0018329272016551993,0.0018329272016551993,4.334386269251506,0.777273416519165
1,77,11,12,0.0016672380066999322,0.0016672380066999322,4.211641232172648,0.7763693332672119
1,77,11,13,0.001626939690126094,0.001626939690126094,3.8904338677724204,0.7780232429504395
1,77,11,14,0.0015841145468935658,0.0015841145468935658,3.8521050612131753,0.804499626159668
1,77,11,15,0.0014241832346652433,0.0014241832346652433,4.390267928441365,0.7695794105529785
1,77,11,16,0.001421958327961942,0.001421958327961942,3.9315237204233804,0.7703814506530762
1,77,11,17,0.0013373690502721087,0.0013373690502721087,4.1409900188446045,0.7700722217559814
1,77,11,18,0.0013593154821067246,0.0013593154821067246,3.716984192530314,0.7694137096405029
1,77,11,19,0.0012025818329976746,0.0012025818329976746,4.471862316131592,0.7698101997375488
1,77,11,20,0.0012672093554274135,0.0012672093554274135,3.9483683109283447,0.7698931694030762
1,77,11,21,0.0011834222471515177,0.0011834222471515177,3.4246954917907715,0.7705709934234619
1,77,11,22,0.0011117088375800256,0.0011117088375800256,3.6502912044525146,0.7711126804351807
1,77,11,23,0.00114715896629941,0.00114715896629941,3.74619730313619,0.7711429595947266
1,77,11,24,0.0011263362465537127,0.0011263362465537127,3.2349613507588706,0.7735991477966309
1,77,11,25,0.00106533483184359,0.00106533483184359,3.375365654627482,0.7774507999420166
1,77,11,26,0.0010175484398150087,0.0010175484398150087,3.168602466583252,0.7799711227416992
1,77,11,27,0.0010157098116426522,0.0010157098116426522,3.3214594523111978,0.7716958522796631
1,77,11,28,0.0010044046369204567,0.0010044046369204567,3.5742401281992593,0.7696611881256104
1,77,11,29,0.000932943240879403,0.000932943240879403,4.355395396550496,0.7690801620483398
1,77,11,30,0.000939540813472631,0.000939540813472631,2.9791480700174966,0.7722744941711426
1,77,11,31,0.000928794400196768,0.000928794400196768,3.0385642846425376,0.7778806686401367
1,77,11,32,0.000884088058216674,0.000884088058216674,3.0948028564453125,0.7766427993774414
1,77,11,33,0.0010153280287644889,0.0010153280287644889,3.0503169695536294,0.7758181095123291
1,77,11,34,0.0008619908284406415,0.0008619908284406415,3.4209886391957602,0.7680661678314209
1,77,11,35,0.0008183245571353398,0.0008183245571353398,2.9243719577789307,0.7701573371887207
1,77,11,36,0.0008496436172249574,0.0008496436172249574,3.018505573272705,0.7709853649139404
1,77,11,37,0.0008761485700923769,0.0008761485700923769,3.1908559004465737,0.7711997032165527
1,77,11,38,0.000828857523105796,0.000828857523105796,2.8491709232330322,0.7742757797241211
1,77,11,39,0.0008259785811340442,0.0008259785811340442,2.904995600382487,0.7746152877807617
1,77,11,40,0.0007956757558224471,0.0007956757558224471,2.7938992182413735,0.7743082046508789
1,77,11,41,0.0008047573822228555,0.0008047573822228555,3.187058925628662,0.7796521186828613
1,77,11,42,0.0007806491699399894,0.0007806491699399894,2.929085890452067,0.7760531902313232
1,77,11,43,0.0007721681266755818,0.0007721681266755818,2.896671692530314,0.777423620223999
1,77,11,44,0.0007603091303441806,0.0007603091303441806,2.8160919348398843,0.7691562175750732
1,77,11,45,0.0007291438313589621,0.0007291438313589621,3.358690023422241,0.7727160453796387
1,77,11,46,0.000742697601056496,0.000742697601056496,2.943185567855835,0.7749733924865723
1,77,11,47,0.0007457505231064376,0.0007457505231064376,2.66011651357015,0.7754342555999756
1,77,11,48,0.0007222033058719146,0.0007222033058719146,2.6341452598571777,0.7741718292236328
1,77,11,49,0.0007251311388631108,0.0007251311388631108,3.314034859339396,0.77443528175354
1,77,11,50,0.0006870956113711718,0.0006870956113711718,3.0170464515686035,0.7733917236328125
1,77,11,51,0.000705666629284234,0.000705666629284234,3.102267583211263,0.7702693939208984
1,77,11,52,0.0006975851067936293,0.0006975851067936293,2.646890958150228,0.7701082229614258
1,77,11,53,0.000679834013736666,0.000679834013736666,2.4994680881500244,0.7706403732299805
1,77,11,54,0.0006801949489608683,0.0006801949489608683,2.555689732233683,0.7705538272857666
1,77,11,55,0.0006747538285813567,0.0006747538285813567,2.60288675626119,0.7692959308624268
1,77,11,56,0.0006627575830540356,0.0006627575830540356,3.1043852170308432,0.7690179347991943
1,77,11,57,0.0006519169070334189,0.0006519169070334189,2.7215617497762046,0.7686629295349121
1,77,11,58,0.0006533883311007159,0.0006533883311007159,2.67576273282369,0.7712364196777344
1,77,11,59,0.0006353131776534836,0.0006353131776534836,2.3648037910461426,0.7710602283477783
1,77,11,60,0.0006226730177615443,0.0006226730177615443,2.4165402253468833,0.7725214958190918
1,77,11,61,0.0006305777313939364,0.0006305777313939364,2.5347410837809243,0.7744476795196533
1,77,11,62,0.000626925867486227,0.000626925867486227,2.4057792822519937,0.7734098434448242
1,77,11,63,0.0006048207399038556,0.0006048207399038556,2.666430711746216,0.777611255645752
1,77,11,64,0.0006257493118718086,0.0006257493118718086,2.5760084788004556,0.7691648006439209
1,77,11,65,0.0005994685334108554,0.0005994685334108554,2.3661042054494223,0.7694876194000244
1,77,11,66,0.0006080013259528864,0.0006080013259528864,2.501157840092977,0.771329402923584
1,77,11,67,0.0006114475450488227,0.0006114475450488227,2.3903165658315024,0.7701249122619629
1,77,11,68,0.0006424855823883895,0.0006424855823883895,2.421062787373861,0.7709448337554932
1,77,11,69,0.0005630449414548203,0.0005630449414548203,2.418206055959066,0.7692945003509521
1,77,22,1,0.12871778027492894,0.12871778027492894,16.007203420003254,0.7764241695404053
1,77,22,2,0.011560769985621597,0.011560769985621597,10.132187207539877,0.7752594947814941
1,77,22,3,0.006123398046961527,0.006123398046961527,8.027758598327637,0.7670011520385742
1,77,22,4,0.004287681113359581,0.004287681113359581,6.8369771639506025,0.76767897605896
1,77,22,5,0.003484078006178045,0.003484078006178045,6.184961001078288,0.7668793201446533
1,77,22,6,0.002795118508954799,0.002795118508954799,6.049643357594808,0.7687618732452393
1,77,22,7,0.002608413754144857,0.002608413754144857,5.906218846638997,0.7702054977416992
1,77,22,8,0.0023907421379862205,0.0023907421379862205,4.769085089365642,0.7703628540039062
1,77,22,9,0.002067424154614317,0.002067424154614317,4.930623372395833,0.7695717811584473
1,77,22,10,0.0019906326753897385,0.0019906326753897385,4.63968547185262,0.7701728343963623
1,77,22,11,0.001776376748876796,0.001776376748876796,4.840019861857097,0.7726380825042725
1,77,22,12,0.0017105254450950687,0.0017105254450950687,4.906656901041667,0.7743265628814697
1,77,22,13,0.0016650995050580914,0.0016650995050580914,4.803104559580485,0.7719495296478271
1,77,22,14,0.001601748176329317,0.001601748176329317,3.7945709228515625,0.772047758102417
1,77,22,15,0.0014352260295592153,0.0014352260295592153,4.072981754938762,0.7714872360229492
1,77,22,16,0.0013604617869096638,0.0013604617869096638,3.7721782525380454,0.7722151279449463
1,77,22,17,0.001355761232305995,0.001355761232305995,3.674847443898519,0.7810580730438232
1,77,22,18,0.001284592476403161,0.001284592476403161,4.127063274383545,0.8085227012634277
1,77,22,19,0.0013233078588466565,0.0013233078588466565,3.77742608388265,0.8085951805114746
1,77,22,20,0.0011908870930236934,0.0011908870930236934,3.6205316384633384,0.8123714923858643
1,77,22,21,0.0012460534197972321,0.0012460534197972321,3.7113942305246987,0.8171844482421875
1,77,22,22,0.0011209416410202981,0.0011209416410202981,3.7756337324778237,0.8166427612304688
1,77,22,23,0.0011342562668825054,0.0011342562668825054,3.43812886873881,0.8122706413269043
1,77,22,24,0.00105472203013577,0.00105472203013577,3.881497780481974,0.768463134765625
1,77,22,25,0.00105302885668487,0.00105302885668487,3.558941602706909,0.7772984504699707
1,77,22,26,0.0010520823511285288,0.0010520823511285288,3.039846340815226,0.8139989376068115
1,77,22,27,0.0010071689747925248,0.0010071689747925248,3.6841441790262857,0.8055753707885742
1,77,22,28,0.0009642372554852373,0.0009642372554852373,3.1945027510325112,0.8090355396270752
1,77,22,29,0.0009492251147883659,0.0009492251147883659,3.252197583516439,0.8070313930511475
1,77,22,30,0.0009551344316234135,0.0009551344316234135,3.2173121770222983,0.8075535297393799
1,77,22,31,0.0009134273544302768,0.0009134273544302768,3.092618942260742,0.8117358684539795
1,77,22,32,0.0009283070225389135,0.0009283070225389135,3.0604981581370034,0.8094093799591064
1,77,22,33,0.0009124068303465681,0.0009124068303465681,2.9545116424560547,0.811730146408081
1,77,22,34,0.0008775916532051849,0.0008775916532051849,2.9395965735117593,0.8145260810852051
1,77,22,35,0.000865961752728622,0.000865961752728622,3.198164383570353,0.8136224746704102
1,77,22,36,0.0008320609341847929,0.0008320609341847929,3.1973493893941245,0.8175654411315918
1,77,22,37,0.0008370918816481822,0.0008370918816481822,3.6458565394083657,0.8170356750488281
1,77,22,38,0.0008734924958493273,0.0008734924958493273,3.9874717394510903,0.80898118019104
1,77,22,39,0.0008138995754257012,0.0008138995754257012,2.899312973022461,0.7782280445098877
1,77,22,40,0.0008161397447017504,0.0008161397447017504,3.2291301091512046,0.7645752429962158
1,77,22,41,0.0007637022663928999,0.0007637022663928999,3.1488535404205322,0.765636682510376
1,77,22,42,0.0008005654084937156,0.0008005654084937156,2.589597145716349,0.7679429054260254
1,77,22,43,0.0007800512491961959,0.0007800512491961959,3.2174036502838135,0.7700693607330322
1,77,22,44,0.0007656913254334415,0.0007656913254334415,3.330881118774414,0.770392656326294
1,77,22,45,0.0007523237949838394,0.0007523237949838394,3.344130833943685,0.7684733867645264
1,77,22,46,0.0007466295798338344,0.0007466295798338344,3.2386082808176675,0.770287275314331
1,77,22,47,0.0007434514176846898,0.0007434514176846898,3.0394159952799478,0.7743134498596191
1,77,22,48,0.0007599512738560497,0.0007599512738560497,3.402249733606974,0.7653524875640869
1,77,22,49,0.000706612971494157,0.000706612971494157,2.6737841765085855,0.7650487422943115
1,77,22,50,0.0007143736767531687,0.0007143736767531687,2.6782353719075522,0.7645330429077148
1,77,22,51,0.0006927619539418368,0.0006927619539418368,2.7925644715627036,0.7663540840148926
1,77,22,52,0.000737431989080599,0.000737431989080599,2.7581024964650473,0.7971665859222412
1,77,33,1,0.12125087632585041,0.12125087632585041,15.369709014892578,0.811445951461792
1,77,33,2,0.010805762706809585,0.010805762706809585,9.624741236368815,0.8125467300415039
1,77,33,3,0.005727488794244251,0.005727488794244251,7.865302721659343,0.8144545555114746
1,77,33,4,0.004187878936048525,0.004187878936048525,6.98966630299886,0.8145425319671631
1,77,33,5,0.003336218069494669,0.003336218069494669,5.905111789703369,0.8138434886932373
1,77,33,6,0.002960612178575008,0.002960612178575008,5.179600715637207,0.8143668174743652
1,77,33,7,0.0025388802172634094,0.0025388802172634094,5.654399236043294,0.8143439292907715
1,77,33,8,0.0025301037450400376,0.0025301037450400376,4.742273489634196,0.8137378692626953
1,77,33,9,0.002113420464221232,0.002113420464221232,4.7260355949401855,0.8130104541778564
1,77,33,10,0.0018623798495679615,0.0018623798495679615,4.826689561208089,0.8140761852264404
1,77,33,11,0.0018682711525824687,0.0018682711525824687,4.250327269236247,0.8165931701660156
1,77,33,12,0.0017332972020436366,0.0017332972020436366,4.57747745513916,0.8082726001739502
1,77,33,13,0.0016215314743875666,0.0016215314743875666,4.212051868438721,0.8094313144683838
1,77,33,14,0.0015319728385544775,0.0015319728385544775,4.1476006507873535,0.8078267574310303
1,77,33,15,0.0014934777981231821,0.0014934777981231821,4.584307670593262,0.8068552017211914
1,77,33,16,0.0014660051221647853,0.0014660051221647853,3.6559276580810547,0.8095066547393799
1,77,33,17,0.0013697563950009824,0.0013697563950009824,4.180667002995809,0.8077130317687988
1,77,33,18,0.0013122349728379471,0.0013122349728379471,4.086197217305501,0.8111200332641602
1,77,33,19,0.001232264665819381,0.001232264665819381,3.8835598627726235,0.8114407062530518
1,77,33,20,0.0012141821179404207,0.0012141821179404207,3.554222663243612,0.811140775680542
1,77,33,21,0.001166403787532504,0.001166403787532504,3.4119253158569336,0.8112521171569824
1,77,33,22,0.001180675295168471,0.001180675295168471,4.8540143966674805,0.812065601348877
1,77,33,23,0.0011641353448677712,0.0011641353448677712,3.8638365268707275,0.8136742115020752
1,77,33,24,0.0010899886626666382,0.0010899886626666382,3.109787940979004,0.8145091533660889
1,77,33,25,0.0010522447307100011,0.0010522447307100011,3.4550193150838218,0.8134143352508545
1,77,33,26,0.001032291079275804,0.001032291079275804,3.9179189205169678,0.8137195110321045
1,77,33,27,0.0009995762167432588,0.0009995762167432588,3.031081755956014,0.8159162998199463
1,77,33,28,0.0009691659944136463,0.0009691659944136463,3.582669734954834,0.8176367282867432
1,77,33,29,0.0009963265704863234,0.0009963265704863234,3.0228939056396484,0.8154962062835693
1,77,33,30,0.0009398552375004126,0.0009398552375004126,3.0264565149943032,0.8127400875091553
1,77,33,31,0.0009326414297592386,0.0009326414297592386,3.0672024885813394,0.8160309791564941
1,77,33,32,0.0008859956266255181,0.0008859956266255181,3.0597973664601645,0.8078804016113281
1,77,33,33,0.0009033968763398246,0.0009033968763398246,3.2130276362101235,0.7961587905883789
1,77,33,34,0.0008728274340659733,0.0008728274340659733,3.020837386449178,0.7650425434112549
1,77,33,35,0.0008299396647244447,0.0008299396647244447,3.246041933695475,0.7645108699798584
1,77,33,36,0.0009253784365913834,0.0009253784365913834,3.214750051498413,0.7664361000061035
1,77,33,37,0.0008233854772861436,0.0008233854772861436,2.8915403683980307,0.7645800113677979
1,77,33,38,0.0008265505443024674,0.0008265505443024674,4.641339302062988,0.7640526294708252
1,77,33,39,0.0008283239909372116,0.0008283239909372116,3.2311364014943442,0.7693521976470947
1,77,33,40,0.0008157084315492685,0.0008157084315492685,2.894578536351522,0.8101115226745605
1,77,33,41,0.0007737771071432985,0.0007737771071432985,3.072971741358439,0.8100872039794922
1,77,33,42,0.0007786056917431013,0.0007786056917431013,2.840700387954712,0.8102743625640869
1,77,33,43,0.0007682175308984773,0.0007682175308984773,3.0097501277923584,0.8137595653533936
1,77,33,44,0.0007524976633725706,0.0007524976633725706,2.764224052429199,0.8125016689300537
1,77,33,45,0.0007526586760566165,0.0007526586760566165,2.9715028603871665,0.8156173229217529
1,77,33,46,0.000757378939661973,0.000757378939661973,2.975271542867025,0.8158359527587891
1,77,33,47,0.0007245645308462825,0.0007245645308462825,2.9489456017812095,0.8153178691864014
1,77,33,48,0.0007565146218255383,0.0007565146218255383,2.741354465484619,0.8160262107849121
1,77,33,49,0.0007164584620353403,0.0007164584620353403,2.7181197802225747,0.8158748149871826
1,77,33,50,0.000724003372194172,0.000724003372194172,2.701600710550944,0.8132939338684082
1,77,33,51,0.0007130674501919184,0.0007130674501919184,2.67815891901652,0.8152725696563721
1,77,33,52,0.0007037920199339862,0.0007037920199339862,3.0154528617858887,0.7939646244049072
1,77,33,53,0.000682208133111648,0.000682208133111648,2.5744760036468506,0.8163454532623291
1,77,33,54,0.000680924113404711,0.000680924113404711,2.64263653755188,0.8065385818481445
1,77,33,55,0.000719678987149251,0.000719678987149251,2.729247490564982,0.8077583312988281
1,77,33,56,0.0006585189659680746,0.0006585189659680746,2.589777866999308,0.8079733848571777
1,77,33,57,0.0006528925253104544,0.0006528925253104544,2.58032496770223,0.8082683086395264
1,77,33,58,0.0006575445983135156,0.0006575445983135156,2.465048631032308,0.8064079284667969
1,77,33,59,0.0006513121166626602,0.0006513121166626602,2.69236159324646,0.8061103820800781
1,77,33,60,0.0006380692114821453,0.0006380692114821453,2.4713429609934487,0.8079423904418945
1,77,33,61,0.0006069604612862949,0.0006069604612862949,2.997978925704956,0.8092575073242188
1,77,33,62,0.0006581613192895512,0.0006581613192895512,2.454477230707804,0.8115208148956299
1,77,33,63,0.0006377219718093369,0.0006377219718093369,2.2888429164886475,0.8111345767974854
1,77,33,64,0.000613069493285009,0.000613069493285009,2.8954583009084067,0.810297966003418
1,77,33,65,0.0006200133117160631,0.0006200133117160631,2.895907243092855,0.8109872341156006
1,77,33,66,0.0006093417569078577,0.0006093417569078577,2.7419608434041343,0.8147306442260742
1,77,33,67,0.0005992000724261603,0.0005992000724261603,2.3555990854899087,0.817314863204956
1,77,33,68,0.0006102142496453,0.0006102142496453,2.88403050104777,0.8085882663726807
1,77,33,69,0.0006013173588729011,0.0006013173588729011,2.381669759750366,0.8090455532073975
1,77,33,70,0.0005865212506221583,0.0005865212506221583,2.6324597199757895,0.8090732097625732
1,77,33,71,0.00058651264634607,0.00058651264634607,2.571690877278646,0.8131465911865234
1,77,33,72,0.0005664237065280419,0.0005664237065280419,2.8270839055379233,0.8169691562652588
1,77,33,73,0.0005834664531999906,0.0005834664531999906,2.4728437264760337,0.8169260025024414
1,128,11,1,0.06878672454092903,0.06878672454092903,8.600361824035645,0.8387355804443359
1,128,11,2,0.003729762267463592,0.003729762267463592,5.725391705830892,0.8269984722137451
1,128,11,3,0.0022743699590786334,0.0022743699590786334,4.675225416819255,0.8259396553039551
1,128,11,4,0.0017493644081111519,0.0017493644081111519,4.2629484335581465,0.8190240859985352
1,128,11,5,0.0013761810826997114,0.0013761810826997114,3.967256466547648,0.819159984588623
1,128,11,6,0.0012189533658418506,0.0012189533658418506,5.506890455881755,0.818324089050293
1,128,11,7,0.0011695778122118605,0.0011695778122118605,3.23919407526652,0.8208301067352295
1,128,11,8,0.0009648535770556509,0.0009648535770556509,3.2890737851460776,0.8208835124969482
1,128,11,9,0.000912810905635884,0.000912810905635884,3.254361947377523,0.8214683532714844
1,128,11,10,0.0008501017465625989,0.0008501017465625989,2.837835709253947,0.8231015205383301
1,128,11,11,0.0007277383690646032,0.0007277383690646032,2.611451784769694,0.8233795166015625
1,128,11,12,0.0007261765891142561,0.0007261765891142561,2.528761386871338,0.8265845775604248
1,128,11,13,0.0006139988299443123,0.0006139988299443123,2.306222359339396,0.8179757595062256
1,128,11,14,0.0005850563029291848,0.0005850563029291848,2.1807309786478677,0.8191561698913574
1,128,11,15,0.0005080235058552558,0.0005080235058552558,2.9927958647410073,0.8207094669342041
1,128,11,16,0.0005815094956142567,0.0005815094956142567,2.967970689137777,0.823145866394043
1,128,11,17,0.00047015683034190103,0.00047015683034190103,2.484109958012899,0.8236415386199951
1,128,11,18,0.0005412819076885718,0.0005412819076885718,1.951738953590393,0.8274011611938477
1,128,11,19,0.00043678133284962825,0.00043678133284962825,2.940012296040853,0.8183002471923828
1,128,11,20,0.0004451360032815857,0.0004451360032815857,2.334252675374349,0.820819616317749
1,128,11,21,0.00039203564897127195,0.00039203564897127195,2.1329345703125,0.8205649852752686
1,128,11,22,0.0004138190066278126,0.0004138190066278126,1.844365119934082,0.8209655284881592
1,128,11,23,0.000413794678714878,0.000413794678714878,2.2037341594696045,0.82466721534729
1,128,11,24,0.0004032162800624965,0.0004032162800624965,1.7485665082931519,0.823817253112793
1,128,11,25,0.00035020675594110636,0.00035020675594110636,2.1049368381500244,0.8232288360595703
1,128,11,26,0.0003241780080190198,0.0003241780080190198,1.9043354193369548,0.828291654586792
1,128,11,27,0.00038802281820883084,0.00038802281820883084,1.6280096769332886,0.8195493221282959
1,128,11,28,0.00028263647381124204,0.00028263647381124204,2.166556437810262,0.8221991062164307
1,128,11,29,0.0002722973417262569,0.0002722973417262569,2.63602622350057,0.8253648281097412
1,128,11,30,0.00032022646792321705,0.00032022646792321705,1.5908520619074504,0.8270528316497803
1,128,11,31,0.0003109428061825939,0.0003109428061825939,1.3957930008570354,0.8279867172241211
1,128,11,32,0.00023867311431280294,0.00023867311431280294,1.646280566851298,0.8252038955688477
1,128,11,33,0.00036080084962950395,0.00036080084962950395,1.713510553042094,0.8262233734130859
1,128,11,34,0.000289577571197916,0.000289577571197916,1.6642727454503377,0.8253684043884277
1,128,11,35,0.00018889436167848246,0.00018889436167848246,1.3239463567733765,0.8191146850585938
1,128,11,36,0.00025458642970070607,0.00025458642970070607,1.8182748953501384,0.8198139667510986
1,128,11,37,0.0002735700589465988,0.0002735700589465988,1.6060577630996704,0.8199419975280762
1,128,11,38,0.00025354434846358754,0.00025354434846358754,1.3316260973612468,0.8206765651702881
1,128,11,39,0.00022360904342197315,0.00022360904342197315,1.4167852401733398,0.822533130645752
1,128,11,40,0.00023388583647074862,0.00023388583647074862,1.199244459470113,0.8220245838165283
1,128,11,41,0.00023939044230600364,0.00023939044230600364,1.7492408752441406,0.8200006484985352
1,128,11,42,0.0002090196529761933,0.0002090196529761933,1.3292572895685832,0.827284574508667
1,128,11,43,0.00021692238757150978,0.00021692238757150978,1.5649909575780232,0.8247649669647217
1,128,11,44,0.0002129584575024953,0.0002129584575024953,1.5039321184158325,0.8263444900512695
1,128,11,45,0.0002064430843151573,0.0002064430843151573,1.74006986618042,0.8253707885742188
1,128,11,46,0.00017828894138287145,0.00017828894138287145,1.2856661876042683,0.8269104957580566
1,128,11,47,0.00022225408254341385,0.00022225408254341385,1.2539470195770264,0.8193573951721191
1,128,11,48,0.00018159956333468522,0.00018159956333468522,1.220628023147583,0.8197243213653564
1,128,11,49,0.00017364177050361324,0.00017364177050361324,1.8375627199808757,0.8186578750610352
1,128,11,50,0.0001949991364290034,0.0001949991364290034,1.5031710465749104,0.8189435005187988
1,128,22,1,0.07802555583031111,0.07802555583031111,8.730886300404867,0.8253614902496338
1,128,22,2,0.003850425209683872,0.003850425209683872,5.7278211911519366,0.8277914524078369
1,128,22,3,0.002151841712498684,0.002151841712498684,4.877181529998779,0.8246688842773438
1,128,22,4,0.001668711691695023,0.001668711691695023,4.717617193857829,0.8252081871032715
1,128,22,5,0.0014315270565164206,0.0014315270565164206,4.0284608999888105,0.8235025405883789
1,128,22,6,0.0012600863818640722,0.0012600863818640722,4.307154099146525,0.8240463733673096
1,128,22,7,0.0010833084596664619,0.0010833084596664619,3.5792712370554605,0.8238470554351807
1,128,22,8,0.0010301793722018084,0.0010301793722018084,3.267454147338867,0.8236711025238037
1,128,22,9,0.0010361209841818666,0.0010361209841818666,4.175253709157308,0.8207399845123291
1,128,22,10,0.0008055718035071825,0.0008055718035071825,2.7134311199188232,0.8222782611846924
1,128,22,11,0.0007308251129005141,0.0007308251129005141,3.3417255878448486,0.8246588706970215
1,128,22,12,0.0006771716469834436,0.0006771716469834436,2.9379377365112305,0.818178653717041
1,128,22,13,0.0006288408288762866,0.0006288408288762866,2.7537118593851724,0.8173849582672119
1,128,22,14,0.0006233170872608086,0.0006233170872608086,2.3237434228261313,0.8182721138000488
1,128,22,15,0.0004941912579106487,0.0004941912579106487,2.401116371154785,0.8172509670257568
1,128,22,16,0.0005925518265314074,0.0005925518265314074,2.207977215449015,0.819683313369751
1,128,22,17,0.0004472821103111344,0.0004472821103111344,1.9934271971384685,0.8207671642303467
1,128,22,18,0.0004914605308919651,0.0004914605308919651,2.0123825867970786,0.8229115009307861
1,128,22,19,0.0004702494259565467,0.0004702494259565467,2.1367921034495034,0.8242616653442383
1,128,22,20,0.0003791979447479204,0.0003791979447479204,1.841981331507365,0.8229031562805176
1,128,22,21,0.00045808595770365824,0.00045808595770365824,2.3768320878346763,0.8246488571166992
1,128,22,22,0.0004137923760731537,0.0004137923760731537,1.7865831851959229,0.8253965377807617
1,128,22,23,0.00037140438589660475,0.00037140438589660475,1.779310901959737,0.8263676166534424
1,128,22,24,0.00043941465426079924,0.00043941465426079924,1.8894356886545818,0.8263077735900879
1,128,22,25,0.0002970543047331814,0.0002970543047331814,1.871526837348938,0.8270277976989746
1,128,22,26,0.00037629459211383827,0.00037629459211383827,1.282327691713969,0.8189041614532471
1,128,22,27,0.0002933783722735217,0.0002933783722735217,2.1518731911977134,0.8188827037811279
1,128,22,28,0.00042994634302219204,0.00042994634302219204,1.4458248217900593,0.8197028636932373
1,128,22,29,0.00024969117063504924,0.00024969117063504924,1.6092843214670818,0.822131872177124
1,128,22,30,0.0002729683181261973,0.0002729683181261973,1.5579510927200317,0.8204174041748047
1,128,22,31,0.00032110291751825183,0.00032110291751825183,1.4007391929626465,0.8220348358154297
1,128,22,32,0.00027377788328200315,0.00027377788328200315,1.544747789700826,0.8219573497772217
1,128,22,33,0.00029618787431894423,0.00029618787431894423,1.2796754042307537,0.8202049732208252
1,128,22,34,0.00024073544684370793,0.00024073544684370793,1.2397833267847698,0.821246862411499
1,128,22,35,0.0002631435511031838,0.0002631435511031838,1.5735081831614177,0.829235315322876
1,128,22,36,0.00027722012603201025,0.00027722012603201025,2.7703259785970054,0.829981803894043
1,128,22,37,0.00023840652196246973,0.00023840652196246973,2.545163631439209,0.8284642696380615
1,128,22,38,0.0002603537317981548,0.0002603537317981548,2.443642536799113,0.8280854225158691
1,128,22,39,0.0002558727467269225,0.0002558727467269225,1.2370129823684692,0.8276700973510742
1,128,22,40,0.0002323470460899493,0.0002323470460899493,2.091955820719401,0.819528341293335
1,128,22,41,0.00024147015843318454,0.00024147015843318454,1.3987576564153035,0.8219785690307617
1,128,22,42,0.0002806822022704267,0.0002806822022704267,1.2002147833506267,0.8216593265533447
1,128,22,43,0.00018615646961959637,0.00018615646961959637,1.538610577583313,0.8223168849945068
1,128,22,44,0.0001731488906777085,0.0001731488906777085,1.8353805939356487,0.8245878219604492
1,128,22,45,0.00021784742577753846,0.00021784742577753846,2.16603954633077,0.8246250152587891
1,128,22,46,0.00020698432486953132,0.00020698432486953132,1.5542742411295574,0.824324369430542
1,128,22,47,0.00016644706962599457,0.00016644706962599457,1.3223225673039753,0.8214638233184814
1,128,22,48,0.00021695602862830678,0.00021695602862830678,2.8244330088297525,0.8235971927642822
1,128,22,49,0.00019820643443685553,0.00019820643443685553,0.9509628613789877,0.7899050712585449
1,128,22,50,0.00017240492946862647,0.00017240492946862647,1.1351991494496663,0.7812445163726807
1,128,22,51,0.00018123562576026893,0.00018123562576026893,1.6607192754745483,0.7824254035949707
1,128,22,52,0.00019579476890387387,0.00019579476890387387,1.2246199051539104,0.7802503108978271
1,128,22,53,0.00021707031538744997,0.00021707031538744997,2.2987860838572183,0.7795755863189697
1,128,22,54,0.00017206690020479676,0.00017206690020479676,1.024785319964091,0.78104567527771
1,128,22,55,0.0001452671491641662,0.0001452671491641662,1.17799178759257,0.7746279239654541
1,128,22,56,0.0001795559348108979,0.0001795559348108979,1.0435284773508708,0.7762093544006348
1,128,22,57,0.00015585277267869105,0.00015585277267869105,1.1962714195251465,0.7944140434265137
1,128,22,58,0.0001699847180134384,0.0001699847180134384,0.9822968045870463,0.8189363479614258
1,128,22,59,0.0001604223319182305,0.0001604223319182305,1.2539274295171101,0.776202917098999
1,128,33,1,0.06961002495698332,0.06961002495698332,8.986656506856283,0.8159811496734619
1,128,33,2,0.003624303613593233,0.003624303613593233,5.73998228708903,0.7781472206115723
1,128,33,3,0.00219421139341806,0.00219421139341806,4.876247406005859,0.7761397361755371
1,128,33,4,0.0015749649321203723,0.0015749649321203723,4.1905678908030195,0.7759146690368652
1,128,33,5,0.0014283722045702614,0.0014283722045702614,3.628468116124471,0.7779972553253174
1,128,33,6,0.0012664869656019704,0.0012664869656019704,3.1878090699513755,0.7792608737945557
1,128,33,7,0.0010358356972527466,0.0010358356972527466,3.1231069564819336,0.7787256240844727
1,128,33,8,0.001051549439966436,0.001051549439966436,2.8632193406422934,0.7800815105438232
1,128,33,9,0.0009749857140772368,0.0009749857140772368,2.950188716252645,0.7791929244995117
1,128,33,10,0.0007857929529072687,0.0007857929529072687,2.9377071062723794,0.7805945873260498
1,128,33,11,0.000749973105081399,0.000749973105081399,2.393775224685669,0.7870063781738281
1,128,33,12,0.000709349107848094,0.000709349107848094,2.844734271367391,0.7774739265441895
1,128,33,13,0.0005927161774060904,0.0005927161774060904,2.630291144053141,0.7769091129302979
1,128,33,14,0.0005882947145694705,0.0005882947145694705,2.399819294611613,0.7793116569519043
1,128,33,15,0.0005994699892808438,0.0005994699892808438,3.185385783513387,0.7768135070800781
1,128,33,16,0.0004850712494067084,0.0004850712494067084,1.758074124654134,0.7782337665557861
1,128,33,17,0.0004991118590664897,0.0004991118590664897,2.672057310740153,0.7787761688232422
1,128,33,18,0.0004545524563605544,0.0004545524563605544,2.044066230456034,0.7787661552429199
1,128,33,19,0.000487759428801033,0.000487759428801033,1.9697604179382324,0.7820079326629639
1,128,33,20,0.000389202827774138,0.000389202827774138,1.8933560053507488,0.7812318801879883
1,128,33,21,0.00040501407051902154,0.00040501407051902154,1.7430164416631062,0.7805502414703369
1,128,33,22,0.0003974144795735088,0.0003974144795735088,2.497957150141398,0.7813570499420166
1,128,33,23,0.0004794334422995732,0.0004794334422995732,2.4369828701019287,0.7822318077087402
1,128,33,24,0.0003345361152984624,0.0003345361152984624,1.4355368614196777,0.7828168869018555
1,128,33,25,0.000314856492114606,0.000314856492114606,2.311034679412842,0.785660982131958
1,128,33,26,0.000336555498471548,0.000336555498471548,2.212796926498413,0.7832310199737549
1,128,33,27,0.00034271449292710477,0.00034271449292710477,1.7046655813852947,0.7840979099273682
1,128,33,28,0.00031847502964483637,0.00031847502964483637,1.7034415006637573,0.7836012840270996
1,128,33,29,0.0002748533940584499,0.0002748533940584499,1.4390969673792522,0.7834572792053223
1,128,33,30,0.00029807290700487,0.00029807290700487,1.9401700099309285,0.78243088722229
1,128,33,31,0.00029970833182355863,0.00029970833182355863,1.7488564650217693,0.7777082920074463
1,128,33,32,0.0002477063683455494,0.0002477063683455494,1.4715686639149983,0.7769730091094971
1,128,33,33,0.0002934920245212004,0.0002934920245212004,1.607161521911621,0.7767269611358643
1,128,33,34,0.0002450478605637245,0.0002450478605637245,1.736287792523702,0.7765915393829346
2,51,11,1,0.2049031468290674,0.2049031468290674,23.547142664591473,0.812903881072998
2,51,11,2,0.0316705061840327,0.0316705061840327,18.70635986328125,0.7788486480712891
2,51,11,3,0.022319823473596265,0.022319823473596265,17.3396790822347,0.8073759078979492
2,51,11,4,0.018588846344590473,0.018588846344590473,15.385939598083496,0.7844233512878418
2,51,11,5,0.016173840081842427,0.016173840081842427,14.242966334025065,0.7643923759460449
2,51,11,6,0.014858505988335102,0.014858505988335102,13.836966514587402,0.7651057243347168
2,51,11,7,0.013634137857113374,0.013634137857113374,13.367137908935547,0.764028787612915
2,51,11,8,0.012823590148467552,0.012823590148467552,13.808494249979654,0.7656512260437012
2,51,11,9,0.012489959081847154,0.012489959081847154,12.799110730489096,0.763993501663208
2,51,11,10,0.012005839824234024,0.012005839824234024,12.46915372212728,0.7668488025665283
2,51,11,11,0.011703166468622071,0.011703166468622071,12.345088958740234,0.7704195976257324
2,51,11,12,0.011522274515195413,0.011522274515195413,12.319781303405762,0.7683050632476807
2,51,11,13,0.011263488998926614,0.011263488998926614,12.288571039835611,0.7668106555938721
2,51,11,14,0.010943233715684226,0.010943233715684226,12.07097307840983,0.767409086227417
2,51,11,15,0.010781690424508498,0.010781690424508498,11.7796417872111,0.762702465057373
2,51,11,16,0.010720794178085045,0.010720794178085045,12.028712272644043,0.7638709545135498
2,51,11,17,0.010561092583280219,0.010561092583280219,11.850834210713705,0.7639796733856201
2,51,11,18,0.010321975210277935,0.010321975210277935,12.013840357462565,0.7647614479064941
2,51,11,19,0.010238120205293785,0.010238120205293785,11.929607709248861,0.7641222476959229
2,51,11,20,0.010114435742595749,0.010114435742595749,12.049285570780436,0.76399827003479
2,51,11,21,0.010053694609217765,0.010053694609217765,12.466167767842611,0.7639539241790771
2,51,11,22,0.010050249854057884,0.010050249854057884,11.509313901265463,0.7662825584411621
2,51,11,23,0.00993449812198886,0.00993449812198886,11.498388290405273,0.7678682804107666
2,51,11,24,0.009859974999100353,0.009859974999100353,11.847553571065268,0.7705645561218262
2,51,11,25,0.009731048444528163,0.009731048444528163,11.63115660349528,0.7696316242218018
2,51,11,26,0.009754912781246593,0.009754912781246593,12.74887720743815,0.7691326141357422
2,51,11,27,0.009628283752376635,0.009628283752376635,11.581568082173666,0.7693288326263428
2,51,11,28,0.009546005667858484,0.009546005667858484,13.16093921661377,0.7632758617401123
2,51,11,29,0.009589184378311157,0.009589184378311157,11.513246218363443,0.7641334533691406
2,51,11,30,0.0094508017057532,0.0094508017057532,11.48474152882894,0.7644364833831787
2,51,11,31,0.009405003681952316,0.009405003681952316,11.416097323099772,0.765357494354248
2,51,11,32,0.009426357061639547,0.009426357061639547,11.389201482137045,0.7654361724853516
2,51,11,33,0.00940895112183537,0.00940895112183537,11.363967577616373,0.7651796340942383
2,51,11,34,0.009315517167433689,0.009315517167433689,11.593445460001627,0.767047643661499
2,51,11,35,0.009254140520010916,0.009254140520010916,11.381795247395834,0.7697033882141113
2,51,11,36,0.009236104518061512,0.009236104518061512,11.156343777974447,0.770479679107666
2,51,11,37,0.009172779749361365,0.009172779749361365,11.531817118326822,0.7693214416503906
2,51,11,38,0.009130085304223993,0.009130085304223993,11.350778897603353,0.7724936008453369
2,51,11,39,0.009062856658142103,0.009062856658142103,11.269887288411459,0.7677371501922607
2,51,11,40,0.009081452883134207,0.009081452883134207,11.428894996643066,0.7635748386383057
2,51,11,41,0.008994617716919028,0.008994617716919028,11.323907216389975,0.7632207870483398
2,51,11,42,0.00897884861316478,0.00897884861316478,11.11550235748291,0.7631011009216309
2,51,11,43,0.008970382406613991,0.008970382406613991,11.325402895609537,0.7631449699401855
2,51,11,44,0.008923675246046404,0.008923675246046404,11.475310325622559,0.7668259143829346
2,51,11,45,0.008905737719873795,0.008905737719873795,11.403389930725098,0.7665748596191406
2,51,11,46,0.008875057248497326,0.008875057248497326,11.657170931498209,0.7700049877166748
2,51,11,47,0.008843057000348837,0.008843057000348837,11.279014587402344,0.7680857181549072
2,51,11,48,0.008784285628417713,0.008784285628417713,11.039798100789389,0.7672996520996094
2,51,11,49,0.008802641053829061,0.008802641053829061,11.375160217285156,0.768810510635376
2,51,11,50,0.008751653722318467,0.008751653722318467,11.144275665283203,0.7685728073120117
2,51,11,51,0.00869952156290675,0.00869952156290675,11.361098289489746,0.7682812213897705
2,51,11,52,0.008700453284619613,0.008700453284619613,11.100690523783365,0.7678108215332031
2,51,11,53,0.008676144765334183,0.008676144765334183,11.175408999125162,0.7667391300201416
2,51,11,54,0.00858045941783806,0.00858045941783806,11.163440704345703,0.7637474536895752
2,51,11,55,0.00867780852826674,0.00867780852826674,11.109137535095215,0.7634952068328857
2,51,11,56,0.008589662093875473,0.008589662093875473,11.256292025248209,0.7634098529815674
2,51,11,57,0.008612076122534984,0.008612076122534984,11.01395575205485,0.7634270191192627
2,51,11,58,0.008563946768862718,0.008563946768862718,11.68799908955892,0.7653145790100098
2,51,11,59,0.008538707015575485,0.008538707015575485,11.464014371236166,0.7689023017883301
2,51,11,60,0.008534302189796684,0.008534302189796684,11.261248588562012,0.7678718566894531
2,51,11,61,0.008540748876413363,0.008540748876413363,11.086431503295898,0.7729377746582031
2,51,11,62,0.00851661574549937,0.00851661574549937,11.013758341471354,0.7745437622070312
2,51,11,63,0.008484275219289296,0.008484275219289296,11.026541074117025,0.7631268501281738
2,51,11,64,0.008419870413140204,0.008419870413140204,11.211170196533203,0.7605178356170654
2,51,11,65,0.008451328019388797,0.008451328019388797,11.05290158589681,0.7625675201416016
2,51,11,66,0.008397263777479649,0.008397263777479649,11.115387280782064,0.764775276184082
2,51,11,67,0.00836939793371597,0.00836939793371597,10.919402440388998,0.7652192115783691
2,51,11,68,0.008368350913745156,0.008368350913745156,11.056623458862305,0.7656192779541016
2,51,11,69,0.008389491403257149,0.008389491403257149,10.982548077901205,0.7652318477630615
2,51,11,70,0.008326675672604318,0.008326675672604318,11.045625686645508,0.7664895057678223
2,51,11,71,0.008342986096019587,0.008342986096019587,11.07943312327067,0.7653093338012695
2,51,11,72,0.008322897789862312,0.008322897789862312,11.056718190511068,0.7678639888763428
2,51,11,73,0.00833179403984408,0.00833179403984408,10.929526011149088,0.7683267593383789
2,51,11,74,0.008378320435259377,0.008378320435259377,11.029314994812012,0.7638022899627686
2,51,11,75,0.008285558677127474,0.008285558677127474,10.991734504699707,0.76194167137146
2,51,11,76,0.008261007551301157,0.008261007551301157,11.14955965677897,0.7607395648956299
2,51,11,77,0.008250493065186479,0.008250493065186479,11.162464141845703,0.7628743648529053
2,51,22,1,0.18586259358001941,0.18586259358001941,22.985497792561848,0.7628042697906494
2,51,22,2,0.029235074543252134,0.029235074543252134,17.935769081115723,0.7634332180023193
2,51,22,3,0.021011540465906,0.021011540465906,16.846640586853027,0.7624917030334473
2,51,22,4,0.01760303590410833,0.01760303590410833,15.475892384847006,0.8095533847808838
2,51,22,5,0.015449442101693316,0.015449442101693316,13.938762982686361,0.7669296264648438
2,51,22,6,0.014359139247586649,0.014359139247586649,13.821344375610352,0.7979466915130615
2,51,22,7,0.013186075782214993,0.013186075782214993,13.047663052876791,0.7682604789733887
2,51,22,8,0.012852120633277427,0.012852120633277427,13.160622596740723,0.772019624710083
2,51,22,9,0.012306170123233123,0.012306170123233123,13.258805274963379,0.7758820056915283
2,51,22,10,0.011956353117988398,0.011956353117988398,12.636748631795248,0.776803731918335
2,51,22,11,0.011496614129618887,0.011496614129618887,13.034543673197428,0.7666463851928711
2,51,22,12,0.011241756468550877,0.011241756468550877,12.503165245056152,0.7658908367156982
2,51,22,13,0.01124175622338731,0.01124175622338731,12.082743962605795,0.7657053470611572
2,51,22,14,0.010843065929827827,0.010843065929827827,12.051790873209635,0.7697677612304688
2,51,22,15,0.010648701236064562,0.010648701236064562,11.834743817647299,0.7684450149536133
2,51,22,16,0.01063252513986051,0.01063252513986051,11.751478830973307,0.76918625831604
2,51,22,17,0.010383103151221193,0.010383103151221193,12.845534642537435,0.7668838500976562
2,51,22,18,0.010303200299539163,0.010303200299539163,11.946349461873373,0.7711822986602783
2,51,22,19,0.010263282464844075,0.010263282464844075,11.65268580118815,0.7727932929992676
2,51,22,20,0.01008774417962275,0.01008774417962275,11.561975797017416,0.7751564979553223
2,51,22,21,0.009975857377937289,0.009975857377937289,11.766229629516602,0.7732536792755127
2,51,22,22,0.009831876851271473,0.009831876851271473,11.89694849650065,0.7661707401275635
2,51,22,23,0.009898791873728913,0.009898791873728913,11.443595250447592,0.7670032978057861
2,51,22,24,0.009796839042971834,0.009796839042971834,11.474770228068033,0.7661371231079102
2,51,22,25,0.009692516480609894,0.009692516480609894,11.652347246805826,0.7668163776397705
2,51,22,26,0.009724147265020572,0.009724147265020572,11.313198725382486,0.7716355323791504
2,51,22,27,0.009591132027947645,0.009591132027947645,11.588810602823893,0.768017053604126
2,51,22,28,0.009529254302818979,0.009529254302818979,11.523222287495932,0.7685260772705078
2,51,22,29,0.009516843480998306,0.009516843480998306,11.346602121988932,0.7679851055145264
2,51,22,30,0.009427220253408386,0.009427220253408386,12.495234807332357,0.7689566612243652
2,51,22,31,0.009376367206504362,0.009376367206504362,11.371088027954102,0.7686910629272461
2,51,22,32,0.009378159500921614,0.009378159500921614,11.472057024637857,0.7642481327056885
2,51,22,33,0.009306668860757093,0.009306668860757093,11.36132844289144,0.7634661197662354
2,51,22,34,0.009336868873580597,0.009336868873580597,11.428838411966959,0.7647700309753418
2,51,22,35,0.009222631630477277,0.009222631630477277,11.356366793314615,0.7656302452087402
2,51,22,36,0.009193477279881844,0.009193477279881844,11.275282224019369,0.7662081718444824
2,51,22,37,0.009110911858431027,0.009110911858431027,11.26797898610433,0.7664828300476074
2,51,22,38,0.009163385396150582,0.009163385396150582,11.238602956136068,0.7686111927032471
2,51,22,39,0.009075100590470418,0.009075100590470418,11.31475830078125,0.7675044536590576
2,51,22,40,0.009044431170888162,0.009044431170888162,11.059251149495443,0.7682616710662842
2,51,22,41,0.009021904942897981,0.009021904942897981,11.159856160481771,0.768437385559082
2,51,22,42,0.00894755239181376,0.00894755239181376,11.37531852722168,0.7672152519226074
2,51,22,43,0.008954099208687583,0.008954099208687583,11.301699956258139,0.7703475952148438
2,51,22,44,0.008885746033201487,0.008885746033201487,11.012150446573893,0.7688734531402588
2,51,22,45,0.008863944675396668,0.008863944675396668,11.396973927815756,0.7691795825958252
2,51,22,46,0.008869086737919413,0.008869086737919413,11.748698870340982,0.7701642513275146
2,51,22,47,0.008819405397588617,0.008819405397588617,11.16692320505778,0.7646660804748535
2,51,22,48,0.008746456911332941,0.008746456911332941,11.678712526957193,0.7636427879333496
2,51,22,49,0.008752273120595976,0.008752273120595976,11.048113822937012,0.7637414932250977
2,51,22,50,0.008744872649787756,0.008744872649787756,11.100336392720541,0.7653553485870361
2,51,22,51,0.008713830251210813,0.008713830251210813,11.275408426920572,0.7630598545074463
2,51,22,52,0.008727969677990263,0.008727969677990263,11.375764528910318,0.763566255569458
2,51,22,53,0.008658836035126669,0.008658836035126669,11.030485471089682,0.764230489730835
2,51,22,54,0.008647716583244586,0.008647716583244586,11.444576899210611,0.7635791301727295
2,51,33,1,0.19465803847099575,0.19465803847099575,24.509777069091797,0.771571159362793
2,51,33,2,0.029901800354281933,0.029901800354281933,18.16236750284831,0.7722876071929932
2,51,33,3,0.02156924730522579,0.02156924730522579,16.245071093241375,0.7728900909423828
2,51,33,4,0.01775785144358682,0.01775785144358682,15.16332753499349,0.7688696384429932
2,51,33,5,0.015674519211346848,0.015674519211346848,14.875386238098145,0.7693212032318115
2,51,33,6,0.014387561440360202,0.014387561440360202,14.30405044555664,0.7631139755249023
2,51,33,7,0.013325953147528068,0.013325953147528068,13.716850916544596,0.7630863189697266
2,51,33,8,0.012801194053747203,0.012801194053747203,12.83093007405599,0.763592004776001
2,51,33,9,0.0122564048693182,0.0122564048693182,12.535589536031088,0.765089750289917
2,51,33,10,0.01188577777058795,0.01188577777058795,12.801737467447916,0.7695755958557129
2,51,33,11,0.011543145311329616,0.011543145311329616,14.989781379699707,0.7725956439971924
2,51,33,12,0.011347753393432398,0.011347753393432398,12.546040217081705,0.7669558525085449
2,51,33,13,0.011052100946842716,0.011052100946842716,12.7486359278361,0.7656416893005371
2,51,33,14,0.010979388644664667,0.010979388644664667,12.274040857950846,0.767268180847168
2,51,33,15,0.010679854177249473,0.010679854177249473,12.084625562032064,0.7669804096221924
2,51,33,16,0.010607742006332879,0.010607742006332879,11.86801846822103,0.7682199478149414
2,51,33,17,0.010401231792858573,0.010401231792858573,11.91470464070638,0.7723391056060791
2,51,33,18,0.01034117881642179,0.01034117881642179,11.780495325724283,0.7635431289672852
2,51,33,19,0.010269170884120713,0.010269170884120713,11.665959040323893,0.7645132541656494
2,51,33,20,0.010024373434531842,0.010024373434531842,12.037642161051432,0.764876127243042
2,51,33,21,0.010060385741849533,0.010060385741849533,12.284745852152506,0.7673318386077881
2,51,33,22,0.009959708019511036,0.009959708019511036,11.505914370218912,0.7718451023101807
2,51,33,23,0.009899634520342367,0.009899634520342367,11.774370193481445,0.770958423614502
2,51,33,24,0.009742592174386423,0.009742592174386423,11.561166763305664,0.7694313526153564
2,51,33,25,0.009742593708901067,0.009742593708901067,11.817099253336588,0.7712407112121582
2,51,33,26,0.0096221093378399,0.0096221093378399,11.674565315246582,0.7688279151916504
2,51,33,27,0.009567317552864552,0.009567317552864552,11.70376968383789,0.7676546573638916
2,51,33,28,0.009482673653379011,0.009482673653379011,12.308144251505533,0.7646756172180176
2,51,33,29,0.009455885901078463,0.009455885901078463,11.477483749389648,0.7664048671722412
2,51,33,30,0.009495903770730832,0.009495903770730832,11.39457925160726,0.7668931484222412
2,51,33,31,0.009410763742405185,0.009410763742405185,11.942761421203613,0.7629585266113281
2,51,33,32,0.009382612556278896,0.009382612556278896,11.338962237040201,0.7632408142089844
2,51,33,33,0.009244100074096916,0.009244100074096916,11.54156525929769,0.7644598484039307
2,51,33,34,0.00921365109617623,0.00921365109617623,11.431966463724772,0.7648758888244629
2,51,33,35,0.00920310290306089,0.00920310290306089,11.389934221903482,0.7640135288238525
2,51,33,36,0.00921608272485471,0.00921608272485471,11.471765518188477,0.7657527923583984
2,51,33,37,0.009061950850517251,0.009061950850517251,11.57922077178955,0.768488883972168
2,51,33,38,0.009097394720317847,0.009097394720317847,11.347825050354004,0.7677278518676758
2,51,33,39,0.009056329555259375,0.009056329555259375,11.376620928446451,0.7675266265869141
2,51,33,40,0.008974304273993637,0.008974304273993637,12.804303169250488,0.7688553333282471
2,51,33,41,0.009006551557323666,0.009006551557323666,11.1392609278361,0.7690184116363525
2,51,33,42,0.00889893506397979,0.00889893506397979,11.447634061177572,0.7672555446624756
2,51,33,43,0.00894706357153877,0.00894706357153877,11.164013226826986,0.7673039436340332
2,51,33,44,0.008823604460500695,0.008823604460500695,11.467794100443522,0.763427734375
2,51,33,45,0.008826593594120316,0.008826593594120316,11.041305859883627,0.7617757320404053
2,51,33,46,0.008755830576251684,0.008755830576251684,11.117639541625977,0.7635495662689209
2,51,33,47,0.008795459834742173,0.008795459834742173,11.294896761576334,0.7632782459259033
2,51,33,48,0.008717635988047045,0.008717635988047045,11.140329996744791,0.7617270946502686
2,51,33,49,0.008720255841054082,0.008720255841054082,11.087800661722818,0.76265549659729
2,51,33,50,0.008749103637779936,0.008749103637779936,10.97896416982015,0.7625589370727539
2,51,33,51,0.008645660140780347,0.008645660140780347,11.650569279988607,0.7634782791137695
2,51,33,52,0.008607173604624612,0.008607173604624612,11.206082026163736,0.7628121376037598
2,51,33,53,0.008676650820308952,0.008676650820308952,11.063633918762207,0.7624759674072266
2,51,33,54,0.008587212607497723,0.008587212607497723,11.05847136179606,0.7640163898468018
2,51,33,55,0.008552478367752765,0.008552478367752765,11.080309549967447,0.7660229206085205
2,51,33,56,0.0085656851613042,0.0085656851613042,10.996166865030924,0.7682802677154541
2,51,33,57,0.008546576570617827,0.008546576570617827,11.132056872049967,0.7652027606964111
2,51,33,58,0.008505114991767974,0.008505114991767974,11.210868835449219,0.7668166160583496
2,51,33,59,0.008492705947756887,0.008492705947756887,11.122858047485352,0.7684566974639893
2,51,33,60,0.008476979365306241,0.008476979365306241,10.979275703430176,0.7677440643310547
2,77,11,1,0.13483155232496907,0.13483155232496907,16.47423044840495,0.82977294921875
2,77,11,2,0.011175375567064478,0.011175375567064478,11.01211166381836,0.765127420425415
2,77,11,3,0.005929163598827719,0.005929163598827719,8.379674275716146,0.7647857666015625
2,77,11,4,0.00417661629179956,0.00417661629179956,7.294254144032796,0.7657167911529541
2,77,11,5,0.0032083248645949206,0.0032083248645949206,6.248698870340983,0.7675795555114746
2,77,11,6,0.0026861930486146678,0.0026861930486146678,6.477869510650635,0.7669782638549805
2,77,11,7,0.0023800206015986746,0.0023800206015986746,5.718979517618815,0.7667069435119629
2,77,11,8,0.002137623212702369,0.002137623212702369,5.0578023592631025,0.7660493850708008
2,77,11,9,0.0019267182771967094,0.0019267182771967094,6.387338638305664,0.7734079360961914
2,77,11,10,0.0018125209965956894,0.0018125209965956894,5.017485857009888,0.7719264030456543
2,77,11,11,0.001648164628485418,0.001648164628485418,4.642628192901611,0.7724978923797607
2,77,11,12,0.0016172683516922398,0.0016172683516922398,5.161464850107829,0.7706558704376221
2,77,11,13,0.0015251278881182413,0.0015251278881182413,4.60797913869222,0.7687766551971436
2,77,11,14,0.0013981569343677052,0.0013981569343677052,4.536215464274089,0.7708084583282471
2,77,11,15,0.0013581192003933782,0.0013581192003933782,4.152360121409099,0.7694287300109863
2,77,11,16,0.0012778636172001234,0.0012778636172001234,4.3460930188496905,0.764270544052124
2,77,11,17,0.0012258653767985466,0.0012258653767985466,4.025996446609497,0.7641646862030029
2,77,11,18,0.0012027884823797841,0.0012027884823797841,4.347865660985311,0.767585277557373
2,77,11,19,0.001137193600795894,0.001137193600795894,4.061564048131307,0.7655243873596191
2,77,11,20,0.0010898062683878105,0.0010898062683878105,3.9935216108957925,0.7657225131988525
2,77,11,21,0.001129447381854144,0.001129447381854144,4.461161057154338,0.7660419940948486
2,77,11,22,0.0010897538038983456,0.0010897538038983456,3.4443938732147217,0.7690010070800781
2,77,11,23,0.0010042447843633736,0.0010042447843633736,3.6142311890920005,0.7718148231506348
2,77,11,24,0.0009986395708170912,0.0009986395708170912,4.372932354609172,0.7741549015045166
2,77,11,25,0.0009544519927123947,0.0009544519927123947,3.563913265864054,0.7702348232269287
2,77,11,26,0.0009480463998634398,0.0009480463998634398,3.4718451499938965,0.7659919261932373
2,77,11,27,0.0009284122297364656,0.0009284122297364656,3.3671113650004068,0.7662312984466553
2,77,11,28,0.0009111517528389665,0.0009111517528389665,4.361064592997233,0.76499342918396
2,77,11,29,0.0008845353393664473,0.0008845353393664473,4.082546631495158,0.7664549350738525
2,77,11,30,0.0008519943451780204,0.0008519943451780204,3.3693621158599854,0.7657339572906494
2,77,11,31,0.0008437417868568141,0.0008437417868568141,3.4704389572143555,0.7689528465270996
2,77,11,32,0.0008855687055298028,0.0008855687055298028,3.2944084803263345,0.7760968208312988
2,77,11,33,0.0008090124767308047,0.0008090124767308047,3.687880754470825,0.7741172313690186
2,77,11,34,0.0008146708282189112,0.0008146708282189112,3.582245349884033,0.7692973613739014
2,77,11,35,0.0007995145947950478,0.0007995145947950478,3.090057134628296,0.7741520404815674
2,77,11,36,0.0007670932209469007,0.0007670932209469007,3.090866804122925,0.7662150859832764
2,77,11,37,0.000761317125825065,0.000761317125825065,3.358808914820353,0.7648758888244629
2,77,11,38,0.0008483705519889907,0.0008483705519889907,3.1433022022247314,0.7651481628417969
2,77,11,39,0.0007158329591332945,0.0007158329591332945,3.5639029343922934,0.7677791118621826
2,77,11,40,0.0007432201947496657,0.0007432201947496657,3.2280468940734863,0.7699570655822754
2,77,11,41,0.0007131371777362668,0.0007131371777362668,3.3047935167948403,0.7710373401641846
2,77,11,42,0.0007071332755348351,0.0007071332755348351,2.9482725461324057,0.7744839191436768
2,77,11,43,0.0007334502063408333,0.0007334502063408333,3.0346153577168784,0.768582820892334
2,77,11,44,0.0006880222777327758,0.0006880222777327758,3.322286526362101,0.7691693305969238
2,77,11,45,0.0006827754280597187,0.0006827754280597187,3.6697728633880615,0.7713894844055176
2,77,11,46,0.0006788009572583572,0.0006788009572583572,3.5127979119618735,0.7737164497375488
2,77,11,47,0.0006756239789212945,0.0006756239789212945,3.1688175201416016,0.7726707458496094
2,77,11,48,0.000666988291749641,0.000666988291749641,2.7496066888173423,0.7731318473815918
2,77,11,49,0.0006531690100482987,0.0006531690100482987,2.972703138987223,0.7736837863922119
2,77,11,50,0.0006597651866448514,0.0006597651866448514,2.8701353073120117,0.7736110687255859
2,77,11,51,0.000643840226926654,0.000643840226926654,3.6761817137400308,0.7663881778717041
2,77,11,52,0.0006394788801683529,0.0006394788801683529,2.717800498008728,0.7659945487976074
2,77,11,53,0.0006298804131521878,0.0006298804131521878,2.815115054448446,0.765404224395752
2,77,11,54,0.0005924866293623511,0.0005924866293623511,3.0927412509918213,0.7666213512420654
2,77,11,55,0.0006446547414879516,0.0006446547414879516,2.6164534091949463,0.7667903900146484
2,77,11,56,0.0006068701039763155,0.0006068701039763155,2.760175029436747,0.7672374248504639
2,77,11,57,0.0006018351345568937,0.0006018351345568937,2.8855055967966714,0.7657947540283203
2,77,11,58,0.0006067018251614585,0.0006067018251614585,3.017951409022013,0.7671117782592773
2,77,11,59,0.0005833685396373329,0.0005833685396373329,4.337178627649943,0.7675747871398926
2,77,11,60,0.0005795253349361974,0.0005795253349361974,3.298015038172404,0.7657866477966309
2,77,11,61,0.000596522670765228,0.000596522670765228,2.650464097658793,0.7699329853057861
2,77,11,62,0.0005771955033748547,0.0005771955033748547,2.686604301134745,0.769514799118042
2,77,11,63,0.0005843403081508296,0.0005843403081508296,2.7119824091593423,0.7711522579193115
2,77,11,64,0.0005464697928268038,0.0005464697928268038,2.882262627283732,0.7707641124725342
2,77,11,65,0.0005615841720928176,0.0005615841720928176,2.7100237607955933,0.770836591720581
2,77,22,1,0.1190738690236694,0.1190738690236694,14.671819051106771,0.7765941619873047
2,77,22,2,0.010232800344247402,0.010232800344247402,10.226188659667969,0.7675673961639404
2,77,22,3,0.005350502902256208,0.005350502902256208,8.121384302775065,0.7671537399291992
2,77,22,4,0.003771896057920665,0.003771896057920665,6.7571689287821455,0.7680327892303467
2,77,22,5,0.0031891693527411136,0.0031891693527411136,6.556573867797852,0.7675883769989014
2,77,22,6,0.0025700934832604723,0.0025700934832604723,5.762591361999512,0.7699191570281982
2,77,22,7,0.002284385312130349,0.002284385312130349,5.5297471682230634,0.771397590637207
2,77,22,8,0.0020814577277703437,0.0020814577277703437,6.4066158930460615,0.7762374877929688
2,77,22,9,0.001947024865539365,0.001947024865539365,5.197649955749512,0.7743613719940186
2,77,22,10,0.001724957293205944,0.001724957293205944,5.083479801813762,0.7719521522521973
2,77,22,11,0.0016032721396770334,0.0016032721396770334,5.252914905548096,0.7737200260162354
2,77,22,12,0.001506091832959902,0.001506091832959902,4.541830857594808,0.7723042964935303
2,77,22,13,0.0014380293685821801,0.0014380293685821801,4.338731447855632,0.7699394226074219
2,77,22,14,0.0013895027228649018,0.0013895027228649018,4.097745498021443,0.7761597633361816
2,77,22,15,0.0013437083626896991,0.0013437083626896991,4.698349555333455,0.7663519382476807
2,77,22,16,0.001249338279049963,0.001249338279049963,3.9615307648976645,0.7680814266204834
2,77,22,17,0.0012722064217367175,0.0012722064217367175,4.858880519866943,0.7671341896057129
2,77,22,18,0.0011543505493888592,0.0011543505493888592,4.026661396026611,0.7664995193481445
2,77,22,19,0.0011268926521480669,0.0011268926521480669,3.6873703002929688,0.7655203342437744
2,77,22,20,0.0011207280317276573,0.0011207280317276573,3.4883973598480225,0.7651593685150146
2,77,22,21,0.0010809709700489683,0.0010809709700489683,4.310815970102946,0.7676920890808105
2,77,22,22,0.0010819183577511335,0.0010819183577511335,3.642695426940918,0.7674145698547363
2,77,22,23,0.0009943950806096359,0.0009943950806096359,3.537571748097738,0.7664823532104492
2,77,22,24,0.0009760791674554557,0.0009760791674554557,3.4252870082855225,0.7689914703369141
2,77,22,25,0.0009509038855060098,0.0009509038855060098,3.9483203093210855,0.7735641002655029
2,77,22,26,0.0009378363445336163,0.0009378363445336163,3.551797310511271,0.7723588943481445
2,77,22,27,0.0009140145459831251,0.0009140145459831251,3.5051018397013345,0.7739725112915039
2,77,22,28,0.000871294480552269,0.000871294480552269,3.311983346939087,0.7667739391326904
2,77,22,29,0.0008858267620002573,0.0008858267620002573,3.365309715270996,0.7662520408630371
2,77,22,30,0.0008451632603541029,0.0008451632603541029,5.159972667694092,0.7679305076599121
2,77,22,31,0.0009018039419786648,0.0009018039419786648,3.1458349227905273,0.7667503356933594
2,77,22,32,0.0008174286983637394,0.0008174286983637394,3.4646522998809814,0.7677204608917236
2,77,22,33,0.0007963478630150775,0.0007963478630150775,3.4127557277679443,0.7697775363922119
2,77,22,34,0.0007833201521529217,0.0007833201521529217,3.252287228902181,0.775963306427002
2,77,22,35,0.0007856601117071165,0.0007856601117071165,3.3229407469431558,0.7759912014007568
2,77,22,36,0.0007776366806956065,0.0007776366806956065,3.2130140463511148,0.7705507278442383
2,77,22,37,0.0007420178721614038,0.0007420178721614038,2.9045464992523193,0.7722806930541992
2,77,22,38,0.0007304912212063345,0.0007304912212063345,2.932326555252075,0.7703258991241455
2,77,22,39,0.0007502633486751073,0.0007502633486751073,3.1395179430643716,0.7708034515380859
2,77,22,40,0.0007531712731244835,0.0007531712731244835,2.9205177625020347,0.7637550830841064
2,77,22,41,0.0007203804348377932,0.0007203804348377932,3.0098750591278076,0.7638411521911621
2,77,22,42,0.0007038284327186805,0.0007038284327186805,3.1369806130727134,0.7640817165374756
2,77,22,43,0.0007079204049332884,0.0007079204049332884,3.0163262685139975,0.763075590133667
2,77,22,44,0.0006986152032953814,0.0006986152032953814,2.8692851861317954,0.7630949020385742
2,77,22,45,0.0006922355870399355,0.0006922355870399355,3.324512799580892,0.7632215023040771
2,77,22,46,0.0006817436599909637,0.0006817436599909637,4.329312245051066,0.7642791271209717
2,77,22,47,0.0006768048257323319,0.0006768048257323319,2.8187808990478516,0.7660882472991943
2,77,22,48,0.0006704626651723715,0.0006704626651723715,2.87093718846639,0.7670323848724365
2,77,22,49,0.0006797413557433758,0.0006797413557433758,2.8490712642669678,0.770402193069458
2,77,22,50,0.0006316043689258749,0.0006316043689258749,2.7935895125071206,0.772418737411499
2,77,22,51,0.000639629569618453,0.000639629569618453,3.617418130238851,0.7704534530639648
2,77,22,52,0.0006094771717360354,0.0006094771717360354,3.392815430959066,0.7738254070281982
2,77,22,53,0.0006519593284420526,0.0006519593284420526,2.900168259938558,0.7723238468170166
2,77,22,54,0.0006147607521248912,0.0006147607521248912,3.0411890347798667,0.7713518142700195
2,77,22,55,0.00061714509142343,0.00061714509142343,2.8658276398976645,0.7682359218597412
2,77,22,56,0.0006096760306883316,0.0006096760306883316,2.618633588155111,0.7697534561157227
2,77,22,57,0.0006174616006249337,0.0006174616006249337,3.4154086907704673,0.7715978622436523
2,77,22,58,0.0005976767284346425,0.0005976767284346425,2.7438607215881348,0.7751438617706299
2,77,22,59,0.0006038010675653689,0.0006038010675653689,2.623154401779175,0.77189040184021
2,77,22,60,0.0005714862543325662,0.0005714862543325662,2.7694239616394043,0.7751054763793945
2,77,22,61,0.0005855574862591259,0.0005855574862591259,2.8896735509236655,0.7749671936035156
2,77,22,62,0.0005772526732950141,0.0005772526732950141,3.3245929876963296,0.7693419456481934
2,77,22,63,0.0005932791865083956,0.0005932791865083956,2.4786603450775146,0.7690229415893555
2,77,22,64,0.0006077707899576665,0.0006077707899576665,2.8921573162078857,0.7682754993438721
2,77,22,65,0.0005420647477415311,0.0005420647477415311,2.692107915878296,0.768754243850708
2,77,22,66,0.000551673829317075,0.000551673829317075,2.811398983001709,0.7686100006103516
2,77,22,67,0.0005503874742767937,0.0005503874742767937,2.6841876109441123,0.7713029384613037
2,77,22,68,0.0006131403747815968,0.0006131403747815968,2.6881698767344155,0.7731964588165283
2,77,22,69,0.0005693618903952363,0.0005693618903952363,2.4585222403208413,0.770897626876831
2,77,22,70,0.0005256811130801619,0.0005256811130801619,2.6197030544281006,0.773470401763916
2,77,22,71,0.0005443668264180368,0.0005443668264180368,2.7062257528305054,0.7728838920593262
2,77,22,72,0.0005461214896759398,0.0005461214896759398,2.5582727591196694,0.7691450119018555
2,77,22,73,0.0005104004602205086,0.0005104004602205086,2.671376347541809,0.7691245079040527
2,77,22,74,0.0005419228863521191,0.0005419228863521191,2.8467206160227456,0.7710847854614258
2,77,22,75,0.0005286273825736149,0.0005286273825736149,2.525272329648336,0.7715835571289062
2,77,22,76,0.0005146076718313892,0.0005146076718313892,2.6826994021733603,0.7748382091522217
2,77,22,77,0.0005197844112177572,0.0005197844112177572,2.4685075680414834,0.7706699371337891
2,77,22,78,0.0005171910055108027,0.0005171910055108027,2.6134486198425293,0.7710776329040527
2,77,22,79,0.0005012594972672479,0.0005012594972672479,2.8572909832000732,0.7732470035552979
2,77,33,1,0.11710676709474042,0.11710676709474042,15.10406494140625,0.7691757678985596
2,77,33,2,0.009847375685364056,0.009847375685364056,10.310890992482504,0.7666125297546387
2,77,33,3,0.005309493510414327,0.005309493510414327,7.836979230244954,0.7657010555267334
2,77,33,4,0.0038542291753062828,0.0038542291753062828,7.199426968892415,0.7674355506896973
2,77,33,5,0.003087869005383891,0.003087869005383891,7.728830655415853,0.7678251266479492
2,77,33,6,0.002634455720082308,0.002634455720082308,5.646779696146647,0.7698302268981934
2,77,33,7,0.00235707546138828,0.00235707546138828,5.455048243204753,0.7709004878997803
2,77,33,8,0.00207132735830787,0.00207132735830787,4.883554776509603,0.7703127861022949
2,77,33,9,0.0019521735048737754,0.0019521735048737754,4.830634593963623,0.7716948986053467
2,77,33,10,0.0018367161241809973,0.0018367161241809973,5.563963413238525,0.7724945545196533
2,77,33,11,0.001647524285260259,0.001647524285260259,5.333153406778972,0.7727019786834717
2,77,33,12,0.0015766181597930123,0.0015766181597930123,5.480220476786296,0.7733011245727539
2,77,33,13,0.001448770587924527,0.001448770587924527,6.117056528727214,0.7712240219116211
2,77,33,14,0.0014277206321604203,0.0014277206321604203,4.355781078338623,0.7683541774749756
2,77,33,15,0.0013485163469674785,0.0013485163469674785,4.360380967458089,0.7705438137054443
2,77,33,16,0.0013399872801604458,0.0013399872801604458,3.845207770665487,0.7714860439300537
2,77,33,17,0.0012346176120578154,0.0012346176120578154,4.435583591461182,0.7699768543243408
2,77,33,18,0.001201824775230241,0.001201824775230241,3.9193464120229087,0.7662267684936523
2,77,33,19,0.001151009826408176,0.001151009826408176,3.8112622102101645,0.7666032314300537
2,77,33,20,0.0011276488844903236,0.0011276488844903236,4.106150150299072,0.7665259838104248
2,77,33,21,0.00110167956600462,0.00110167956600462,4.607679843902588,0.7647552490234375
2,77,33,22,0.001084695703403824,0.001084695703403824,3.520521402359009,0.7634947299957275
2,77,33,23,0.0009746398038849725,0.0009746398038849725,3.7563122113545737,0.7676520347595215
2,77,33,24,0.0009946873477685533,0.0009946873477685533,3.839651346206665,0.7711315155029297
2,77,33,25,0.0009786068564796608,0.0009786068564796608,3.8080782095591226,0.7745571136474609
2,77,33,26,0.0009462074733550031,0.0009462074733550031,3.580770413080851,0.7773983478546143
2,77,33,27,0.0009518614369851909,0.0009518614369851909,3.9871564706166587,0.7778213024139404
2,77,33,28,0.0008750739100951265,0.0008750739100951265,4.0339195728302,0.766434907913208
2,77,33,29,0.0008693914141533612,0.0008693914141533612,3.3020989894866943,0.7673680782318115
2,77,33,30,0.0008969494823873174,0.0008969494823873174,3.3048821290334067,0.7664320468902588
2,77,33,31,0.0008387717708570055,0.0008387717708570055,3.925485134124756,0.7675278186798096
2,77,33,32,0.0008070731737271974,0.0008070731737271974,3.3467483520507812,0.7670865058898926
2,77,33,33,0.000822825402959084,0.000822825402959084,3.2144492467244468,0.7673046588897705
2,77,33,34,0.0007799176501489901,0.0007799176501489901,3.2796987692515054,0.767343282699585
2,77,33,35,0.0007890677422451014,0.0007890677422451014,3.592644294102987,0.7662951946258545
2,77,33,36,0.0007958567854413916,0.0007958567854413916,3.04010009765625,0.7682547569274902
2,77,33,37,0.0007458770239630783,0.0007458770239630783,3.618220647176107,0.7681353092193604
2,77,33,38,0.0007582818470778689,0.0007582818470778689,3.280399799346924,0.7751929759979248
2,77,33,39,0.0007829559047745293,0.0007829559047745293,3.400243123372396,0.7709758281707764
2,77,33,40,0.0007328120689804742,0.0007328120689804742,4.707635243733724,0.7679033279418945
2,77,33,41,0.0007275929023757619,0.0007275929023757619,3.1939475536346436,0.7684659957885742
2,77,33,42,0.0007117899828201779,0.0007117899828201779,3.469869057337443,0.7705399990081787
2,77,33,43,0.0007080383038964499,0.0007080383038964499,2.9371604124704995,0.7721798419952393
2,77,33,44,0.0006893368711733195,0.0006893368711733195,3.153761943181356,0.7655484676361084
2,77,33,45,0.0006677653604257332,0.0006677653604257332,2.8575170040130615,0.7691600322723389
2,77,33,46,0.0006854199466331418,0.0006854199466331418,2.9287378787994385,0.769782543182373
2,77,33,47,0.0006656396099688399,0.0006656396099688399,3.567373196283976,0.7695987224578857
2,77,33,48,0.0006631203988951184,0.0006631203988951184,2.847226858139038,0.7694237232208252
2,77,33,49,0.0006428444133936928,0.0006428444133936928,2.783245801925659,0.7697391510009766
2,77,33,50,0.0006527449206630722,0.0006527449206630722,2.766883452733358,0.7701961994171143
2,77,33,51,0.0006303774244503311,0.0006303774244503311,3.200819174448649,0.7699143886566162
2,77,33,52,0.0006414042997572356,0.0006414042997572356,3.391306718190511,0.7704293727874756
2,77,33,53,0.0006263654617021641,0.0006263654617021641,2.9017046292622886,0.7698287963867188
2,77,33,54,0.0006465531202548156,0.0006465531202548156,2.9656050205230713,0.7692973613739014
2,77,33,55,0.0005942590217114266,0.0005942590217114266,2.861926476160685,0.7710216045379639
2,77,33,56,0.0006099435520701463,0.0006099435520701463,2.7013779878616333,0.7705581188201904
2,77,33,57,0.0006064264000809033,0.0006064264000809033,2.7657803297042847,0.7682607173919678
2,77,33,58,0.0005748715938590646,0.0005748715938590646,2.9372547467549643,0.7682492733001709
2,77,33,59,0.0005866555910670374,0.0005866555910670374,2.663332223892212,0.769784688949585
2,77,33,60,0.0005958447539110042,0.0005958447539110042,2.7026339371999106,0.7708842754364014
2,77,33,61,0.0005778707043698691,0.0005778707043698691,3.0960307916005454,0.771569013595581
2,77,33,62,0.0005823431597192163,0.0005823431597192163,2.860958973566691,0.7710111141204834
2,77,33,63,0.0005711722961308533,0.0005711722961308533,2.8441543579101562,0.7703194618225098
2,77,33,64,0.0005721688432625329,0.0005721688432625329,2.806971708933512,0.7729649543762207
2,77,33,65,0.0005463322636336507,0.0005463322636336507,2.795668840408325,0.7744863033294678
2,77,33,66,0.0005555117791417664,0.0005555117791417664,2.7147432963053384,0.7756192684173584
2,77,33,67,0.0005542213428848876,0.0005542213428848876,2.8869638442993164,0.774245023727417
2,77,33,68,0.0005600792976452432,0.0005600792976452432,3.075859705607096,0.7742984294891357
2,77,33,69,0.0005335619390830413,0.0005335619390830413,2.698824882507324,0.7731573581695557
2,128,11,1,0.08023636591438366,0.08023636591438366,9.958553473154703,0.8490369319915771
2,128,11,2,0.003942575498729239,0.003942575498729239,6.697758833567302,0.7787861824035645
2,128,11,3,0.0021972504145814104,0.0021972504145814104,5.263204733530681,0.7792205810546875
2,128,11,4,0.0016509382512770222,0.0016509382512770222,4.839039166768392,0.7799744606018066
2,128,11,5,0.001406295433469314,0.001406295433469314,4.286622444788615,0.7815814018249512
2,128,11,6,0.0012105350941531718,0.0012105350941531718,4.038481553395589,0.783475399017334
2,128,11,7,0.0010780790219207506,0.0010780790219207506,3.9182802041371665,0.7863945960998535
2,128,11,8,0.0009700233653228114,0.0009700233653228114,3.1558823585510254,0.7838013172149658
2,128,11,9,0.0008697278796598751,0.0008697278796598751,3.4896152019500732,0.7882094383239746
2,128,11,10,0.0007753256168070715,0.0007753256168070715,3.0495754877726235,0.7802386283874512
2,128,11,11,0.0006684831558342912,0.0006684831558342912,3.0134805838267007,0.7816236019134521
2,128,11,12,0.0007387000249316064,0.0007387000249316064,3.036099116007487,0.7806825637817383
2,128,11,13,0.0005735991837112622,0.0005735991837112622,3.209986448287964,0.7747409343719482
2,128,11,14,0.0005864017542315585,0.0005864017542315585,3.0124824047088623,0.7753746509552002
2,128,11,15,0.000548387948627491,0.000548387948627491,3.0412468910217285,0.7749595642089844
2,128,11,16,0.00045238726643059124,0.00045238726643059124,2.5310266415278115,0.776604175567627
2,128,11,17,0.00045801945525687933,0.00045801945525687933,2.421663999557495,0.7767720222473145
2,128,11,18,0.0004768909029808362,0.0004768909029808362,2.834860881169637,0.7824890613555908
2,128,11,19,0.0004143355937533,0.0004143355937533,2.3516245683034263,0.7869832515716553
2,128,11,20,0.00036379193040066924,0.00036379193040066924,2.407475392023722,0.7787280082702637
2,128,11,21,0.0003894845675060415,0.0003894845675060415,2.9916322231292725,0.778907060623169
2,128,11,22,0.00040746913593296815,0.00040746913593296815,1.9308781226476033,0.779853105545044
2,128,11,23,0.0003659745138997166,0.0003659745138997166,2.6511104106903076,0.7860074043273926
2,128,11,24,0.00037369363246871274,0.00037369363246871274,2.339863657951355,0.7821352481842041
2,128,11,25,0.0003241787062404583,0.0003241787062404583,2.027412176132202,0.7789707183837891
2,128,11,26,0.0003209749979271036,0.0003209749979271036,1.6381114721298218,0.7809829711914062
2,128,11,27,0.0002931800177394649,0.0002931800177394649,1.6904391050338745,0.7851753234863281
2,128,11,28,0.00029105772853619307,0.00029105772853619307,2.4637447198232016,0.7866694927215576
2,128,11,29,0.0002902764874079002,0.0002902764874079002,1.889190713564555,0.779430627822876
2,128,11,30,0.00029155734282861095,0.00029155734282861095,1.5589176416397095,0.7778244018554688
2,128,11,31,0.00026085597425953367,0.00026085597425953367,1.7513363758722942,0.7793748378753662
2,128,11,32,0.00035068629704562297,0.00035068629704562297,1.9847402572631836,0.7869648933410645
2,128,11,33,0.00021578164950680634,0.00021578164950680634,1.9679160515467327,0.7781593799591064
2,128,11,34,0.0002511375338848371,0.0002511375338848371,1.7380470434824626,0.7818701267242432
2,128,11,35,0.00024499098528473655,0.00024499098528473655,1.7083371877670288,0.7824180126190186
2,128,11,36,0.00022149866020899672,0.00022149866020899672,1.635270635286967,0.7835557460784912
2,128,11,37,0.0002477336090399486,0.0002477336090399486,1.6927773555119832,0.782646656036377
2,128,11,38,0.0002796548729429633,0.0002796548729429633,1.510716478029887,0.7825424671173096
2,128,11,39,0.00020638783544681878,0.00020638783544681878,1.8497263193130493,0.7827897071838379
2,128,11,40,0.00021622280916451351,0.00021622280916451351,1.819435954093933,0.7837827205657959
2,128,11,41,0.00020487990006927797,0.00020487990006927797,2.0703772703806558,0.7831330299377441
2,128,11,42,0.00017898088331086886,0.00017898088331086886,1.2326103846232097,0.7857568264007568
2,128,11,43,0.00021640178552904596,0.00021640178552904596,1.606991211573283,0.7790951728820801
2,128,11,44,0.00020131008833096278,0.00020131008833096278,1.6360493103663127,0.7784185409545898
2,128,11,45,0.00018712472670261613,0.00018712472670261613,1.754868984222412,0.7794113159179688
2,128,11,46,0.00019345154797895266,0.00019345154797895266,1.9583365519841511,0.7794065475463867
2,128,11,47,0.00018898970572912114,0.00018898970572912114,1.36371115843455,0.7808032035827637
2,128,11,48,0.00017561318252753633,0.00017561318252753633,1.2224550445874531,0.7801053524017334
2,128,11,49,0.0001837440912111832,0.0001837440912111832,1.5270241101582844,0.7831244468688965
2,128,11,50,0.0001783190231169888,0.0001783190231169888,1.3707221746444702,0.7870354652404785
2,128,11,51,0.00020431817015590008,0.00020431817015590008,1.7713552713394165,0.7843441963195801
2,128,11,52,0.0001672133931835566,0.0001672133931835566,1.2027380069096882,0.7820093631744385
2,128,11,53,0.00016574139537820054,0.00016574139537820054,1.1851438482602437,0.7819862365722656
2,128,11,54,0.00013568985109172805,0.00013568985109172805,1.7655463616053264,0.7831242084503174
2,128,11,55,0.0002018290464866295,0.0002018290464866295,1.0936928788820903,0.7830352783203125
2,128,11,56,0.0001446880067635685,0.0001446880067635685,1.147506316502889,0.7835688591003418
2,128,11,57,0.00016922551084102026,0.00016922551084102026,1.4866185188293457,0.781158447265625
2,128,11,58,0.0001436753686005287,0.0001436753686005287,1.3787065347035725,0.7810609340667725
2,128,11,59,0.00014448114478344734,0.00014448114478344734,2.385480006535848,0.7851467132568359
2,128,11,60,0.00014537583077423586,0.00014537583077423586,1.4811275800069172,0.7857060432434082
2,128,11,61,0.00019664397840034014,0.00019664397840034014,0.9883745511372884,0.7864959239959717
2,128,11,62,0.00012019196240063967,0.00012019196240063967,1.1602762937545776,0.7777190208435059
2,128,11,63,0.00015260830132115443,0.00015260830132115443,1.666067361831665,0.7787256240844727
2,128,11,64,0.00012873371656241126,0.00012873371656241126,2.1855938037236533,0.7790424823760986
2,128,11,65,0.00013690922933048196,0.00013690922933048196,1.2266584038734436,0.7779738903045654
2,128,11,66,0.00014583207013439215,0.00014583207013439215,1.9310075839360554,0.7805163860321045
2,128,11,67,0.00014258507879591625,0.00014258507879591625,1.062850038210551,0.7809762954711914
2,128,11,68,0.00013857473584759404,0.00013857473584759404,1.2810004154841106,0.7799901962280273
2,128,11,69,0.00012964018655050116,0.00012964018655050116,1.1924181183179219,0.7808747291564941
2,128,11,70,0.0001329944117873366,0.0001329944117873366,1.288648207982381,0.7812516689300537
2,128,11,71,0.00012488088797082576,0.00012488088797082576,1.2923198143641155,0.7839968204498291
2,128,22,1,0.07194429070555738,0.07194429070555738,8.734249432881674,0.7751264572143555
2,128,22,2,0.0033984499995448714,0.0033984499995448714,7.191827297210693,0.7749481201171875
2,128,22,3,0.0019027560635022879,0.0019027560635022879,6.632622877756755,0.7762119770050049
2,128,22,4,0.0015054078051188054,0.0015054078051188054,4.169619242350261,0.7765693664550781
2,128,22,5,0.0012655896153360797,0.0012655896153360797,4.38038428624471,0.7819118499755859
2,128,22,6,0.0011178702675665685,0.0011178702675665685,3.6901073455810547,0.7823679447174072
2,128,22,7,0.0009142495156882442,0.0009142495156882442,3.3023641109466553,0.7813737392425537
2,128,22,8,0.0009158673228783441,0.0009158673228783441,4.97968848546346,0.7837777137756348
2,128,22,9,0.0008081226616841479,0.0008081226616841479,3.115635395050049,0.7830584049224854
2,128,22,10,0.0006823435069411622,0.0006823435069411622,3.4325924714406333,0.7860269546508789
2,128,22,11,0.0006367723633819985,0.0006367723633819985,2.986696243286133,0.7866575717926025
2,128,22,12,0.0005977894114354703,0.0005977894114354703,3.0682934125264487,0.7850019931793213
2,128,22,13,0.0005727328138788833,0.0005727328138788833,2.4634163777033486,0.7791652679443359
2,128,22,14,0.000508455860459905,0.000508455860459905,2.3396526177724204,0.7787766456604004
2,128,22,15,0.0005330145621347506,0.0005330145621347506,2.348089337348938,0.7786452770233154
2,128,22,16,0.00044710131099632227,0.00044710131099632227,2.149186054865519,0.7789232730865479
2,128,22,17,0.0004562318183868125,0.0004562318183868125,2.8248023986816406,0.7790148258209229
2,128,22,18,0.0004077608609571305,0.0004077608609571305,2.1265645027160645,0.7833089828491211
2,128,22,19,0.0004042713388037848,0.0004042713388037848,1.9961745341618855,0.7901408672332764
2,128,22,20,0.00040673754521534233,0.00040673754521534233,1.776294469833374,0.7890610694885254
2,128,22,21,0.00040216050305561484,0.00040216050305561484,2.525286912918091,0.7799558639526367
2,128,22,22,0.00040161082741858986,0.00040161082741858986,2.751695394515991,0.7816066741943359
2,128,22,23,0.0002927810666710064,0.0002927810666710064,1.767107605934143,0.7806806564331055
2,128,22,24,0.0003611769985453746,0.0003611769985453746,1.9098252058029175,0.7823963165283203
2,128,22,25,0.00031522641682146747,0.00031522641682146747,2.3286608457565308,0.7814967632293701
2,128,22,26,0.0002778501692690504,0.0002778501692690504,1.9302609761555989,0.7816042900085449
2,128,22,27,0.0003359159708602719,0.0003359159708602719,1.8632981777191162,0.7816407680511475
2,128,22,28,0.0002513771700364669,0.0002513771700364669,1.6551881631215413,0.7817072868347168
2,128,22,29,0.0002948248839122804,0.0002948248839122804,1.8790884415308635,0.7823059558868408
2,128,22,30,0.0002899287210778897,0.0002899287210778897,2.6661901473999023,0.782496452331543
2,128,22,31,0.0002717328578257824,0.0002717328578257824,1.6420393387476604,0.786698579788208
2,128,22,32,0.00027325951090793725,0.00027325951090793725,1.733092188835144,0.787684440612793
2,128,22,33,0.00022450503936642107,0.00022450503936642107,1.7876664002736409,0.7824311256408691
2,128,22,34,0.0002469519579587437,0.0002469519579587437,1.7415396769841511,0.7826929092407227
2,128,22,35,0.00027604843529534,0.00027604843529534,2.4920128186543784,0.7826895713806152
2,128,22,36,0.00023239909892305312,0.00023239909892305312,1.7646936575571697,0.7826523780822754
2,128,22,37,0.0001982826670690815,0.0001982826670690815,1.2065590818723042,0.7827048301696777
2,128,22,38,0.00021404057556545037,0.00021404057556545037,1.3314757744471233,0.7840259075164795
2,128,22,39,0.00021262523716029355,0.00021262523716029355,1.9938300848007202,0.7836754322052002
2,128,22,40,0.00021632363230771463,0.00021632363230771463,1.3895583550135295,0.776505708694458
2,128,22,41,0.000212096858040985,0.000212096858040985,1.2929360071818035,0.7837600708007812
2,128,22,42,0.00020386070443483974,0.00020386070443483974,1.3508227666219075,0.777543306350708
2,128,22,43,0.0001885126874778221,0.0001885126874778221,1.5028940836588542,0.7757492065429688
2,128,22,44,0.0001919106449396499,0.0001919106449396499,1.242559810479482,0.7767283916473389
2,128,22,45,0.00017714796643976996,0.00017714796643976996,1.4680380423863728,0.778268575668335
2,128,22,46,0.00018382257350317216,0.00018382257350317216,1.9179426829020183,0.7848997116088867
2,128,22,47,0.00020710228481998945,0.00020710228481998945,1.4856266578038533,0.7818698883056641
2,128,33,1,0.06803973248365962,0.06803973248365962,8.68289311726888,0.7791187763214111
2,128,33,2,0.0033938567295003783,0.0033938567295003783,6.1371720631917315,0.7769069671630859
2,128,33,3,0.0019290014103774047,0.0019290014103774047,4.644976059595744,0.7779655456542969
2,128,33,4,0.0015069050909644875,0.0015069050909644875,4.372712135314941,0.778078556060791
2,128,33,5,0.0012191005950318247,0.0012191005950318247,4.594334681828816,0.7790021896362305
2,128,33,6,0.001159349024496871,0.001159349024496871,3.6182867685953775,0.7806155681610107
2,128,33,7,0.0009104206403257717,0.0009104206403257717,3.3478453159332275,0.778223991394043
2,128,33,8,0.0009253696025757307,0.0009253696025757307,3.1138974030812583,0.7746469974517822
2,128,33,9,0.000786454362808211,0.000786454362808211,3.020829916000366,0.775641918182373
2,128,33,10,0.0007337031911301425,0.0007337031911301425,4.553632736206055,0.7764620780944824
2,128,33,11,0.0006512946933287421,0.0006512946933287421,3.1474525133768716,0.7802579402923584
2,128,33,12,0.0005974742287473176,0.0005974742287473176,2.8255693117777505,0.7779350280761719
2,128,33,13,0.0005475728360829161,0.0005475728360829161,3.808170954386393,0.7734460830688477
2,128,33,14,0.0005199126221398774,0.0005199126221398774,2.9043309688568115,0.7749984264373779
2,128,33,15,0.0005542426047980095,0.0005542426047980095,2.508235971132914,0.7791733741760254
2,128,33,16,0.00047138720090903884,0.00047138720090903884,2.1074163913726807,0.7779524326324463
2,128,33,17,0.00039918137977556004,0.00039918137977556004,2.528322140375773,0.7819454669952393
2,128,33,18,0.00046067293886118457,0.00046067293886118457,2.2795958121617637,0.7820780277252197
2,128,33,19,0.00045902679946586,0.00045902679946586,2.2555359999338784,0.7838196754455566
2,128,33,20,0.00039446023469424566,0.00039446023469424566,3.3099277019500732,0.7804863452911377
2,128,33,21,0.00037801841339399144,0.00037801841339399144,2.2527357737223306,0.7833430767059326
2,128,33,22,0.0003519595861127548,0.0003519595861127548,1.8778904676437378,0.7846944332122803
2,128,33,23,0.0003307059861403437,0.0003307059861403437,2.366504192352295,0.78749680519104
2,128,33,24,0.000345604783593958,0.000345604783593958,3.0883633295694985,0.7780125141143799
2,128,33,25,0.00033049851636666533,0.00033049851636666533,2.191467007001241,0.7803201675415039
2,128,33,26,0.00028969731023867747,0.00028969731023867747,1.9647945165634155,0.781226396560669
2,128,33,27,0.0003347221622635935,0.0003347221622635935,2.650161027908325,0.7808914184570312
2,128,33,28,0.00026855452373139127,0.00026855452373139127,2.450762311617533,0.7862606048583984
2,128,33,29,0.00027933084356626957,0.00027933084356626957,1.568073312441508,0.7826108932495117
2,128,33,30,0.0002752285221837129,0.0002752285221837129,1.5994848410288494,0.7785060405731201
2,128,33,31,0.00022695933593463983,0.00022695933593463983,2.068839947382609,0.7827706336975098
2,128,33,32,0.0002437507086504478,0.0002437507086504478,1.5602997938791912,0.7826633453369141
2,128,33,33,0.0002747344461213244,0.0002747344461213244,1.5684481064478557,0.7809505462646484
2,128,33,34,0.0002056818605087814,0.0002056818605087814,1.5159570773442586,0.7780840396881104
2,128,33,35,0.0002743497454070966,0.0002743497454070966,1.8610029220581055,0.779529333114624
2,128,33,36,0.00023242676578107832,0.00023242676578107832,1.4301646153132122,0.7795705795288086
2,128,33,37,0.00023465005084687251,0.00023465005084687251,1.6492712497711182,0.7802801132202148
2,128,33,38,0.00020524428200033114,0.00020524428200033114,1.6213740110397339,0.7782886028289795
2,128,33,39,0.00018802412684824105,0.00018802412684824105,1.829367717107137,0.7823798656463623
2,128,33,40,0.00022571883833547455,0.00022571883833547455,2.3043476740519204,0.7777764797210693
2,128,33,41,0.00019472678820565224,0.00019472678820565224,1.4279008309046428,0.7803828716278076
2,128,33,42,0.00018492261232601936,0.00018492261232601936,2.117006778717041,0.7786002159118652
2,128,33,43,0.00022213882675568573,0.00022213882675568573,1.6145832935969036,0.7721250057220459
2,128,33,44,0.0001751746183662469,0.0001751746183662469,1.5446137984593709,0.7726850509643555
2,128,33,45,0.00016888338788621798,0.00016888338788621798,1.2385995984077454,0.7719180583953857
2,128,33,46,0.00018300672714381902,0.00018300672714381902,1.38507084051768,0.7729823589324951
2,128,33,47,0.00017742924807058051,0.00017742924807058051,1.7809509833653767,0.773270845413208
2,128,33,48,0.00019785679823338325,0.00019785679823338325,1.5015321572621663,0.7725787162780762
2,128,33,49,0.00017032233393001953,0.00017032233393001953,1.2254730463027954,0.7724997997283936
2,128,33,50,0.00017411164166563695,0.00017411164166563695,1.220717966556549,0.7731757164001465
2,128,33,51,0.00015429195119186684,0.00015429195119186684,1.4625560839970906,0.7735464572906494
2,128,33,52,0.00015507660560268029,0.00015507660560268029,1.7191557089487712,0.7766966819763184
2,128,33,53,0.00016786297682816996,0.00016786297682816996,1.2789613008499146,0.7797224521636963
2,128,33,54,0.00016415773595062518,0.00016415773595062518,1.2895758946736653,0.7838034629821777
2,128,33,55,0.0001296359343021842,0.0001296359343021842,1.6055224736531575,0.7837636470794678
2,128,33,56,0.00014851374379413375,0.00014851374379413375,1.0533406337102253,0.7847387790679932
2,128,33,57,0.00016971007850564708,0.00016971007850564708,1.2739900747934978,0.7827732563018799
2,128,33,58,0.00013613594287934856,0.00013613594287934856,1.2635808785756428,0.7823221683502197
2,128,33,59,0.00014185314638273682,0.00014185314638273682,1.131889522075653,0.7794549465179443
2,128,33,60,0.00017251521211492538,0.00017251521211492538,1.0288261373837788,0.7816710472106934
2,128,33,61,0.00013267761916217408,0.00013267761916217408,1.8192132314046223,0.783921480178833
2,128,33,62,0.00014055597849863314,0.00014055597849863314,1.8229206800460815,0.7851581573486328
2,128,33,63,0.00014322039503509809,0.00014322039503509809,1.0783809622128804,0.7850098609924316
2,128,33,64,0.00014549835265079104,0.00014549835265079104,1.6409302949905396,0.7816331386566162
2,128,33,65,0.00016384646302107034,0.00016384646302107034,1.3720184961954753,0.7836363315582275
2,128,33,66,0.00011636634909639054,0.00011636634909639054,1.213246464729309,0.7828812599182129
2,128,33,67,0.00012744131384659962,0.00012744131384659962,1.3395390907923381,0.7811520099639893
2,128,33,68,0.00013083841093519872,0.00013083841093519872,1.2994413773218791,0.7862060070037842
2,128,33,69,0.00011814041674346589,0.00011814041674346589,1.0905564427375793,0.7851009368896484
2,128,33,70,0.00012351184752922996,0.00012351184752922996,1.2927776177724202,0.7801904678344727
3,51,11,1,0.17997898168949816,0.17997898168949816,18.466533025105793,0.8700230121612549
3,51,11,2,0.03090308918845392,0.03090308918845392,14.721863428751627,0.7886488437652588
3,51,11,3,0.022211648680860237,0.022211648680860237,13.02119000752767,0.783254861831665
3,51,11,4,0.018548547310682412,0.018548547310682412,12.173722585042318,0.7835690975189209
3,51,11,5,0.01658497022505705,0.01658497022505705,12.510801315307617,0.7847638130187988
3,51,11,6,0.015291737811875483,0.015291737811875483,11.51520824432373,0.7862198352813721
3,51,11,7,0.014393384890351288,0.014393384890351288,11.035811106363932,0.7836272716522217
3,51,11,8,0.013792987509267829,0.013792987509267829,10.570045789082846,0.7849025726318359
3,51,11,9,0.01335711684941768,0.01335711684941768,10.702054659525553,0.7852187156677246
3,51,11,10,0.013058918837652641,0.013058918837652641,10.730762799580893,0.7774696350097656
3,51,11,11,0.01274812119521364,0.01274812119521364,10.682665824890137,0.7781927585601807
3,51,11,12,0.012422710299824833,0.012422710299824833,10.049619992574057,0.7780990600585938
3,51,11,13,0.012255880369963423,0.012255880369963423,10.692579905192057,0.7795822620391846
3,51,11,14,0.01204365091147074,0.01204365091147074,10.408881187438965,0.7809922695159912
3,51,11,15,0.011999007599494259,0.011999007599494259,10.208822250366211,0.7822556495666504
3,51,11,16,0.0118744361346264,0.0118744361346264,9.93537425994873,0.7820913791656494
3,51,11,17,0.011688794776589986,0.011688794776589986,9.95892588297526,0.7796428203582764
3,51,11,18,0.01156725472900985,0.01156725472900985,10.993906339009603,0.7810330390930176
3,51,11,19,0.01153281782981492,0.01153281782981492,11.034461657206217,0.779428243637085
3,51,11,20,0.011531229704951405,0.011531229704951405,9.953458468119303,0.7815783023834229
3,51,11,21,0.011249269249662129,0.011249269249662129,10.114629109700521,0.7820930480957031
3,51,11,22,0.01126776603372488,0.01126776603372488,9.549692630767822,0.7810935974121094
3,51,11,23,0.011187617830354187,0.011187617830354187,9.726191679636637,0.7831647396087646
3,51,11,24,0.011055529728519272,0.011055529728519272,9.881979942321777,0.7798144817352295
3,51,11,25,0.010981555807468612,0.010981555807468612,9.680925210316977,0.782771110534668
3,51,11,26,0.01096231800945347,0.01096231800945347,9.944806098937988,0.785290002822876
3,51,11,27,0.01094065977238483,0.01094065977238483,9.601831912994385,0.7857241630554199
3,51,11,28,0.010848363963525873,0.010848363963525873,9.723952611287435,0.7876560688018799
3,51,11,29,0.01079375224351305,0.01079375224351305,9.52918036778768,0.7886152267456055
3,51,11,30,0.01077968431055596,0.01077968431055596,9.610606988271078,0.7903711795806885
3,51,11,31,0.01068821448587748,0.01068821448587748,9.503276189168295,0.7844078540802002
3,51,11,32,0.010673336804063887,0.010673336804063887,9.49614922205607,0.789473295211792
3,51,11,33,0.010612126711510989,0.010612126711510989,9.465824921925863,0.7820451259613037
3,51,11,34,0.010570851066675898,0.010570851066675898,9.641307830810547,0.7897229194641113
3,51,11,35,0.010528425256522218,0.010528425256522218,10.60012435913086,0.7858328819274902
3,51,11,36,0.010546567253799854,0.010546567253799854,9.687510013580322,0.7359292507171631
3,51,11,37,0.010474608277408861,0.010474608277408861,9.78405729929606,0.7354626655578613
3,51,11,38,0.010504014851308693,0.010504014851308693,9.342918078104654,0.7346808910369873
3,51,11,39,0.010425357206946028,0.010425357206946028,9.556941986083984,0.735990047454834
3,51,11,40,0.010327489839310791,0.010327489839310791,9.431048234303793,0.7380585670471191
3,51,11,41,0.010273070366735904,0.010273070366735904,9.498566309611002,0.7430076599121094
3,51,11,42,0.010277254813198395,0.010277254813198395,9.542923132578531,0.7413477897644043
3,51,11,43,0.010259856353710212,0.010259856353710212,9.261820316314697,0.7332587242126465
3,51,11,44,0.010206259772555296,0.010206259772555296,9.261341253916422,0.732935905456543
3,51,11,45,0.010207572169790381,0.010207572169790381,9.601248423258463,0.7352650165557861
3,51,11,46,0.010223914325727279,0.010223914325727279,9.39468510945638,0.7376737594604492
3,51,11,47,0.010106338210039556,0.010106338210039556,9.611800193786621,0.7336091995239258
3,51,11,48,0.010129960517683279,0.010129960517683279,9.38068962097168,0.7352390289306641
3,51,11,49,0.010123084859159252,0.010123084859159252,9.562159538269043,0.7383584976196289
3,51,11,50,0.010100422425487693,0.010100422425487693,9.351129372914633,0.7386679649353027
3,51,11,51,0.010023530845924533,0.010023530845924533,9.235484600067139,0.7451131343841553
3,51,11,52,0.01000417705348883,0.01000417705348883,9.48250945409139,0.7365052700042725
3,51,11,53,0.01000586908638892,0.01000586908638892,9.446740309397379,0.738384485244751
3,51,11,54,0.009980769476949113,0.009980769476949113,9.223971843719482,0.7382352352142334
3,51,11,55,0.00992996736883514,0.00992996736883514,9.389778772989908,0.7359521389007568
3,51,11,56,0.009953080039647287,0.009953080039647287,9.279213746388754,0.743159294128418
3,51,11,57,0.009867529093459072,0.009867529093459072,9.365219910939535,0.7411007881164551
3,51,11,58,0.009926917809603537,0.009926917809603537,9.247573057810465,0.7359082698822021
3,51,11,59,0.009894681148997447,0.009894681148997447,9.288583596547445,0.7383608818054199
3,51,11,60,0.009867527857454239,0.009867527857454239,9.481233914693197,0.7428512573242188
3,51,11,61,0.009862616337037961,0.009862616337037961,9.321334997812906,0.7394447326660156
3,51,11,62,0.009849287500419666,0.009849287500419666,9.199588616689047,0.7388381958007812
3,51,11,63,0.009839120716748612,0.009839120716748612,9.238325754801432,0.7467260360717773
3,51,11,64,0.00979135491575851,0.00979135491575851,9.349956830342611,0.7345461845397949
3,51,11,65,0.009795088765429706,0.009795088765429706,9.291455268859863,0.7329139709472656
3,51,11,66,0.009780719756929308,0.009780719756929308,9.200665791829428,0.7345092296600342
3,51,11,67,0.009761351948324434,0.009761351948324434,9.11148182551066,0.7333707809448242
3,51,11,68,0.009685683614632483,0.009685683614632483,9.200246175130209,0.7330408096313477
3,51,11,69,0.009723106696008128,0.009723106696008128,9.542935689290365,0.732365608215332
3,51,11,70,0.009764724261870271,0.009764724261870271,9.147547721862793,0.7325785160064697
3,51,11,71,0.009712475692793652,0.009712475692793652,9.08131202061971,0.7339727878570557
3,51,11,72,0.00965543703253037,0.00965543703253037,9.160741806030273,0.733043909072876
3,51,11,73,0.0096550591370094,0.0096550591370094,9.251332600911459,0.7346541881561279
3,51,11,74,0.00966458879316989,0.00966458879316989,9.050540129343668,0.7354331016540527
3,51,11,75,0.009628128969467058,0.009628128969467058,9.229306062062582,0.7364661693572998
3,51,11,76,0.009617207846706373,0.009617207846706373,9.06479024887085,0.7465977668762207
3,51,11,77,0.0096212442215174,0.0096212442215174,9.266359647115072,0.7329220771789551
3,51,11,78,0.009607494238632124,0.009607494238632124,9.168346087137857,0.7341854572296143
3,51,11,79,0.00959234901202896,0.00959234901202896,9.184867223103842,0.7325081825256348
3,51,11,80,0.009603583275907457,0.009603583275907457,9.106492042541504,0.7344763278961182
3,51,11,81,0.009549963863607352,0.009549963863607352,9.236403465270996,0.7342772483825684
3,51,11,82,0.009599212980334464,0.009599212980334464,9.170446077982584,0.7460031509399414
3,51,11,83,0.009522885144617516,0.009522885144617516,9.260749022165934,0.745358943939209
3,51,11,84,0.009538769222557242,0.009538769222557242,9.492566426595053,0.7448492050170898
3,51,22,1,0.18714146034613025,0.18714146034613025,18.422295252482098,0.7445807456970215
3,51,22,2,0.030668907066961064,0.030668907066961064,14.96272087097168,0.7434885501861572
3,51,22,3,0.022117515934810268,0.022117515934810268,13.177677472432455,0.7381832599639893
3,51,22,4,0.018345849451877515,0.018345849451877515,12.444077809651693,0.7329354286193848
3,51,22,5,0.016356168159332385,0.016356168159332385,11.774120012919107,0.7328710556030273
3,51,22,6,0.01515175154413808,0.01515175154413808,11.186534563700357,0.7330880165100098
3,51,22,7,0.014444904580938474,0.014444904580938474,11.193163871765137,0.7324709892272949
3,51,22,8,0.013675209619324736,0.013675209619324736,10.688310941060385,0.7349896430969238
3,51,22,9,0.013339557015913434,0.013339557015913434,10.59585952758789,0.7332611083984375
3,51,22,10,0.01298772897665557,0.01298772897665557,10.646299997965494,0.737185001373291
3,51,22,11,0.012608477465720441,0.012608477465720441,10.144326210021973,0.7332422733306885
3,51,22,12,0.012480727364709617,0.012480727364709617,10.842809995015463,0.7348105907440186
3,51,22,13,0.012215148843667811,0.012215148843667811,10.292824427286783,0.7340013980865479
3,51,22,14,0.012151776813755902,0.012151776813755902,10.051777839660645,0.7367825508117676
3,51,22,15,0.011792141167544344,0.011792141167544344,10.02646573384603,0.7366249561309814
3,51,22,16,0.011729781728702744,0.011729781728702744,10.16525681813558,0.7384557723999023
3,51,22,17,0.011632342308502124,0.011632342308502124,9.9197998046875,0.7434678077697754
3,51,22,18,0.011517870200650286,0.011517870200650286,10.15921719868978,0.7403707504272461
3,51,22,19,0.011441162373543942,0.011441162373543942,10.002372741699219,0.7419829368591309
3,51,22,20,0.011332700193920887,0.011332700193920887,10.450502077738443,0.7343142032623291
3,51,22,21,0.01124483527706757,0.01124483527706757,9.618348280588785,0.7419283390045166
3,51,22,22,0.011255798503304212,0.011255798503304212,9.605594635009766,0.7447006702423096
3,51,22,23,0.011195928623199363,0.011195928623199363,10.215641021728516,0.7412357330322266
3,51,22,24,0.011048921419254192,0.011048921419254192,9.649051348368326,0.7421243190765381
3,51,22,25,0.01101680247201058,0.01101680247201058,9.765157381693522,0.741053581237793
3,51,22,26,0.010965415082626911,0.010965415082626911,9.828674952189127,0.7425603866577148
3,51,22,27,0.01089496376043151,0.01089496376043151,9.63212505976359,0.7419159412384033
3,51,22,28,0.010879997422362711,0.010879997422362711,9.59435764948527,0.7399845123291016
3,51,22,29,0.010766738986448835,0.010766738986448835,9.855854670206705,0.7326304912567139
3,51,22,30,0.010825545523899905,0.010825545523899905,9.829940795898438,0.7334005832672119
3,51,22,31,0.010761277612713347,0.010761277612713347,9.517344315846762,0.73386549949646
3,51,22,32,0.010668237248363372,0.010668237248363372,9.354439735412598,0.7380225658416748
3,51,22,33,0.010631711089521847,0.010631711089521847,9.775530815124512,0.7366108894348145
3,51,22,34,0.010599349869625614,0.010599349869625614,9.43333625793457,0.739492654800415
3,51,22,35,0.010537840360791296,0.010537840360791296,9.85616397857666,0.7453427314758301
3,51,22,36,0.010474435437759652,0.010474435437759652,10.026398340861002,0.7386677265167236
3,51,22,37,0.010483340889491882,0.010483340889491882,9.553804874420166,0.7400767803192139
3,51,22,38,0.010494350066995893,0.010494350066995893,9.609233856201172,0.7406363487243652
3,51,22,39,0.010430550482281142,0.010430550482281142,9.649336814880371,0.7427768707275391
3,51,22,40,0.010416520464204214,0.010416520464204214,9.543960730234781,0.7334036827087402
3,51,22,41,0.010334168376266002,0.010334168376266002,9.70346736907959,0.7330365180969238
3,51,22,42,0.01030006735392455,0.01030006735392455,9.750227292378744,0.7334785461425781
3,51,33,1,0.21226679674753351,0.21226679674753351,19.141677220662434,0.7471170425415039
3,51,33,2,0.03219132016697179,0.03219132016697179,14.98394775390625,0.7330234050750732
3,51,33,3,0.02300648457365987,0.02300648457365987,13.538790384928385,0.7328882217407227
3,51,33,4,0.01906421480144407,0.01906421480144407,12.484635353088379,0.7353672981262207
3,51,33,5,0.016723097580002896,0.016723097580002896,11.682659784952799,0.7377955913543701
3,51,33,6,0.01551726846492411,0.01551726846492411,12.920341809590658,0.7338724136352539
3,51,33,7,0.014647827398905163,0.014647827398905163,10.917152404785156,0.7336359024047852
3,51,33,8,0.013977782803934701,0.013977782803934701,11.263166745503744,0.7362391948699951
3,51,33,9,0.01341326120128921,0.01341326120128921,11.781753857930502,0.741579532623291
3,51,33,10,0.013028057832365093,0.013028057832365093,10.516577084859213,0.7415497303009033
3,51,33,11,0.012698286313494482,0.012698286313494482,10.492499987284342,0.7405178546905518
3,51,33,12,0.012536686310359289,0.012536686310359289,10.614067395528158,0.7412731647491455
3,51,33,13,0.01227711057243319,0.01227711057243319,10.829138120015463,0.7408568859100342
3,51,33,14,0.012172785692048866,0.012172785692048866,10.694788932800293,0.7393584251403809
3,51,33,15,0.011961349034854674,0.011961349034854674,10.21090571085612,0.7469513416290283
3,51,33,16,0.01183661044548575,0.01183661044548575,9.971422831217447,0.739159345626831
3,51,33,17,0.011651608456887343,0.011651608456887343,10.069537480672201,0.746429443359375
3,51,33,18,0.011585996684918266,0.011585996684918266,9.714796225229898,0.7382750511169434
3,51,33,19,0.011472748251691535,0.011472748251691535,10.100661277770996,0.742689847946167
3,51,33,20,0.01139608079184343,0.01139608079184343,9.998640060424805,0.7459912300109863
3,51,33,21,0.011327173987255882,0.011327173987255882,9.838065465291342,0.7434430122375488
3,51,33,22,0.011208392070326798,0.011208392070326798,10.436633110046387,0.7335429191589355
3,51,33,23,0.011120250005695912,0.011120250005695912,9.838766733805338,0.7328710556030273
3,51,33,24,0.01109575374840333,0.01109575374840333,9.73515764872233,0.7318673133850098
3,51,33,25,0.011034907892497153,0.011034907892497153,9.708810965220133,0.7319576740264893
3,51,33,26,0.010981725147983427,0.010981725147983427,9.575711250305176,0.7346727848052979
3,51,33,27,0.010866293852479773,0.010866293852479773,9.967793464660645,0.7328100204467773
3,51,33,28,0.010880377581013245,0.010880377581013245,9.9157346089681,0.7348339557647705
3,51,33,29,0.01080585963801052,0.01080585963801052,9.612640539805094,0.7330539226531982
3,51,33,30,0.010743933923787502,0.010743933923787502,9.525689601898193,0.7327072620391846
3,51,33,31,0.010709155321868787,0.010709155321868787,9.734136581420898,0.733856201171875
3,51,33,32,0.010683500983800996,0.010683500983800996,9.762428601582846,0.7329223155975342
3,51,33,33,0.010558938901262077,0.010558938901262077,9.607633590698242,0.7340912818908691
3,51,33,34,0.010660349398468187,0.010660349398468187,9.513393719991049,0.7370145320892334
3,51,33,35,0.01053248442596368,0.01053248442596368,9.535705407460531,0.7402472496032715
3,51,33,36,0.010467265375291466,0.010467265375291466,9.863240877787272,0.7420854568481445
3,51,33,37,0.010488564688021326,0.010488564688021326,9.264410654703775,0.7417254447937012
3,51,33,38,0.01041870948765898,0.01041870948765898,9.312196254730225,0.7400345802307129
3,51,33,39,0.010397769283019572,0.010397769283019572,9.500619411468506,0.7411224842071533
3,51,33,40,0.010353618082362674,0.010353618082362674,9.479156017303467,0.7427234649658203
3,51,33,41,0.010343712064300932,0.010343712064300932,9.579417705535889,0.7410907745361328
3,51,33,42,0.010290152248792966,0.010290152248792966,9.438985029856363,0.7397491931915283
3,51,33,43,0.010280713495526709,0.010280713495526709,9.776754061381022,0.7399563789367676
3,51,33,44,0.010220014946425294,0.010220014946425294,9.592700481414795,0.7329609394073486
3,51,33,45,0.010235099577381076,0.010235099577381076,9.31942876180013,0.7335875034332275
3,51,33,46,0.010265054215769743,0.010265054215769743,9.422927220662435,0.7337338924407959
3,51,33,47,0.010163297385140676,0.010163297385140676,9.299757480621338,0.73384690284729
3,77,11,1,0.11580245750430111,0.11580245750430111,11.190746625264486,0.8112268447875977
3,77,11,2,0.009348051257362404,0.009348051257362404,7.505905310312907,0.7512743473052979
3,77,11,3,0.005052621753157617,0.005052621753157617,6.246781190236409,0.7486553192138672
3,77,11,4,0.0036262120031885186,0.0036262120031885186,5.640106836954753,0.7681357860565186
3,77,11,5,0.0028783654820403277,0.0028783654820403277,5.374780495961507,0.739072322845459
3,77,11,6,0.0024427561630050434,0.0024427561630050434,4.918689409891765,0.7430195808410645
3,77,11,7,0.002320179921491653,0.002320179921491653,4.599272012710571,0.7451183795928955
3,77,11,8,0.001988821567356599,0.001988821567356599,4.02380617459615,0.7449219226837158
3,77,11,9,0.001936431925191778,0.001936431925191778,4.31461517016093,0.7465541362762451
3,77,11,10,0.0016923363393755288,0.0016923363393755288,3.703524033228556,0.7457008361816406
3,77,11,11,0.0016263915655991567,0.0016263915655991567,3.873521407445272,0.7466268539428711
3,77,11,12,0.0015478557960050177,0.0015478557960050177,4.1493003368377686,0.743096113204956
3,77,11,13,0.0014456125767626697,0.0014456125767626697,3.5114124615987143,0.7468647956848145
3,77,11,14,0.001390306702418438,0.001390306702418438,3.4786965052286782,0.7505335807800293
3,77,11,15,0.0013072127914119003,0.0013072127914119003,3.25477925936381,0.749746561050415
3,77,11,16,0.0012605804723254004,0.0012605804723254004,3.018852790196737,0.749309778213501
3,77,11,17,0.0012378223218977088,0.0012378223218977088,3.1967782179514566,0.7530710697174072
3,77,11,18,0.001180650965148869,0.001180650965148869,3.861473719278971,0.7373373508453369
3,77,11,19,0.0011680923083492415,0.0011680923083492415,3.493155002593994,0.7364656925201416
3,77,11,20,0.001128403556789939,0.001128403556789939,2.9093704223632812,0.7363500595092773
3,77,11,21,0.0010639693056787624,0.0010639693056787624,3.0679158369700112,0.7374188899993896
3,77,11,22,0.0010316687293309864,0.0010316687293309864,2.7377776304880777,0.7400200366973877
3,77,11,23,0.0010100404657231107,0.0010100404657231107,3.026346524556478,0.7429494857788086
3,77,11,24,0.0010049884073757432,0.0010049884073757432,2.934673547744751,0.7433137893676758
3,77,11,25,0.0009313687243582099,0.0009313687243582099,2.9721032778422036,0.74465012550354
3,77,11,26,0.0009349568755916377,0.0009349568755916377,3.0647640228271484,0.7521264553070068
3,77,11,27,0.0009071170813250897,0.0009071170813250897,2.9341461658477783,0.749943733215332
3,77,11,28,0.0008976590969544029,0.0008976590969544029,3.3774131139119468,0.742668628692627
3,77,11,29,0.0008823880115971535,0.0008823880115971535,2.8832170168558755,0.7440657615661621
3,77,11,30,0.0008707855072584707,0.0008707855072584707,2.8793511390686035,0.7454979419708252
3,77,11,31,0.0008335729723664325,0.0008335729723664325,2.4854395389556885,0.7470865249633789
3,77,11,32,0.0008084556869385076,0.0008084556869385076,2.7046757539113364,0.7441561222076416
3,77,11,33,0.0007982509421549021,0.0007982509421549021,2.684051752090454,0.744086503982544
3,77,11,34,0.0007881123114582999,0.0007881123114582999,3.3862366676330566,0.7491004467010498
3,77,11,35,0.0008051126170981971,0.0008051126170981971,3.0906530221303306,0.7499966621398926
3,77,11,36,0.0007814614717792845,0.0007814614717792845,2.5178534189860025,0.7436733245849609
3,77,11,37,0.0007693514888568249,0.0007693514888568249,3.2485291163126626,0.7388324737548828
3,77,11,38,0.0007748250877716332,0.0007748250877716332,2.427083214124044,0.7440710067749023
3,77,11,39,0.0007279726461088049,0.0007279726461088049,2.5174588362375894,0.7467589378356934
3,77,11,40,0.0007259171437154074,0.0007259171437154074,2.5640855630238852,0.7458343505859375
3,77,11,41,0.000701965962198577,0.000701965962198577,2.524712562561035,0.7482383251190186
3,77,11,42,0.0006975227484752819,0.0006975227484752819,2.8633111317952475,0.7460219860076904
3,77,11,43,0.0007042226843040399,0.0007042226843040399,2.332326571146647,0.7462210655212402
3,77,11,44,0.0007038634710128122,0.0007038634710128122,2.2448356548945108,0.736241340637207
3,77,11,45,0.0006646938428822999,0.0006646938428822999,2.439369519551595,0.737985372543335
3,77,11,46,0.0006821572633961162,0.0006821572633961162,2.37743878364563,0.7399365901947021
3,77,11,47,0.0006535795252141189,0.0006535795252141189,2.5438241958618164,0.737755298614502
3,77,11,48,0.0006523655863847069,0.0006523655863847069,2.25893501440684,0.7373113632202148
3,77,11,49,0.0006456086579922267,0.0006456086579922267,2.5053532918294272,0.7387120723724365
3,77,11,50,0.000668810540977096,0.000668810540977096,2.3675182263056436,0.7391910552978516
3,77,11,51,0.0006360308132994241,0.0006360308132994241,2.5623937447865806,0.7382082939147949
3,77,11,52,0.000621829885898337,0.000621829885898337,2.529456694920858,0.7408385276794434
3,77,11,53,0.0006252880352535513,0.0006252880352535513,2.3150129318237305,0.7416696548461914
3,77,11,54,0.0006188533343861592,0.0006188533343861592,2.491722901662191,0.7437765598297119
3,77,22,1,0.1200725515098209,0.1200725515098209,11.76881217956543,0.7452845573425293
3,77,22,2,0.009956376804164524,0.009956376804164524,7.6057101885477705,0.7369258403778076
3,77,22,3,0.0051723212623280826,0.0051723212623280826,6.070583820343018,0.7487268447875977
3,77,22,4,0.003706713230231334,0.003706713230231334,5.650927702585856,0.742285966873169
3,77,22,5,0.0029763053510963138,0.0029763053510963138,4.9620621999104815,0.7494292259216309
3,77,22,6,0.0025521423031605816,0.0025521423031605816,4.615879853566487,0.7622835636138916
3,77,22,7,0.00226718473639245,0.00226718473639245,5.027337869008382,0.7494645118713379
3,77,22,8,0.002065393698859558,0.002065393698859558,4.065009514490764,0.7434787750244141
3,77,22,9,0.0018816640902692247,0.0018816640902692247,4.667419672012329,0.7442717552185059
3,77,22,10,0.0018031543987869123,0.0018031543987869123,5.072823842366536,0.7437922954559326
3,77,22,11,0.001623558585491176,0.001623558585491176,3.8026698430379233,0.74373459815979
3,77,22,12,0.0015297843097013377,0.0015297843097013377,4.519229173660278,0.7453737258911133
3,77,22,13,0.0014774589137759996,0.0014774589137759996,3.935467561086019,0.7467973232269287
3,77,22,14,0.0013955484694466748,0.0013955484694466748,3.643044392267863,0.7555854320526123
3,77,22,15,0.0013047613443619875,0.0013047613443619875,3.529071648915609,0.74513840675354
3,77,22,16,0.0012719578644249771,0.0012719578644249771,2.9815961519877114,0.7580528259277344
3,77,22,17,0.0012126608801185834,0.0012126608801185834,3.680070718129476,0.7440710067749023
3,77,22,18,0.0011904651409448525,0.0011904651409448525,3.7022688388824463,0.7478494644165039
3,77,22,19,0.0011158107146212414,0.0011158107146212414,4.369494438171387,0.7517859935760498
3,77,22,20,0.0011539753954123366,0.0011539753954123366,3.721741199493408,0.756885290145874
3,77,22,21,0.0010660308897911459,0.0010660308897911459,2.9473772843678794,0.7594084739685059
3,77,22,22,0.001075593352005275,0.001075593352005275,2.7512768109639487,0.7611098289489746
3,77,22,23,0.0009978792477402252,0.0009978792477402252,3.128665049870809,0.7534267902374268
3,77,22,24,0.0009995905788847783,0.0009995905788847783,2.8304331302642822,0.754636287689209
3,77,22,25,0.0009537578359580777,0.0009537578359580777,2.9205185572306314,0.7484695911407471
3,77,22,26,0.0009459545937446095,0.0009459545937446095,3.151775042215983,0.7497186660766602
3,77,22,27,0.0008922298139465335,0.0008922298139465335,2.860520124435425,0.7436947822570801
3,77,22,28,0.0009105922797090935,0.0009105922797090935,2.722362836201986,0.7438311576843262
3,77,22,29,0.0008588720394359685,0.0008588720394359685,3.36413836479187,0.7463889122009277
3,77,22,30,0.0008508470164149415,0.0008508470164149415,2.6858299573262534,0.7556428909301758
3,77,22,31,0.0008588776730639392,0.0008588776730639392,2.4332929452260337,0.7481036186218262
3,77,22,32,0.0008204250612561583,0.0008204250612561583,2.717550198237101,0.7571351528167725
3,77,22,33,0.0007830426784218124,0.0007830426784218124,3.317193587621053,0.756572961807251
3,77,22,34,0.0008020836044837913,0.0008020836044837913,2.597817579905192,0.7559359073638916
3,77,22,35,0.0007788720332116712,0.0007788720332116712,2.7053866386413574,0.7825748920440674
3,77,22,36,0.0007707190225379853,0.0007707190225379853,2.5837958653767905,0.7914931774139404
3,77,22,37,0.0007461800134362273,0.0007461800134362273,2.6543153127034507,0.7916924953460693
3,77,22,38,0.0007621239022014923,0.0007621239022014923,2.5907556215922036,0.7959730625152588
3,77,22,39,0.0007208542033329506,0.0007208542033329506,2.6161839167277017,0.7503583431243896
3,77,22,40,0.0007295214500777662,0.0007295214500777662,2.4251790841420493,0.759096622467041
3,77,22,41,0.0007138407061722217,0.0007138407061722217,2.6729379494984946,0.7524645328521729
3,77,22,42,0.0007103391284296606,0.0007103391284296606,3.098841349283854,0.7536659240722656
3,77,22,43,0.0007142995350776652,0.0007142995350776652,2.3768068154652915,0.755671501159668
3,77,22,44,0.0007047889957657558,0.0007047889957657558,2.2422945499420166,0.7564046382904053
3,77,22,45,0.0006897101795884293,0.0006897101795884293,2.2489291429519653,0.7544364929199219
3,77,22,46,0.0006665288022888941,0.0006665288022888941,2.281805396080017,0.7436251640319824
3,77,22,47,0.0006501480925617767,0.0006501480925617767,2.8450118700663247,0.742772102355957
3,77,22,48,0.0006739624461251771,0.0006739624461251771,2.5848797957102456,0.746666669845581
3,77,22,49,0.0006588283109770771,0.0006588283109770771,2.478720267613729,0.7416980266571045
3,77,22,50,0.0006387172800623836,0.0006387172800623836,2.25310750802358,0.7408554553985596
3,77,22,51,0.0006398609000129365,0.0006398609000129365,2.1706506808598838,0.7417662143707275
3,77,22,52,0.000635954526957426,0.000635954526957426,2.2800381183624268,0.7405068874359131
3,77,22,53,0.0006182126171904982,0.0006182126171904982,2.6778993606567383,0.7407898902893066
3,77,22,54,0.0006417690712584004,0.0006417690712584004,2.2554649114608765,0.7407839298248291
3,77,22,55,0.0006055256861170148,0.0006055256861170148,2.6831771532694497,0.7389202117919922
3,77,22,56,0.0006026266791844429,0.0006026266791844429,2.4025326569875083,0.7436518669128418
3,77,22,57,0.0006055334290610485,0.0006055334290610485,2.0888598362604776,0.7408452033996582
3,77,22,58,0.0005784901312488001,0.0005784901312488001,2.0665371815363565,0.75537109375
3,77,22,59,0.0005885829933990472,0.0005885829933990472,2.1144500970840454,0.7462141513824463
3,77,22,60,0.0005886915295336138,0.0005886915295336138,2.3740397294362388,0.7468917369842529
3,77,22,61,0.0005920267890935409,0.0005920267890935409,2.083098292350769,0.7565116882324219
3,77,22,62,0.0005693635460606527,0.0005693635460606527,2.345593253771464,0.7556078433990479
3,77,22,63,0.0005720102056546033,0.0005720102056546033,2.2781659762064614,0.7446634769439697
3,77,22,64,0.0005664154703153257,0.0005664154703153257,2.4113029638926187,0.7535955905914307
3,77,22,65,0.00055940034913141,0.00055940034913141,2.0702171325683594,0.7455523014068604
3,77,22,66,0.0005673864791038231,0.0005673864791038231,2.4136985143025718,0.7411308288574219
3,77,22,67,0.0005605493841612709,0.0005605493841612709,2.3573893706003823,0.7507455348968506
3,77,22,68,0.0005515473376500968,0.0005515473376500968,2.156608780225118,0.7523884773254395
3,77,33,1,0.12897053026416752,0.12897053026416752,12.311360677083334,0.7517812252044678
3,77,33,2,0.009896979532181011,0.009896979532181011,7.695364634195964,0.741546630859375
3,77,33,3,0.0052545077621333714,0.0052545077621333714,6.280571937561035,0.7383730411529541
3,77,33,4,0.003834300368637927,0.003834300368637927,5.560638586680095,0.7388980388641357
3,77,33,5,0.003006212589798988,0.003006212589798988,4.82839314142863,0.7389240264892578
3,77,33,6,0.002667626460839823,0.002667626460839823,8.037884712219238,0.739295482635498
3,77,33,7,0.0023237723879937027,0.0023237723879937027,4.177615165710449,0.740471363067627
3,77,33,8,0.0020599133895732097,0.0020599133895732097,4.136239290237427,0.740896463394165
3,77,33,9,0.0019517088078062912,0.0019517088078062912,4.325391372044881,0.7384047508239746
3,77,33,10,0.0017503361405355584,0.0017503361405355584,4.179917017618815,0.7388861179351807
3,77,33,11,0.0016729736263458546,0.0016729736263458546,3.5524123509724936,0.7528200149536133
3,77,33,12,0.0015522493958444936,0.0015522493958444936,3.939751704533895,0.7417876720428467
3,77,33,13,0.0015284422746565803,0.0015284422746565803,4.1899205048878985,0.742800235748291
3,77,33,14,0.001392568107344945,0.001392568107344945,3.815032720565796,0.7445251941680908
3,77,33,15,0.0013699430269919475,0.0013699430269919475,3.5921336015065513,0.7426981925964355
3,77,33,16,0.0013130739436078107,0.0013130739436078107,3.0596295992533364,0.743865966796875
3,77,33,17,0.0012293342629708286,0.0012293342629708286,3.7460974852244058,0.7430191040039062
3,77,33,18,0.0012103261379564328,0.0012103261379564328,3.02696426709493,0.7513878345489502
3,77,33,19,0.0011416329777662912,0.0011416329777662912,3.2882872422536216,0.7517826557159424
3,77,33,20,0.0011312455374906138,0.0011312455374906138,2.9828340212504068,0.7389461994171143
3,77,33,21,0.001087045949973279,0.001087045949973279,3.107100009918213,0.7416231632232666
3,77,33,22,0.0010356274944836898,0.0010356274944836898,3.444817225138346,0.7437872886657715
3,77,33,23,0.0010369889155261117,0.0010369889155261117,3.1125709215799966,0.7540059089660645
3,77,33,24,0.00098694255369406,0.00098694255369406,3.15800142288208,0.7528021335601807
3,77,33,25,0.0009998735669127887,0.0009998735669127887,2.8439616362253823,0.746666431427002
3,77,33,26,0.0009776498803073417,0.0009776498803073417,2.9282475312550864,0.7407577037811279
3,77,33,27,0.0009066274103101557,0.0009066274103101557,2.8032718499501548,0.7394058704376221
3,77,33,28,0.0009069044176727834,0.0009069044176727834,3.018152395884196,0.7400388717651367
3,77,33,29,0.0009074959762902494,0.0009074959762902494,2.8133738040924072,0.7412493228912354
3,77,33,30,0.0008539196071811774,0.0008539196071811774,2.4952741861343384,0.7401607036590576
3,77,33,31,0.0008345519229424191,0.0008345519229424191,2.5914730230967202,0.7409119606018066
3,77,33,32,0.0008240848224398854,0.0008240848224398854,3.031322797139486,0.744420051574707
3,77,33,33,0.0008252502864102627,0.0008252502864102627,2.9008100827534995,0.7469637393951416
3,77,33,34,0.0008091046241748902,0.0008091046241748902,2.780049482981364,0.7515578269958496
3,77,33,35,0.0007881667599153453,0.0007881667599153453,2.527005990346273,0.7532188892364502
3,77,33,36,0.0007764561737661405,0.0007764561737661405,3.0350569089253745,0.7410144805908203
3,77,33,37,0.0007636538258334386,0.0007636538258334386,2.4529535373051963,0.7426025867462158
3,77,33,38,0.0007479356765365432,0.0007479356765365432,2.3935548067092896,0.7478890419006348
3,77,33,39,0.0007272470085983735,0.0007272470085983735,2.4621406396230063,0.7501060962677002
3,77,33,40,0.0007297690678230828,0.0007297690678230828,2.5855074723561606,0.7435483932495117
3,77,33,41,0.0007229747625541345,0.0007229747625541345,2.4632070859273276,0.7379817962646484
3,77,33,42,0.0007233075238744655,0.0007233075238744655,2.4276522397994995,0.7363958358764648
3,77,33,43,0.0007020866904332354,0.0007020866904332354,2.980285088221232,0.7385673522949219
3,77,33,44,0.0006799733946567109,0.0006799733946567109,2.982120990753174,0.7408695220947266
3,77,33,45,0.0006897581546762911,0.0006897581546762911,2.3302294413248696,0.7400863170623779
3,77,33,46,0.0006962183016901254,0.0006962183016901254,2.4115044275919595,0.7457218170166016
3,77,33,47,0.0006683759736725636,0.0006683759736725636,2.2850715716679892,0.7375977039337158
3,77,33,48,0.0006563368766383279,0.0006563368766383279,2.2010565598805747,0.738213062286377
3,77,33,49,0.0006540474425636162,0.0006540474425636162,2.2074108123779297,0.7438254356384277
3,77,33,50,0.0006382225209322536,0.0006382225209322536,2.592402617136637,0.7454042434692383
3,77,33,51,0.0006647428074513183,0.0006647428074513183,2.6973427136739097,0.7457690238952637
3,77,33,52,0.0006433042569414196,0.0006433042569414196,2.541646162668864,0.7520148754119873
3,77,33,53,0.0006414265192230035,0.0006414265192230035,2.773867607116699,0.7507636547088623
3,77,33,54,0.000623906787165282,0.000623906787165282,2.145918607711792,0.7404828071594238
3,77,33,55,0.0006242243329245239,0.0006242243329245239,2.326525171597799,0.7437944412231445
3,77,33,56,0.0006049577618711966,0.0006049577618711966,2.0376611153284707,0.7508642673492432
3,77,33,57,0.0006070814073253832,0.0006070814073253832,2.2746809323628745,0.7512369155883789
3,77,33,58,0.0006043011854437272,0.0006043011854437272,2.355113983154297,0.7444095611572266
3,77,33,59,0.0006004831308819367,0.0006004831308819367,2.3706409136454263,0.7445495128631592
3,77,33,60,0.0005947411357555507,0.0005947411357555507,2.3159136374791465,0.7427043914794922
3,77,33,61,0.000595892874104274,0.000595892874104274,2.3015416860580444,0.7526364326477051
3,77,33,62,0.0005873165894674709,0.0005873165894674709,2.126991113026937,0.7416067123413086
3,77,33,63,0.0005794725106780937,0.0005794725106780937,2.22306497891744,0.7439754009246826
3,77,33,64,0.0005617893677778875,0.0005617893677778875,2.0482575496037803,0.7444791793823242
3,77,33,65,0.0005615223143179076,0.0005615223143179076,2.1301427682240806,0.7489681243896484
3,77,33,66,0.0005662704460753967,0.0005662704460753967,2.219323754310608,0.7436132431030273
3,128,11,1,0.0653439359990707,0.0653439359990707,6.728477478027344,0.7697834968566895
3,128,11,2,0.003127443414333812,0.003127443414333812,4.658237298329671,0.7458071708679199
3,128,11,3,0.0019053457916162996,0.0019053457916162996,5.139386494954427,0.746288537979126
3,128,11,4,0.0014485509578895583,0.0014485509578895583,3.739135424296061,0.745469331741333
3,128,11,5,0.001201096208060151,0.001201096208060151,3.6835103829701743,0.7468242645263672
3,128,11,6,0.0010797942538127699,0.0010797942538127699,3.9662280877431235,0.7496843338012695
3,128,11,7,0.0010181870573089562,0.0010181870573089562,2.975392738978068,0.7501816749572754
3,128,11,8,0.0008242325511765721,0.0008242325511765721,2.5845579306284585,0.7486245632171631
3,128,11,9,0.0007426549836503998,0.0007426549836503998,2.4750263690948486,0.7519340515136719
3,128,11,10,0.0006858475812460323,0.0006858475812460323,2.314504384994507,0.7508318424224854
3,128,11,11,0.0005850127970695363,0.0005850127970695363,2.598008076349894,0.793670654296875
3,128,11,12,0.0006413646349581319,0.0006413646349581319,2.145764152208964,0.7909359931945801
3,128,11,13,0.0005024965265220028,0.0005024965265220028,2.3877055644989014,0.7959327697753906
3,128,11,14,0.0004643784188288523,0.0004643784188288523,2.2647976080576577,0.7980132102966309
3,128,11,15,0.0004523376935260986,0.0004523376935260986,1.816950837771098,0.795722484588623
3,128,11,16,0.0004248704883620586,0.0004248704883620586,1.6154803037643433,0.7962765693664551
3,128,11,17,0.0004041243442114361,0.0004041243442114361,1.8769984642664592,0.7948687076568604
3,128,11,18,0.0003615099852602351,0.0003615099852602351,2.3755369186401367,0.80033278465271
3,128,11,19,0.0004547590797301382,0.0004547590797301382,3.7993889649709067,0.7890241146087646
3,128,11,20,0.0003650904195369449,0.0003650904195369449,1.8318589528401692,0.7896702289581299
3,128,11,21,0.0003122865189707871,0.0003122865189707871,1.7070414225260417,0.7892296314239502
3,128,11,22,0.0002911307496210312,0.0002911307496210312,1.6050705909729004,0.7925539016723633
3,128,11,23,0.0003282311811715735,0.0003282311811715735,1.7073947985967,0.7981917858123779
3,128,11,24,0.00031635418215412785,0.00031635418215412785,1.5400489568710327,0.7968213558197021
3,128,11,25,0.000276844816372795,0.000276844816372795,1.6889094114303589,0.796196460723877
3,128,11,26,0.00030724024206498467,0.00030724024206498467,1.3951236804326375,0.79827880859375
3,128,11,27,0.00028261477642755055,0.00028261477642755055,1.3734029134114583,0.79866623878479
3,128,11,28,0.00024028348687729558,0.00024028348687729558,1.674319585164388,0.8012263774871826
3,128,11,29,0.00026329560872814404,0.00026329560872814404,1.723702112833659,0.7996485233306885
3,128,11,30,0.000254334942207528,0.000254334942207528,1.6703373591105144,0.7921407222747803
3,128,11,31,0.0002554555464391463,0.0002554555464391463,1.2396399577458699,0.7949607372283936
3,128,11,32,0.00021589055183921936,0.00021589055183921936,1.365142544110616,0.7931814193725586
3,128,11,33,0.00023021140700919964,0.00023021140700919964,1.4515217542648315,0.7941141128540039
3,128,11,34,0.00021423165552737427,0.00021423165552737427,2.242321014404297,0.7911005020141602
3,128,11,35,0.00020648964085305207,0.00020648964085305207,1.8067249059677124,0.7956268787384033
3,128,11,36,0.0002203956339564736,0.0002203956339564736,1.3456857204437256,0.7989156246185303
3,128,11,37,0.0001952047614625327,0.0001952047614625327,1.938068191210429,0.7879526615142822
3,128,11,38,0.00020911252854380547,0.00020911252854380547,1.288180152575175,0.7890417575836182
3,128,11,39,0.0002416475083322451,0.0002416475083322451,1.4251697858174641,0.7886786460876465
3,128,11,40,0.000183977047405987,0.000183977047405987,1.2460310856501262,0.7883396148681641
3,128,11,41,0.00017624415510155819,0.00017624415510155819,1.4136241674423218,0.790032148361206
3,128,22,1,0.0709531241548868,0.0709531241548868,6.6825493176778155,0.8016879558563232
3,128,22,2,0.003148438813577879,0.003148438813577879,4.69603164990743,0.7929093837738037
3,128,22,3,0.001840466278107306,0.001840466278107306,3.64369002978007,0.7952988147735596
3,128,22,4,0.0014575816103740962,0.0014575816103740962,3.511075496673584,0.8016319274902344
3,128,22,5,0.0011982661859418185,0.0011982661859418185,3.0541208585103354,0.7937390804290771
3,128,22,6,0.0010374709095100716,0.0010374709095100716,2.9178202946980796,0.8016796112060547
3,128,22,7,0.0008920763196085201,0.0008920763196085201,3.2020575205485025,0.7937109470367432
3,128,22,8,0.0008303574282474954,0.0008303574282474954,2.50704018274943,0.7972300052642822
3,128,22,9,0.0007648889888643364,0.0007648889888643364,2.447296380996704,0.7965126037597656
3,128,22,10,0.0006836606452181075,0.0006836606452181075,3.100295305252075,0.7982702255249023
3,128,22,11,0.0005976785127266701,0.0005976785127266701,2.1928948561350503,0.798691987991333
3,128,22,12,0.000544329121201197,0.000544329121201197,3.135540803273519,0.7961046695709229
3,128,22,13,0.0005179682641647816,0.0005179682641647816,2.3582757314046225,0.7979884147644043
3,128,22,14,0.0004718135312306781,0.0004718135312306781,2.20561683177948,0.7938482761383057
3,128,22,15,0.00048228679651835806,0.00048228679651835806,1.9169435898462932,0.7959887981414795
3,128,22,16,0.0004070369284980872,0.0004070369284980872,1.6118634939193726,0.7970108985900879
3,128,22,17,0.0003769319871315673,0.0003769319871315673,2.324253718058268,0.7997744083404541
3,128,22,18,0.00038859454204656597,0.00038859454204656597,2.19694451491038,0.7966709136962891
3,128,22,19,0.00033628639806702757,0.00033628639806702757,2.0720130999883017,0.7897200584411621
3,128,22,20,0.00038132029238061173,0.00038132029238061173,1.7276043891906738,0.7899744510650635
3,128,22,21,0.0003063276317441745,0.0003063276317441745,1.622185746828715,0.7934494018554688
3,128,22,22,0.0003624359101540382,0.0003624359101540382,1.5333892901738484,0.7944550514221191
3,128,22,23,0.00029399901074932534,0.00029399901074932534,1.401228427886963,0.8006865978240967
3,128,22,24,0.0002911664614320221,0.0002911664614320221,1.356010913848877,0.7986791133880615
3,128,22,25,0.0002809997736490104,0.0002809997736490104,1.8158375422159831,0.7892022132873535
3,128,22,26,0.000294501683471075,0.000294501683471075,1.794406493504842,0.7557260990142822
3,128,22,27,0.00025183382247718724,0.00025183382247718724,1.6346744696299236,0.743391752243042
3,128,22,28,0.0003011056765473038,0.0003011056765473038,1.2620140314102173,0.7431199550628662
3,128,22,29,0.00022403426547095017,0.00022403426547095017,1.301959236462911,0.7432072162628174
3,128,22,30,0.00022895814484355558,0.00022895814484355558,1.3790393273035686,0.7439589500427246
3,128,22,31,0.00022987195707158332,0.00022987195707158332,1.118433952331543,0.7449228763580322
3,128,22,32,0.00022386883518827017,0.00022386883518827017,1.298701326052348,0.7440681457519531
3,128,22,33,0.0002171044877116234,0.0002171044877116234,1.641120195388794,0.743818998336792
3,128,22,34,0.00020028496590102543,0.00020028496590102543,1.2645352284113567,0.7443766593933105
3,128,22,35,0.00022383085565883383,0.00022383085565883383,1.6451209783554077,0.7433590888977051
3,128,22,36,0.00020217884601237925,0.00020217884601237925,1.2969024976094563,0.7763397693634033
3,128,22,37,0.00020561562876347027,0.00020561562876347027,1.5285911560058594,0.799525260925293
3,128,22,38,0.00021329283747717213,0.00021329283747717213,1.4213791290918987,0.7516276836395264
3,128,22,39,0.0001729350411738536,0.0001729350411738536,1.5640815496444702,0.7540838718414307
3,128,22,40,0.00020487600999128885,0.00020487600999128885,1.0237767299016316,0.7575430870056152
3,128,22,41,0.00016865657369506467,0.00016865657369506467,1.1977125406265259,0.7565538883209229
3,128,22,42,0.00019162061995658616,0.00019162061995658616,1.385528604189555,0.75093674659729
3,128,22,43,0.00017084572560177068,0.00017084572560177068,1.17673659324646,0.7531671524047852
3,128,22,44,0.00017113206934314974,0.00017113206934314974,1.0704518953959148,0.7539820671081543
3,128,22,45,0.00019218882089737933,0.00019218882089737933,0.9944450656572977,0.7539761066436768
3,128,22,46,0.0001474919796823253,0.0001474919796823253,0.9710798064867655,0.755490779876709
3,128,22,47,0.00014341414582065163,0.00014341414582065163,1.4543198347091675,0.7568356990814209
3,128,22,48,0.00018106405367187623,0.00018106405367187623,1.1969494422276814,0.7586016654968262
3,128,22,49,0.00014684619348772807,0.00014684619348772807,1.0236601829528809,0.7503387928009033
3,128,22,50,0.00015108449971112917,0.00015108449971112917,0.9125846823056539,0.7873570919036865
3,128,22,51,0.0001515725832912501,0.0001515725832912501,0.9140094319979349,0.7476470470428467
3,128,22,52,0.00016327943797847554,0.00016327943797847554,1.3866833845774333,0.746065616607666
3,128,22,53,0.00013128937568610162,0.00013128937568610162,1.4459866682688396,0.7477951049804688
3,128,22,54,0.00015196356618638317,0.00015196356618638317,1.250569462776184,0.7516956329345703
3,128,22,55,0.00013733021771648356,0.00013733021771648356,1.6486848990122478,0.7534902095794678
3,128,22,56,0.00015294247670779375,0.00015294247670779375,0.9319654901822408,0.7554435729980469
3,128,22,57,0.0001375461625434697,0.0001375461625434697,0.863706092039744,0.753901481628418
3,128,22,58,0.00011947502717284468,0.00011947502717284468,0.9659241835276285,0.755347728729248
3,128,22,59,0.0001435365527770113,0.0001435365527770113,1.0558125774065654,0.7591779232025146
3,128,22,60,0.00013039395983961471,0.00013039395983961471,0.9343767960866293,0.7466559410095215
3,128,22,61,0.00014098987333747656,0.00014098987333747656,1.2701539595921834,0.747281551361084
3,128,22,62,0.00011777814314764465,0.00011777814314764465,1.0303104519844055,0.7494621276855469
3,128,22,63,0.0001596180890715963,0.0001596180890715963,1.0676836967468262,0.747485876083374
3,128,22,64,0.00011020816616599352,0.00011020816616599352,1.0927848815917969,0.7885313034057617
3,128,22,65,0.00012188408623600079,0.00012188408623600079,0.8227211236953735,0.7474253177642822
3,128,22,66,0.00012029602572115367,0.00012029602572115367,1.2426739136377971,0.7470896244049072
3,128,22,67,0.00012618338176308234,0.00012618338176308234,1.3245680729548137,0.7472152709960938
3,128,22,68,0.00011276488706506247,0.00011276488706506247,0.8697989583015442,0.7502388954162598
3,128,22,69,0.00011746972435944978,0.00011746972435944978,1.066817005475362,0.7514691352844238
3,128,22,70,0.0001210835128528373,0.0001210835128528373,0.9160093267758688,0.753840446472168
3,128,22,71,0.0001086428891099804,0.0001086428891099804,1.0499691764513652,0.7602832317352295
3,128,22,72,0.00012296689129727038,0.00012296689129727038,1.2932004928588867,0.7488076686859131
3,128,22,73,0.00012242187201755135,0.00012242187201755135,1.1183067957560222,0.7537295818328857
3,128,22,74,9.696531657552195e-05,9.696531657552195e-05,0.86670450369517,0.7582700252532959
3,128,22,75,0.00011441846356601934,0.00011441846356601934,1.0051241914431255,0.7470240592956543
3,128,33,1,0.07416862107438002,0.07416862107438002,6.755447864532471,0.7613871097564697
3,128,33,2,0.0032795857972642926,0.0032795857972642926,4.899663050969441,0.7610828876495361
3,128,33,3,0.0019339466625337707,0.0019339466625337707,3.7597315311431885,0.749779462814331
3,128,33,4,0.0014348402994325223,0.0014348402994325223,3.5532246430714927,0.7469124794006348
3,128,33,5,0.0012213018966067588,0.0012213018966067588,3.0580101807912192,0.75010085105896
3,128,33,6,0.001089822728965042,0.001089822728965042,3.337774674097697,0.7574005126953125
3,128,33,7,0.0009728401641575007,0.0009728401641575007,2.5776302814483643,0.7561795711517334
3,128,33,8,0.0008471824959942107,0.0008471824959942107,2.842940409978231,0.7510213851928711
3,128,33,9,0.0007328093894596352,0.0007328093894596352,2.513399124145508,0.7475612163543701
3,128,33,10,0.0006839025161593436,0.0006839025161593436,2.777083476384481,0.7514591217041016
3,128,33,11,0.0006082038654047449,0.0006082038654047449,2.3432718912760415,0.7552051544189453
3,128,33,12,0.0005809380635326653,0.0005809380635326653,2.337012688318888,0.7495877742767334
3,128,33,13,0.0006033759041224853,0.0006033759041224853,3.0322890281677246,0.749828577041626
3,128,33,14,0.0004769377936047626,0.0004769377936047626,3.8811817169189453,0.7517783641815186
3,128,33,15,0.00046261113483406143,0.00046261113483406143,1.9994210402170818,0.7478828430175781
3,128,33,16,0.000409881570137932,0.000409881570137932,1.6921801169713337,0.7502570152282715
3,128,33,17,0.00041285541526381157,0.00041285541526381157,1.9016142288843791,0.749345064163208
3,128,33,18,0.00037771668762669853,0.00037771668762669853,1.49575940767924,0.7510886192321777
3,128,33,19,0.00035382653100193834,0.00035382653100193834,2.3527004718780518,0.7564923763275146
3,128,33,20,0.00038546396359136957,0.00038546396359136957,1.6884009043375652,0.7557778358459473
3,128,33,21,0.00038232352517067784,0.00038232352517067784,1.7240353027979534,0.7487523555755615
3,128,33,22,0.000320088253490502,0.000320088253490502,2.3997997442881265,0.7509927749633789
3,128,33,23,0.00029426733656938724,0.00029426733656938724,1.7141980330149333,0.7558743953704834
3,128,33,24,0.00030469842130258603,0.00030469842130258603,1.5252915223439534,0.7503588199615479
3,128,33,25,0.00031214990736973594,0.00031214990736973594,1.3555675745010376,0.7441823482513428
3,128,33,26,0.00030689044770333934,0.00030689044770333934,1.4841069380442302,0.7445244789123535
3,128,33,27,0.0003052674579723859,0.0003052674579723859,1.444713830947876,0.7438497543334961
3,128,33,28,0.00022563463314540424,0.00022563463314540424,1.9397847652435303,0.7461559772491455
3,128,33,29,0.00031591462442609377,0.00031591462442609377,2.2902098496754966,0.7473948001861572
3,128,33,30,0.00024155705230205333,0.00024155705230205333,1.1393029689788818,0.7497141361236572
3,128,33,31,0.00023708453203987684,0.00023708453203987684,1.3210591077804565,0.7537727355957031
3,128,33,32,0.00021148682233302667,0.00021148682233302667,1.5621674060821533,0.753587007522583
3,128,33,33,0.00025048856895613686,0.00025048856895613686,1.3467295567194622,0.7476060390472412
3,128,33,34,0.00022366061972271223,0.00022366061972271223,1.482345700263977,0.7476263046264648
3,128,33,35,0.0002059563398957025,0.0002059563398957025,1.2039361794789631,0.7490651607513428
3,128,33,36,0.00019084702767698726,0.00019084702767698726,2.117589076360067,0.7485713958740234
3,128,33,37,0.000219533903566782,0.000219533903566782,1.1209566394488018,0.7475652694702148
3,128,33,38,0.00018152896379938107,0.00018152896379938107,1.0661160747210185,0.7476961612701416
3,128,33,39,0.00020994468398785225,0.00020994468398785225,1.3283766110738118,0.7516984939575195
3,128,33,40,0.00018213155721023705,0.00018213155721023705,1.6318000952402751,0.7523438930511475
3,128,33,41,0.0001932844652324714,0.0001932844652324714,1.1453299919764202,0.7517061233520508
3,128,33,42,0.00017903220614673207,0.00017903220614673207,1.0986003875732422,0.7525107860565186
3,128,33,43,0.00017402808240934433,0.00017402808240934433,1.38165016969045,0.7595281600952148
3,128,33,44,0.00015744839923496163,0.00015744839923496163,1.4890162150065105,0.7495155334472656
3,128,33,45,0.00016816717601319598,0.00016816717601319598,1.1952909231185913,0.7595155239105225
3,128,33,46,0.00016212355183085276,0.00016212355183085276,1.3062345186869304,0.7530715465545654
3,128,33,47,0.00016888974699583203,0.00016888974699583203,1.2114136616388957,0.7486133575439453
3,128,33,48,0.00015508430271260644,0.00015508430271260644,1.1079004605611165,0.7559220790863037
4,51,11,1,0.20473173582018628,0.20473173582018628,20.731924057006836,0.800081729888916
4,51,11,2,0.03747024204468898,0.03747024204468898,15.216716448465982,0.7434906959533691
4,51,11,3,0.026748207476285316,0.026748207476285316,13.259287516276041,0.7299232482910156
4,51,11,4,0.022403672444327886,0.022403672444327886,12.449761390686035,0.7301678657531738
4,51,11,5,0.019927639605298413,0.019927639605298413,12.254139264424643,0.7313942909240723
4,51,11,6,0.018347608441452404,0.018347608441452404,11.72006924947103,0.7361326217651367
4,51,11,7,0.017569183601258073,0.017569183601258073,16.209023475646973,0.7351503372192383
4,51,11,8,0.02003810511160686,0.02003810511160686,10.785958290100098,0.7335278987884521
4,51,11,9,0.01578776764213838,0.01578776764213838,10.926678975423178,0.7329142093658447
4,51,11,10,0.0155227501282993,0.0155227501282993,10.686334609985352,0.7365145683288574
4,51,11,11,0.015313017569187067,0.015313017569187067,10.759527206420898,0.7396631240844727
4,51,11,12,0.015008960300067072,0.015008960300067072,10.229800860087076,0.7463653087615967
4,51,11,13,0.01475266134994604,0.01475266134994604,10.25042692820231,0.7387652397155762
4,51,11,14,0.014602345928807332,0.014602345928807332,9.877731641133627,0.7396118640899658
4,51,11,15,0.014302802934118156,0.014302802934118156,9.819236755371094,0.7403988838195801
4,51,11,16,0.014138055388528295,0.014138055388528295,10.10557492574056,0.7408480644226074
4,51,11,17,0.013994518585792079,0.013994518585792079,9.911667505900065,0.7393414974212646
4,51,11,18,0.01387762158487187,0.01387762158487187,10.446260134379068,0.740405797958374
4,51,11,19,0.013703682673482528,0.013703682673482528,12.097094217936197,0.7330317497253418
4,51,11,20,0.015023381042515648,0.015023381042515648,10.47379207611084,0.7339460849761963
4,51,11,21,0.01352804814093129,0.01352804814093129,9.568559646606445,0.7344017028808594
4,51,11,22,0.013250799801237535,0.013250799801237535,9.5330810546875,0.7344522476196289
4,51,11,23,0.01327164693300504,0.01327164693300504,9.781755447387695,0.7349851131439209
4,51,11,24,0.01321666373199474,0.01321666373199474,9.282083829243978,0.7346863746643066
4,51,11,25,0.013065294117995022,0.013065294117995022,9.824041366577148,0.7340772151947021
4,51,11,26,0.013066200837084607,0.013066200837084607,9.49535846710205,0.7375767230987549
4,51,11,27,0.012987763106958032,0.012987763106958032,9.473004341125488,0.7375583648681641
4,51,11,28,0.012954131359294132,0.012954131359294132,10.773994127909342,0.7480919361114502
4,51,11,29,0.013068714592932499,0.013068714592932499,9.236435890197754,0.7398421764373779
4,51,11,30,0.012833057799883828,0.012833057799883828,10.916507720947266,0.7337005138397217
4,51,11,31,0.01294674133272562,0.01294674133272562,9.412021001180014,0.7349367141723633
4,51,11,32,0.012780911472907155,0.012780911472907155,9.23994223276774,0.7365882396697998
4,51,11,33,0.012565403399301118,0.012565403399301118,9.324853897094727,0.738194465637207
4,51,11,34,0.012724382025433129,0.012724382025433129,9.352726300557455,0.7362544536590576
4,51,11,35,0.012661723897464158,0.012661723897464158,9.954639434814453,0.7376461029052734
4,51,11,36,0.012543061226732011,0.012543061226732011,9.392901420593262,0.7460329532623291
4,51,11,37,0.012495867010444705,0.012495867010444705,9.196738878885904,0.7442729473114014
4,51,11,38,0.012393442628937374,0.012393442628937374,9.41347853342692,0.731755256652832
4,51,11,39,0.012433855114331937,0.012433855114331937,9.20237668355306,0.7335736751556396
4,51,11,40,0.012435231053915885,0.012435231053915885,9.694629669189453,0.7348752021789551
4,51,11,41,0.0124458000778486,0.0124458000778486,9.314359347025553,0.7360687255859375
4,51,11,42,0.012288804495044391,0.012288804495044391,9.27539316813151,0.7364962100982666
4,51,11,43,0.01239186674152292,0.01239186674152292,9.251659711201986,0.7351984977722168
4,51,11,44,0.012268824352055134,0.012268824352055134,9.17046038309733,0.7389781475067139
4,51,11,45,0.012135594590091182,0.012135594590091182,8.878240903218588,0.7454485893249512
4,51,11,46,0.012133530345800354,0.012133530345800354,9.184616724650065,0.7458879947662354
4,51,11,47,0.012083652672714367,0.012083652672714367,9.100181579589844,0.7331492900848389
4,51,11,48,0.01219573852482046,0.01219573852482046,8.864953676859537,0.7334399223327637
4,51,11,49,0.012017626470837485,0.012017626470837485,9.004313468933105,0.7347085475921631
4,51,11,50,0.012016264510515318,0.012016264510515318,9.04199250539144,0.7346959114074707
4,51,11,51,0.011991809896534249,0.011991809896534249,9.361879348754883,0.743797779083252
4,51,11,52,0.012214776709625532,0.012214776709625532,9.390205383300781,0.74123215675354
4,51,11,53,0.011894424945354764,0.011894424945354764,9.026313781738281,0.7282352447509766
4,51,11,54,0.011922222487534228,0.011922222487534228,9.129253387451172,0.7275006771087646
4,51,11,55,0.011863074908158655,0.011863074908158655,9.028070767720541,0.7304959297180176
4,51,11,56,0.011828228447493637,0.011828228447493637,8.816658655802408,0.7384474277496338
4,51,11,57,0.011838384292247072,0.011838384292247072,8.7628812789917,0.7400319576263428
4,51,11,58,0.011760864857565391,0.011760864857565391,8.912670453389486,0.7311732769012451
4,51,11,59,0.011771263560679902,0.011771263560679902,8.989039738972982,0.7328362464904785
4,51,11,60,0.011783010634149207,0.011783010634149207,8.990887324015299,0.7326159477233887
4,51,11,61,0.011681792696915931,0.011681792696915931,9.064225196838379,0.7351584434509277
4,51,11,62,0.01176519750446257,0.01176519750446257,8.64779281616211,0.7365996837615967
4,51,11,63,0.011732111856950727,0.011732111856950727,9.04359245300293,0.7380344867706299
4,51,11,64,0.011647036145197803,0.011647036145197803,8.766681353251139,0.7385194301605225
4,51,11,65,0.011668172522807654,0.011668172522807654,8.969935099283854,0.7343981266021729
4,51,11,66,0.01162278727301621,0.01162278727301621,8.635311444600424,0.7357354164123535
4,51,11,67,0.011581836258882617,0.011581836258882617,8.947847684224447,0.738842248916626
4,51,11,68,0.011605182958748758,0.011605182958748758,8.63299528757731,0.7397866249084473
4,51,11,69,0.011540916131127746,0.011540916131127746,9.033411661783854,0.7405145168304443
4,51,11,70,0.011551069614004726,0.011551069614004726,8.891562779744467,0.7418603897094727
4,51,11,71,0.011701151735697439,0.011701151735697439,9.772474606831869,0.736018180847168
4,51,11,72,0.012735896488427047,0.012735896488427047,8.753229141235352,0.7388243675231934
4,51,11,73,0.011592873842510416,0.011592873842510416,9.837745666503906,0.7380716800689697
4,51,11,74,0.012770334239043987,0.012770334239043987,8.757396380106607,0.7385556697845459
4,51,11,75,0.011377927948407434,0.011377927948407434,8.723835309346518,0.7393620014190674
4,51,11,76,0.011311635868757348,0.011311635868757348,8.756960233052572,0.7371668815612793
4,51,11,77,0.011403946583685395,0.011403946583685395,8.834905624389648,0.738034725189209
4,51,11,78,0.011436911783547063,0.011436911783547063,8.708488464355469,0.7391953468322754
4,51,22,1,0.20202493450555692,0.20202493450555692,18.63854153951009,0.7404651641845703
4,51,22,2,0.03599134181165976,0.03599134181165976,15.090497652689615,0.7407689094543457
4,51,22,3,0.026299093890790694,0.026299093890790694,13.014958063761393,0.741779088973999
4,51,22,4,0.021919808532880905,0.021919808532880905,12.12534268697103,0.7382209300994873
4,51,22,5,0.01978986222504263,0.01978986222504263,16.159517288208008,0.7381908893585205
4,51,22,6,0.019030493561415597,0.019030493561415597,11.019322077433268,0.734074592590332
4,51,22,7,0.01712872156273404,0.01712872156273404,10.82424259185791,0.7351727485656738
4,51,22,8,0.01638490475265036,0.01638490475265036,11.230844815572103,0.7450010776519775
4,51,22,9,0.015983059604983606,0.015983059604983606,11.093602816263834,0.7399256229400635
4,51,22,10,0.01556745593586833,0.01556745593586833,10.134227434794107,0.7396030426025391
4,51,22,11,0.015066090296690067,0.015066090296690067,10.596230824788412,0.7421185970306396
4,51,22,12,0.015025090094432737,0.015025090094432737,10.141266187032064,0.736677885055542
4,51,22,13,0.014675645610791887,0.014675645610791887,10.904572486877441,0.7350828647613525
4,51,22,14,0.014370177468460863,0.014370177468460863,9.962394078572592,0.7373287677764893
4,51,22,15,0.01427736820599683,0.01427736820599683,9.765905380249023,0.7386868000030518
4,51,22,16,0.014051568185169293,0.014051568185169293,9.828525225321451,0.740633487701416
4,51,22,17,0.013821267647041294,0.013821267647041294,9.715312321980795,0.7405693531036377
4,51,22,18,0.013856171082994237,0.013856171082994237,11.469160079956055,0.7426149845123291
4,51,22,19,0.013783931036434226,0.013783931036434226,9.535517374674479,0.7331018447875977
4,51,22,20,0.013720859576355899,0.013720859576355899,10.174111684163412,0.7328934669494629
4,51,22,21,0.013535346534310464,0.013535346534310464,11.056501706441244,0.7336580753326416
4,51,22,22,0.013314801776345071,0.013314801776345071,10.25623893737793,0.7335214614868164
4,51,22,23,0.013819462327603848,0.013819462327603848,9.756210009256998,0.7332940101623535
4,51,22,24,0.013158426572165089,0.013158426572165089,10.02446460723877,0.7329304218292236
4,51,22,25,0.013144403484039021,0.013144403484039021,9.669978141784668,0.7329165935516357
4,51,22,26,0.013068704723740157,0.013068704723740157,11.539020220438639,0.733659029006958
4,51,22,27,0.013217449045510771,0.013217449045510771,9.181317329406738,0.733212947845459
4,51,22,28,0.012853137939904532,0.012853137939904532,9.274704933166504,0.7347280979156494
4,51,22,29,0.012820830108506783,0.012820830108506783,9.877237637837728,0.7351412773132324
4,51,22,30,0.012974465316126962,0.012974465316126962,9.907745679219564,0.7387995719909668
4,51,22,31,0.01272633940870379,0.01272633940870379,9.771680196126303,0.7460834980010986
4,51,22,32,0.012684267849000218,0.012684267849000218,9.56850496927897,0.7306981086730957
4,51,22,33,0.012636237975655981,0.012636237975655981,9.649980227152506,0.7299191951751709
4,51,22,34,0.012671332725466654,0.012671332725466654,11.23855463663737,0.7306931018829346
4,51,22,35,0.012982434674808488,0.012982434674808488,9.903779665629068,0.7310507297515869
4,51,22,36,0.012757438438368135,0.012757438438368135,9.490265846252441,0.7385082244873047
4,51,22,37,0.012547757320300775,0.012547757320300775,9.263370513916016,0.7386856079101562
4,51,33,1,0.21282444092716776,0.21282444092716776,18.581335067749023,0.7315578460693359
4,51,33,2,0.03645318704947804,0.03645318704947804,14.879239400227865,0.7337291240692139
4,51,33,3,0.026833489150889407,0.026833489150889407,14.393629391988119,0.7337234020233154
4,51,33,4,0.02220095086585209,0.02220095086585209,13.267289161682129,0.7387721538543701
4,51,33,5,0.020204273760821324,0.020204273760821324,12.731157302856445,0.7383406162261963
4,51,33,6,0.01883620259777641,0.01883620259777641,11.516149838765463,0.7427463531494141
4,51,33,7,0.017187039511557825,0.017187039511557825,11.277186393737793,0.7412598133087158
4,51,33,8,0.01636847130845114,0.01636847130845114,11.784722646077475,0.7384305000305176
4,51,33,9,0.015836649648546794,0.015836649648546794,10.499750137329102,0.7438104152679443
4,51,33,10,0.015489174355399397,0.015489174355399397,11.277216593424479,0.7416701316833496
4,51,33,11,0.01540567998069183,0.01540567998069183,10.675975481669107,0.7419173717498779
4,51,33,12,0.014915431214380274,0.014915431214380274,10.958369255065918,0.7398998737335205
4,51,33,13,0.014716962108963356,0.014716962108963356,10.944778760274252,0.7316696643829346
4,51,33,14,0.014307311608834573,0.014307311608834573,10.441986719767252,0.7308666706085205
4,51,33,15,0.01419680090354124,0.01419680090354124,10.462054570515951,0.7306468486785889
4,51,33,16,0.013996156690717623,0.013996156690717623,9.67316468556722,0.7311718463897705
4,51,33,17,0.013915077621403071,0.013915077621403071,10.150994300842285,0.731928825378418
4,51,33,18,0.013918242730596064,0.013918242730596064,13.68891970316569,0.7307071685791016
4,51,33,19,0.014148202090261859,0.014148202090261859,10.467681884765625,0.7304284572601318
4,51,33,20,0.013527399308282197,0.013527399308282197,9.533143997192383,0.730696439743042
4,51,33,21,0.013403764691103319,0.013403764691103319,9.423970858256022,0.7313101291656494
4,51,33,22,0.013320144563652245,0.013320144563652245,9.53179677327474,0.731982946395874
4,51,33,23,0.013213376267550083,0.013213376267550083,9.490776379903158,0.7316837310791016
4,51,33,24,0.013159757893859184,0.013159757893859184,9.530132929484049,0.7307038307189941
4,51,33,25,0.01308121060886582,0.01308121060886582,9.500165303548178,0.7348079681396484
4,51,33,26,0.013104114026572512,0.013104114026572512,9.440409024556478,0.7372024059295654
4,51,33,27,0.012919942061942932,0.012919942061942932,9.711608250935873,0.7370531558990479
4,51,33,28,0.012915919772011635,0.012915919772011635,9.644312540690104,0.7387888431549072
4,51,33,29,0.013075391127465648,0.013075391127465648,9.676139195760092,0.7372457981109619
4,51,33,30,0.012811537950596509,0.012811537950596509,9.814419428507486,0.7434413433074951
4,51,33,31,0.012662904537290737,0.012662904537290737,10.598940213521322,0.7438387870788574
4,77,11,1,0.13176202445650634,0.13176202445650634,12.213664372762045,0.790062665939331
4,77,11,2,0.012324712811662968,0.012324712811662968,7.685771783192952,0.7348635196685791
4,77,11,3,0.006475577088116871,0.006475577088116871,6.474054177602132,0.7340896129608154
4,77,11,4,0.004771425239749655,0.004771425239749655,5.513739267985026,0.7343037128448486
4,77,11,5,0.0037840410434773655,0.0037840410434773655,5.171993096669515,0.7454948425292969
4,77,11,6,0.0032404554029376973,0.0032404554029376973,4.594091892242432,0.7745389938354492
4,77,11,7,0.0030122747561151498,0.0030122747561151498,19.174739837646484,0.7454891204833984
4,77,11,8,0.00491480375278873,0.00491480375278873,3.871852000554403,0.7469327449798584
4,77,11,9,0.0022615857522865573,0.0022615857522865573,3.9898831049601235,0.7465369701385498
4,77,11,10,0.0021650621349079938,0.0021650621349079938,5.206274032592773,0.73451828956604
4,77,11,11,0.002263457569117779,0.002263457569117779,3.6256821950276694,0.7363355159759521
4,77,11,12,0.0020351566383725074,0.0020351566383725074,3.776555856068929,0.7387840747833252
4,77,11,13,0.002021297929073491,0.002021297929073491,4.460910320281982,0.7389240264892578
4,77,11,14,0.0018406435631334933,0.0018406435631334933,3.2536651293436685,0.7387630939483643
4,77,11,15,0.0017948175084927947,0.0017948175084927947,3.2854906717936196,0.7395269870758057
4,77,11,16,0.0016970840207843696,0.0016970840207843696,3.50862725575765,0.7381598949432373
4,77,11,17,0.0016379175113302438,0.0016379175113302438,3.3636942704518638,0.7383017539978027
4,77,11,18,0.0016026500001758601,0.0016026500001758601,4.261386712392171,0.7401692867279053
4,77,11,19,0.0015620713047196375,0.0015620713047196375,6.801556905110677,0.7480387687683105
4,77,11,20,0.0021738703529512226,0.0021738703529512226,4.144765456517537,0.7434241771697998
4,77,11,21,0.0014525370720049923,0.0014525370720049923,3.1440609296162925,0.7430458068847656
4,77,11,22,0.001367359579905495,0.001367359579905495,3.3600409825642905,0.7457141876220703
4,77,11,23,0.0013271841026401276,0.0013271841026401276,3.7944961388905845,0.7327044010162354
4,77,11,24,0.0013382748509417595,0.0013382748509417595,2.649716933568319,0.7347338199615479
4,77,11,25,0.0012423928716030713,0.0012423928716030713,3.183488448460897,0.7352643013000488
4,77,11,26,0.0012369660067161573,0.0012369660067161573,3.1213876406351724,0.7329418659210205
4,77,11,27,0.0012414784583539512,0.0012414784583539512,2.893738587697347,0.7348597049713135
4,77,11,28,0.0011975309104991616,0.0011975309104991616,5.662764072418213,0.7371413707733154
4,77,11,29,0.0013488012443148981,0.0013488012443148981,2.9937108357747397,0.7382588386535645
4,77,11,30,0.0011299792892129977,0.0011299792892129977,4.678145090738933,0.7403144836425781
4,77,11,31,0.0012154321782161367,0.0012154321782161367,2.6567214330037436,0.7399225234985352
4,77,11,32,0.0010813756977275885,0.0010813756977275885,2.621699889500936,0.7432010173797607
4,77,11,33,0.0010521401906217972,0.0010521401906217972,2.7005487283070884,0.7431063652038574
4,77,11,34,0.0010538588492078063,0.0010538588492078063,2.8684846560160318,0.7465517520904541
4,77,11,35,0.0010661286977041216,0.0010661286977041216,2.7465604146321616,0.7432308197021484
4,77,11,36,0.0010366676148328723,0.0010366676148328723,2.9880337715148926,0.7421185970306396
4,77,11,37,0.001009444607198741,0.001009444607198741,3.124150196711222,0.7416439056396484
4,77,11,38,0.0009873074043923393,0.0009873074043923393,2.7622902393341064,0.7414705753326416
4,77,11,39,0.0009975182079505112,0.0009975182079505112,2.615295886993408,0.7411198616027832
4,77,11,40,0.0009704979153665671,0.0009704979153665671,3.733831803003947,0.7437567710876465
4,77,11,41,0.0010183882543956153,0.0010183882543956153,2.8939650853474936,0.7343573570251465
4,77,11,42,0.0009532898883268545,0.0009532898883268545,2.886717160542806,0.7342069149017334
4,77,11,43,0.0009839197932008314,0.0009839197932008314,2.4479849338531494,0.7382092475891113
4,77,11,44,0.0009184461198888505,0.0009184461198888505,2.612235148747762,0.7384867668151855
4,77,11,45,0.0009030057406418095,0.0009030057406418095,2.6641061305999756,0.7373759746551514
4,77,11,46,0.0009024754976602444,0.0009024754976602444,2.5960694948832193,0.7417151927947998
4,77,11,47,0.000863740584193878,0.000863740584193878,2.4380553563435874,0.7405986785888672
4,77,11,48,0.0009021734054951063,0.0009021734054951063,2.4495507081349692,0.7397942543029785
4,77,11,49,0.0008522540740794416,0.0008522540740794416,2.4185176690419516,0.7357110977172852
4,77,11,50,0.0008372901450519875,0.0008372901450519875,2.5098749001820884,0.735954999923706
4,77,11,51,0.0008101945575212818,0.0008101945575212818,2.9188679854075112,0.7369778156280518
4,77,11,52,0.0009313041845773948,0.0009313041845773948,2.946560859680176,0.736717700958252
4,77,11,53,0.0008304161990405348,0.0008304161990405348,2.578111489613851,0.7360751628875732
4,77,11,54,0.0008241172887197999,0.0008241172887197999,2.3738180001576743,0.7361702919006348
4,77,11,55,0.0008166933366062959,0.0008166933366062959,2.4594883918762207,0.7358920574188232
4,77,11,56,0.0008216889254490862,0.0008216889254490862,2.2786990801493325,0.7362849712371826
4,77,11,57,0.0008210576131341517,0.0008210576131341517,2.228347063064575,0.735858678817749
4,77,11,58,0.0008070833465487077,0.0008070833465487077,2.0977187156677246,0.7363786697387695
4,77,11,59,0.0007901574923966275,0.0007901574923966275,2.0961701472600303,0.735912561416626
4,77,11,60,0.0007862458176833136,0.0007862458176833136,2.094346523284912,0.7355728149414062
4,77,11,61,0.0007587647694516393,0.0007587647694516393,2.3146541913350425,0.7365896701812744
4,77,11,62,0.0007728776581091476,0.0007728776581091476,2.014866590499878,0.7394077777862549
4,77,11,63,0.0007486106673943453,0.0007486106673943453,2.528676748275757,0.7391648292541504
4,77,11,64,0.0007526310585338298,0.0007526310585338298,2.1480656464894614,0.741065502166748
4,77,11,65,0.0007628178465239779,0.0007628178465239779,2.1423935095469155,0.7407915592193604
4,77,11,66,0.0007383308603228454,0.0007383308603228454,2.2625649770100913,0.7480065822601318
4,77,11,67,0.0007470634509338157,0.0007470634509338157,2.3386096954345703,0.7468206882476807
4,77,11,68,0.0007079964168730991,0.0007079964168730991,2.3045491377512612,0.7407326698303223
4,77,11,69,0.0007235520726625775,0.0007235520726625775,2.19248898824056,0.7421271800994873
4,77,11,70,0.000722112812664875,0.000722112812664875,2.278355677922567,0.7424838542938232
4,77,11,71,0.0007043523114888409,0.0007043523114888409,3.570201873779297,0.7415778636932373
4,77,11,72,0.0008878830057536652,0.0008878830057536652,2.541482448577881,0.7425720691680908
4,77,22,1,0.13260316366760114,0.13260316366760114,11.70607058207194,0.7420382499694824
4,77,22,2,0.012258418099122344,0.012258418099122344,7.8969794909159345,0.7426080703735352
4,77,22,3,0.00659463662280376,0.00659463662280376,7.58827543258667,0.7464110851287842
4,77,22,4,0.004865491219649396,0.004865491219649396,5.201282978057861,0.7481491565704346
4,77,22,5,0.00379539748145704,0.00379539748145704,8.702567100524902,0.7438838481903076
4,77,22,6,0.003815316462231263,0.003815316462231263,4.6836311022440595,0.7423920631408691
4,77,22,7,0.0028151808606741817,0.0028151808606741817,5.160197734832764,0.7440729141235352
4,77,22,8,0.002631146449483397,0.002631146449483397,4.132493019104004,0.7502884864807129
4,77,22,9,0.002445746127309507,0.002445746127309507,5.086945374806722,0.7379195690155029
4,77,22,10,0.0024375778594066845,0.0024375778594066845,4.5935295422871905,0.7384099960327148
4,77,22,11,0.002104282146319747,0.002104282146319747,4.14099915822347,0.7384622097015381
4,77,22,12,0.0021633776734209294,0.0021633776734209294,4.7280605634053545,0.7374718189239502
4,77,22,13,0.0019022509126655417,0.0019022509126655417,4.829122066497803,0.7366981506347656
4,77,22,14,0.0017846465384835789,0.0017846465384835789,3.5925613244374595,0.7364277839660645
4,77,22,15,0.001837532269229726,0.001837532269229726,3.818931738535563,0.7379240989685059
4,77,22,16,0.0017299703350816783,0.0017299703350816783,3.812599500020345,0.7404270172119141
4,77,22,17,0.001595311066903163,0.001595311066903163,3.2171265284220376,0.7405192852020264
4,77,22,18,0.001520917558014663,0.001520917558014663,3.7720205783843994,0.7420840263366699
4,77,22,19,0.0015619415119423846,0.0015619415119423846,3.728760321935018,0.7514777183532715
4,77,22,20,0.0014798679447169047,0.0014798679447169047,3.3854428927103677,0.7383434772491455
4,77,22,21,0.001431882807052055,0.001431882807052055,3.7257920106252036,0.7404758930206299
4,77,22,22,0.001377874943521973,0.001377874943521973,8.162074565887451,0.7523181438446045
4,77,22,23,0.0015844440147159762,0.0015844440147159762,2.6234824657440186,0.7503876686096191
4,77,22,24,0.0012765206544994555,0.0012765206544994555,3.091395298639933,0.7500545978546143
4,77,22,25,0.001278663565609667,0.001278663565609667,2.9333108266194663,0.7802426815032959
4,77,22,26,0.0012343586142752854,0.0012343586142752854,4.583049615224202,0.7433085441589355
4,77,22,27,0.0013208250713638307,0.0013208250713638307,2.672191540400187,0.7482662200927734
4,77,22,28,0.0011371684386406696,0.0011371684386406696,2.8542155424753823,0.7522850036621094
4,77,22,29,0.0011564920160489103,0.0011564920160489103,3.090854008992513,0.7494804859161377
4,77,22,30,0.001149599927848183,0.001149599927848183,3.219928741455078,0.7412395477294922
4,77,22,31,0.0011231660237555467,0.0011231660237555467,3.7798355420430503,0.7414135932922363
4,77,22,32,0.0010903996926250208,0.0010903996926250208,3.2984233697255454,0.7404806613922119
4,77,22,33,0.001116076545622184,0.001116076545622184,2.622051954269409,0.7374646663665771
4,77,22,34,0.0010291565828807463,0.0010291565828807463,3.0968054135640464,0.7370989322662354
4,77,22,35,0.001092527971085095,0.001092527971085095,4.348718484242757,0.7503550052642822
4,77,22,36,0.0011550126449361249,0.0011550126449361249,3.400489409764608,0.7502892017364502
4,77,22,37,0.0010010771577844857,0.0010010771577844857,3.100510597229004,0.7475805282592773
4,77,22,38,0.001020932219381496,0.001020932219381496,2.299048662185669,0.7445502281188965
4,77,22,39,0.0009393190408402718,0.0009393190408402718,2.796787897745768,0.7459940910339355
4,77,22,40,0.0009539297141011452,0.0009539297141011452,2.6211036841074624,0.7463569641113281
4,77,22,41,0.0010400954019482457,0.0010400954019482457,2.7407673994700112,0.7472867965698242
4,77,22,42,0.0009184120874989363,0.0009184120874989363,2.192176262537638,0.746633768081665
4,77,22,43,0.0009154539647481513,0.0009154539647481513,4.584402402242024,0.74715256690979
4,77,22,44,0.0011324333629204183,0.0011324333629204183,2.560429096221924,0.7475714683532715
4,77,22,45,0.0008682303636532723,0.0008682303636532723,2.4497124354044595,0.7455108165740967
4,77,22,46,0.0008996753531514429,0.0008996753531514429,2.6230993270874023,0.7520945072174072
4,77,22,47,0.000889751050473249,0.000889751050473249,2.3212931950887046,0.7419013977050781
4,77,22,48,0.0008816079820214156,0.0008816079820214156,2.6963048775990806,0.7405390739440918
4,77,22,49,0.0008985034237135968,0.0008985034237135968,2.3495429356892905,0.7415292263031006
4,77,22,50,0.0008521679132323025,0.0008521679132323025,2.454758326212565,0.7405142784118652
4,77,22,51,0.0008541981084586371,0.0008541981084586371,2.426475763320923,0.7404181957244873
4,77,22,52,0.0008344405365956265,0.0008344405365956265,2.1861277421315513,0.7545208930969238
4,77,22,53,0.0008137476166270903,0.0008137476166270903,2.267595052719116,0.7419209480285645
4,77,22,54,0.0008531564239626138,0.0008531564239626138,2.443746487299601,0.7493598461151123
4,77,22,55,0.0008355564546074819,0.0008355564546074819,4.8954704602559405,0.7495074272155762
4,77,22,56,0.001423374875558581,0.001423374875558581,2.9664175510406494,0.7522227764129639
4,77,22,57,0.0008296853702999871,0.0008296853702999871,2.900130828221639,0.753260612487793
4,77,22,58,0.0007918512897839233,0.0007918512897839233,2.649996360143026,0.7504687309265137
4,77,22,59,0.000777581308367246,0.000777581308367246,3.2500181198120117,0.7543392181396484
4,77,22,60,0.0008566006700793739,0.0008566006700793739,2.4446462790171304,0.7471609115600586
4,77,22,61,0.0007555367248080801,0.0007555367248080801,2.23284379641215,0.754173994064331
4,77,22,62,0.0007577753061598283,0.0007577753061598283,2.2504332860310874,0.7515020370483398
4,77,33,1,0.12857179157749998,0.12857179157749998,11.543001810709635,0.7486333847045898
4,77,33,2,0.011429104080005952,0.011429104080005952,9.173930803934732,0.7438113689422607
4,77,33,3,0.006354628519891662,0.006354628519891662,6.4959174791971845,0.7430951595306396
4,77,33,4,0.004599823045951093,0.004599823045951093,7.470893383026123,0.7441108226776123
4,77,33,5,0.0040196486989045625,0.0040196486989045625,6.4156068166097,0.7425312995910645
4,77,33,6,0.003585754277582734,0.003585754277582734,5.072426478068034,0.7450292110443115
4,77,33,7,0.002795655670922099,0.002795655670922099,4.97999906539917,0.7580935955047607
4,77,33,8,0.002617403823830514,0.002617403823830514,4.413733005523682,0.7558205127716064
4,77,33,9,0.002468380279468787,0.002468380279468787,4.2101209958394366,0.75197434425354
4,77,33,10,0.002263226594248218,0.002263226594248218,5.837453842163086,0.7420954704284668
4,77,33,11,0.002141861898277244,0.002141861898277244,4.568243026733398,0.7415966987609863
4,77,33,12,0.002018140114095489,0.002018140114095489,3.4875100453694663,0.7403638362884521
4,77,33,13,0.0019398732161900094,0.0019398732161900094,3.779557784398397,0.7380461692810059
4,77,33,14,0.0017896249332201384,0.0017896249332201384,3.7588659127553306,0.7374460697174072
4,77,33,15,0.0017594714082846603,0.0017594714082846603,3.9359823862711587,0.7408006191253662
4,77,33,16,0.0017109694485285618,0.0017109694485285618,3.538466691970825,0.7411174774169922
4,77,33,17,0.0016171388965316783,0.0016171388965316783,3.519070784250895,0.7428600788116455
4,77,33,18,0.0015473186302872007,0.0015473186302872007,3.939581553141276,0.7439086437225342
4,77,33,19,0.0016162900153420313,0.0016162900153420313,3.363339821497599,0.7443225383758545
4,77,33,20,0.0014963133803813783,0.0014963133803813783,2.9244296550750732,0.7436354160308838
4,77,33,21,0.0014298604449891747,0.0014298604449891747,2.9268201986948648,0.7462854385375977
4,77,33,22,0.0013774038270363653,0.0013774038270363653,3.215648889541626,0.7518782615661621
4,77,33,23,0.001308183728759819,0.001308183728759819,3.303280512491862,0.7389614582061768
4,77,33,24,0.0013409113419370986,0.0013409113419370986,3.7233988444010415,0.7381536960601807
4,77,33,25,0.0013084427776909786,0.0013084427776909786,2.8366249402364097,0.7381939888000488
4,77,33,26,0.001231968812279334,0.001231968812279334,3.324333667755127,0.7409403324127197
4,77,33,27,0.0012670659659289821,0.0012670659659289821,3.6372853914896646,0.7384443283081055
4,77,33,28,0.001180980549096546,0.001180980549096546,3.019740343093872,0.7375574111938477
4,77,33,29,0.0011857362023537466,0.0011857362023537466,3.2534101804097495,0.7380938529968262
4,77,33,30,0.0012702760553618807,0.0012702760553618807,2.8526387214660645,0.7397410869598389
4,77,33,31,0.001065423644110906,0.001065423644110906,5.081528504689534,0.7405843734741211
4,77,33,32,0.0011351928486418872,0.0011351928486418872,2.7718373934427896,0.7433254718780518
4,77,33,33,0.0010943278137018862,0.0010943278137018862,3.0561214288075766,0.7431678771972656
4,77,33,34,0.0010881905901483635,0.0010881905901483635,2.6486451625823975,0.7462990283966064
4,77,33,35,0.0010133639030420797,0.0010133639030420797,2.434715429941813,0.7509214878082275
4,77,33,36,0.001033801296271766,0.001033801296271766,2.5275519688924155,0.7508499622344971
4,77,33,37,0.0010121570280509644,0.0010121570280509644,3.0581881205240884,0.7424106597900391
4,77,33,38,0.0010554579573563295,0.0010554579573563295,3.4755940437316895,0.740593671798706
4,77,33,39,0.0010414618400640513,0.0010414618400640513,2.27188769976298,0.7433664798736572
4,77,33,40,0.0009753558155794658,0.0009753558155794658,2.3836957613627114,0.7545745372772217
4,77,33,41,0.0009648927000471396,0.0009648927000471396,2.6720208326975503,0.7914457321166992
4,77,33,42,0.0009649432590447247,0.0009649432590447247,2.3398849964141846,0.7862136363983154
4,77,33,43,0.0009209724312175449,0.0009209724312175449,2.3143715063730874,0.7816965579986572
4,77,33,44,0.0008942512492143744,0.0008942512492143744,2.5448476473490396,0.7854495048522949
4,77,33,45,0.000914295855384441,0.000914295855384441,2.9419328371683755,0.7843542098999023
4,77,33,46,0.0008932773447787926,0.0008932773447787926,3.3321151733398438,0.7938871383666992
4,77,33,47,0.0009224364356550861,0.0009224364356550861,2.3282456398010254,0.7819600105285645
4,77,33,48,0.0008871293460151643,0.0008871293460151643,2.958039919535319,0.7840526103973389
4,77,33,49,0.0008727863677623242,0.0008727863677623242,2.549239158630371,0.7838606834411621
4,128,11,1,0.07500628709775815,0.07500628709775815,6.860777854919434,0.8161709308624268
4,128,11,2,0.004324607625305276,0.004324607625305276,5.224356969197591,0.7904417514801025
4,128,11,3,0.002447900572959742,0.002447900572959742,4.861868699391683,0.7896578311920166
4,128,11,4,0.002060737268265783,0.002060737268265783,3.332207123438517,0.7910399436950684
4,128,11,5,0.0016039570715081287,0.0016039570715081287,3.6060702006022134,0.7880563735961914
4,128,11,6,0.001450327852258732,0.001450327852258732,3.073390563329061,0.7960324287414551
4,128,11,7,0.0013044119884596092,0.0013044119884596092,7.827560583750407,0.7838253974914551
4,128,11,8,0.0021794021023499414,0.0021794021023499414,2.5902565320332847,0.7832522392272949
4,128,11,9,0.000878060358338149,0.000878060358338149,2.6097284158070884,0.7839806079864502
4,128,11,10,0.0008558381346787026,0.0008558381346787026,4.617948055267334,0.7838919162750244
4,128,11,11,0.0008865141068304681,0.0008865141068304681,2.063802401224772,0.7867279052734375
4,128,11,12,0.0008059290330385881,0.0008059290330385881,2.2888757387797036,0.7869501113891602
4,128,11,13,0.000762226581889555,0.000762226581889555,3.977346658706665,0.7863795757293701
4,128,11,14,0.0007164120252986641,0.0007164120252986641,1.9282690684000652,0.7875547409057617
4,128,11,15,0.0005827455542483768,0.0005827455542483768,1.8941845099131267,0.7876858711242676
4,128,11,16,0.0005546942685807711,0.0005546942685807711,2.1367100874582925,0.7899870872497559
4,128,11,17,0.0005413972930618543,0.0005413972930618543,2.155566930770874,0.7905240058898926
4,128,11,18,0.0005385548353013009,0.0005385548353013009,3.493205706278483,0.7949545383453369
4,128,11,19,0.0005368042461078184,0.0005368042461078184,5.375391324361165,0.7851438522338867
4,128,11,20,0.0009581602004185495,0.0009581602004185495,2.120390256245931,0.7873275279998779
4,128,11,21,0.0004068716098332595,0.0004068716098332595,1.9261335531870525,0.7521049976348877
4,128,11,22,0.0004353346743006316,0.0004353346743006316,1.9122168620427449,0.7479274272918701
4,128,11,23,0.0004474331453544854,0.0004474331453544854,2.703824202219645,0.7483503818511963
4,128,11,24,0.0003929730058129492,0.0003929730058129492,1.7138956785202026,0.7492520809173584
4,128,11,25,0.00042171538575798976,0.00042171538575798976,1.4992673794428508,0.7558372020721436
4,128,11,26,0.0003558708058688224,0.0003558708058688224,2.069288412729899,0.7536554336547852
4,128,11,27,0.0004343279477104413,0.0004343279477104413,1.7227880557378132,0.7570860385894775
4,128,11,28,0.0003514712673142155,0.0003514712673142155,4.258355935414632,0.7480368614196777
4,128,11,29,0.0004553578133743121,0.0004553578133743121,1.9217546780904133,0.7474632263183594
4,128,11,30,0.00027683605156775287,0.00027683605156775287,2.972302516301473,0.7510666847229004
4,128,11,31,0.00040605775679679177,0.00040605775679679177,2.8013893763224282,0.7513649463653564
4,128,11,32,0.00031168896471885224,0.00031168896471885224,1.2507896820704143,0.7593188285827637
4,128,11,33,0.00029069725291292663,0.00029069725291292663,1.335517406463623,0.7455720901489258
4,128,11,34,0.00028184693489061955,0.00028184693489061955,1.8972518841425579,0.7447834014892578
4,128,11,35,0.0003328651101977257,0.0003328651101977257,2.160820484161377,0.745976448059082
4,128,11,36,0.0002626728814419769,0.0002626728814419769,1.9856675465901692,0.7468874454498291
4,128,11,37,0.0003264110394305719,0.0003264110394305719,1.8312504291534424,0.7450339794158936
4,128,11,38,0.00023890564453227228,0.00023890564453227228,1.6413179238637288,0.757901668548584
4,128,11,39,0.00030142339040202515,0.00030142339040202515,1.6560365358988445,0.7584145069122314
4,128,11,40,0.0002389870671911517,0.0002389870671911517,3.744230270385742,0.745103120803833
4,128,11,41,0.0003344161176284882,0.0003344161176284882,3.673675457636515,0.7457764148712158
4,128,11,42,0.0002807534572817181,0.0002807534572817181,1.5435946385065715,0.7448601722717285
4,128,22,1,0.07983418333801184,0.07983418333801184,6.561706066131592,0.7585489749908447
4,128,22,2,0.004061144460377426,0.004061144460377426,4.679104804992676,0.7572493553161621
4,128,22,3,0.0024297294339626825,0.0024297294339626825,3.9915929635365806,0.7824082374572754
4,128,22,4,0.0019373448523787018,0.0019373448523787018,3.187185366948446,0.7437770366668701
4,128,22,5,0.001524333170207585,0.001524333170207585,7.734724362691243,0.7452199459075928
4,128,22,6,0.0016696159047146074,0.0016696159047146074,2.98042623202006,0.746497631072998
4,128,22,7,0.0011950715291463028,0.0011950715291463028,2.668288071950277,0.7468931674957275
4,128,22,8,0.0010810028111819699,0.0010810028111819699,2.4738972981770835,0.7468931674957275
4,128,22,9,0.0010206647363823524,0.0010206647363823524,3.4087507724761963,0.7474493980407715
4,128,22,10,0.00098757849719896,0.00098757849719896,2.033186157544454,0.7482481002807617
4,128,22,11,0.0007851190514027017,0.0007851190514027017,2.9482709566752114,0.7491743564605713
4,128,22,12,0.0007591729510173478,0.0007591729510173478,3.0206117630004883,0.7487220764160156
4,128,22,13,0.0006904671938255944,0.0006904671938255944,3.4386046727498374,0.7520449161529541
4,128,22,14,0.0006784462453608997,0.0006784462453608997,2.9402976830800376,0.7499427795410156
4,128,22,15,0.0006108271873339737,0.0006108271873339737,2.429762919743856,0.7523143291473389
4,128,22,16,0.0005820422398421559,0.0005820422398421559,2.5658775170644126,0.7530736923217773
4,128,22,17,0.0005638626886970084,0.0005638626886970084,1.9615476528803508,0.7834382057189941
4,128,22,18,0.0004911653834519182,0.0004911653834519182,1.8155260880788167,0.749406099319458
4,128,22,19,0.00048434926336513387,0.00048434926336513387,2.040807326634725,0.7515850067138672
4,128,22,20,0.0005534226045122018,0.0005534226045122018,1.9440524975458782,0.7548723220825195
4,128,22,21,0.00040673261337452623,0.00040673261337452623,2.4765817324320474,0.7443141937255859
4,128,22,22,0.00045299369434311334,0.00045299369434311334,4.101840019226074,0.7442538738250732
4,128,22,23,0.0006698425875286239,0.0006698425875286239,1.5261668761571248,0.7453474998474121
4,128,22,24,0.00033982268977145825,0.00033982268977145825,1.949400782585144,0.7554588317871094
4,128,22,25,0.0004025530465274875,0.0004025530465274875,1.5277629693349202,0.7438020706176758
4,128,22,26,0.0003391146811701414,0.0003391146811701414,4.5281901359558105,0.7452034950256348
4,128,22,27,0.0005463625736271336,0.0005463625736271336,1.2304624716440837,0.7435896396636963
4,128,22,28,0.0002874905278681052,0.0002874905278681052,1.5158618291219075,0.7434701919555664
4,128,22,29,0.0003517161260728456,0.0003517161260728456,1.9425239562988281,0.7439734935760498
4,128,22,30,0.00033296707062118234,0.00033296707062118234,2.159747838973999,0.7435264587402344
4,128,22,31,0.0003727905723388216,0.0003727905723388216,2.8169919649759927,0.7570483684539795
4,128,22,32,0.00029317688391839185,0.00029317688391839185,2.362674872080485,0.7549684047698975
4,128,22,33,0.0002989669764497079,0.0002989669764497079,1.4290776252746582,0.7528402805328369
4,128,22,34,0.0003139834498173265,0.0003139834498173265,1.7730452219645183,0.7513923645019531
4,128,22,35,0.00033436710523201144,0.00033436710523201144,1.7620211044947307,0.7547225952148438
4,128,22,36,0.00032329911081299803,0.00032329911081299803,1.4751811424891155,0.7452590465545654
4,128,22,37,0.00023464008657158466,0.00023464008657158466,1.6304091612497966,0.7482349872589111
4,128,33,1,0.07318050086554799,0.07318050086554799,7.90620756149292,0.7460718154907227
4,128,33,2,0.003889565661543286,0.003889565661543286,4.826386133829753,0.746790885925293
4,128,33,3,0.002369713271429376,0.002369713271429376,4.223009665807088,0.7480783462524414
4,128,33,4,0.001784628704755644,0.001784628704755644,4.8438364664713545,0.749434232711792
4,128,33,5,0.0015864777481803768,0.0015864777481803768,4.521035353342692,0.74967360496521
4,128,33,6,0.0014875402400610909,0.0014875402400610909,4.110191106796265,0.7518136501312256
4,128,33,7,0.0011813198507788574,0.0011813198507788574,4.905316193898519,0.7506434917449951
4,128,33,8,0.0011634604006528252,0.0011634604006528252,3.035083293914795,0.7513465881347656
4,128,33,9,0.0008763023318951454,0.0008763023318951454,2.5299038092295327,0.7548367977142334
4,128,33,10,0.0008479478390310996,0.0008479478390310996,6.034816265106201,0.7518975734710693
4,128,33,11,0.0008229747851686254,0.0008229747851686254,2.9710182348887124,0.7527389526367188
4,128,33,12,0.0007584655483327508,0.0007584655483327508,2.8818793296813965,0.7530350685119629
4,128,33,13,0.0007412084899520781,0.0007412084899520781,2.4913204511006675,0.7451770305633545
4,128,33,14,0.0006140869204907067,0.0006140869204907067,3.4352853298187256,0.7453746795654297
4,128,33,15,0.0006813181859765416,0.0006813181859765416,2.1330041885375977,0.7455742359161377
4,128,33,16,0.0005462066933517006,0.0005462066933517006,2.053652207056681,0.746171236038208
4,128,33,17,0.0005745986308396007,0.0005745986308396007,1.9232314825057983,0.7473938465118408
4,128,33,18,0.0005000972582475309,0.0005000972582475309,3.899303674697876,0.7480227947235107
4,128,33,19,0.0006691372957428867,0.0006691372957428867,2.271392583847046,0.7466006278991699
4,128,33,20,0.000473131744961983,0.000473131744961983,1.4887279272079468,0.7499198913574219
4,128,33,21,0.00047899254540890036,0.00047899254540890036,2.052123467127482,0.7514197826385498
4,128,33,22,0.00039667057213472134,0.00039667057213472134,2.2590602238972983,0.7574806213378906
4,128,33,23,0.0004167651700368774,0.0004167651700368774,1.9667715628941853,0.7555117607116699
4,128,33,24,0.0006402482832844792,0.0006402482832844792,1.5799845854441326,0.7554638385772705
4,128,33,25,0.0003257229990262262,0.0003257229990262262,1.5315850178400676,0.7464950084686279
4,128,33,26,0.0003431317555772307,0.0003431317555772307,1.8144786755243938,0.7461585998535156
4,128,33,27,0.00038520265708270705,0.00038520265708270705,3.1318076451619468,0.7498950958251953
4,128,33,28,0.0003439719568316481,0.0003439719568316481,2.870071013768514,0.7591817378997803
4,128,33,29,0.0004427981667622451,0.0004427981667622451,2.3151933352152505,0.747391939163208
4,128,33,30,0.00040342835940614585,0.00040342835940614585,1.666548768679301,0.7510082721710205
5,51,11,1,0.1986813049744938,0.1986813049744938,21.37491226196289,0.8165574073791504
5,51,11,2,0.03556197030864508,0.03556197030864508,16.772106170654297,0.7516825199127197
5,51,11,3,0.025733725581046762,0.025733725581046762,14.837481816609701,0.7501697540283203
5,51,11,4,0.02125703912407209,0.02125703912407209,13.771768569946289,0.7502779960632324
5,51,11,5,0.01907246301740112,0.01907246301740112,12.960654258728027,0.7610149383544922
5,51,11,6,0.017584542913473403,0.017584542913473403,12.406975110371908,0.790565013885498
5,51,11,7,0.016323034298476695,0.016323034298476695,13.355709711710611,0.7574272155761719
5,51,11,8,0.015765615136035725,0.015765615136035725,11.993767738342285,0.7496049404144287
5,51,11,9,0.015026181356500317,0.015026181356500317,13.1841459274292,0.7487654685974121
5,51,11,10,0.014825557259108797,0.014825557259108797,11.202381451924643,0.7491445541381836
5,51,11,11,0.014306144367915807,0.014306144367915807,11.311981836954752,0.752025842666626
5,51,11,12,0.0141370643550123,0.0141370643550123,11.398411750793457,0.7539432048797607
5,51,11,13,0.013979442558707731,0.013979442558707731,11.26684824625651,0.7525835037231445
5,51,11,14,0.01354770100249952,0.01354770100249952,11.857619603474935,0.7543740272521973
5,51,11,15,0.013376797274963943,0.013376797274963943,10.877717018127441,0.7536005973815918
5,51,11,16,0.013256871809917718,0.013256871809917718,11.126530647277832,0.7553455829620361
5,51,11,17,0.01313679037224008,0.01313679037224008,11.748098055521647,0.7552824020385742
5,51,11,18,0.012964827727082353,0.012964827727082353,10.927663167317709,0.7472007274627686
5,51,11,19,0.013030151221346086,0.013030151221346086,10.911146481831869,0.7655954360961914
5,51,11,20,0.012742979498271714,0.012742979498271714,13.000372568766275,0.7496027946472168
5,51,11,21,0.012622732397736303,0.012622732397736303,10.7896146774292,0.7487590312957764
5,51,11,22,0.012591807315101391,0.012591807315101391,10.943477630615234,0.7486159801483154
5,51,11,23,0.012390230638160069,0.012390230638160069,10.86120891571045,0.747241735458374
5,51,11,24,0.012423112492743164,0.012423112492743164,11.14531421661377,0.7544777393341064
5,51,11,25,0.012401986281257986,0.012401986281257986,10.974346796671549,0.7516741752624512
5,51,11,26,0.012242504779483802,0.012242504779483802,11.534561475118002,0.7538464069366455
5,51,11,27,0.01227499611925531,0.01227499611925531,10.953317960103353,0.7559463977813721
5,51,11,28,0.012053327399016118,0.012053327399016118,10.366435050964355,0.7564637660980225
5,51,11,29,0.01205655920322343,0.01205655920322343,10.174185752868652,0.7549467086791992
5,51,11,30,0.012008829524166981,0.012008829524166981,11.197362581888834,0.7544839382171631
5,51,11,31,0.011983087716550128,0.011983087716550128,11.065251986185709,0.7567799091339111
5,51,11,32,0.011913465834777827,0.011913465834777827,10.58597469329834,0.7546060085296631
5,51,11,33,0.011906684470356794,0.011906684470356794,10.766499201456705,0.7549104690551758
5,51,11,34,0.011873895791976015,0.011873895791976015,10.942111015319824,0.7583394050598145
5,51,11,35,0.011739384694431988,0.011739384694431988,10.380284309387207,0.7551746368408203
5,51,11,36,0.011686265282024513,0.011686265282024513,10.226299603780111,0.7575960159301758
5,51,11,37,0.01168558614587547,0.01168558614587547,10.670429865519205,0.756178617477417
5,51,11,38,0.011684643244216626,0.011684643244216626,10.303841590881348,0.7573137283325195
5,51,11,39,0.011480029485811363,0.011480029485811363,10.232828140258789,0.7559771537780762
5,51,22,1,0.19160552282157717,0.19160552282157717,20.788740158081055,0.7521274089813232
5,51,22,2,0.033963920778305026,0.033963920778305026,16.514395713806152,0.7493143081665039
5,51,22,3,0.024793715641790667,0.024793715641790667,14.248248418172201,0.7488093376159668
5,51,22,4,0.020678303998568102,0.020678303998568102,13.360690116882324,0.7509427070617676
5,51,22,5,0.018588328356268686,0.018588328356268686,14.489574750264486,0.7512946128845215
5,51,22,6,0.017166297290696214,0.017166297290696214,12.696061770121256,0.7524516582489014
5,51,22,7,0.016329444274121266,0.016329444274121266,11.992621103922525,0.7531318664550781
5,51,22,8,0.015480986565801729,0.015480986565801729,12.865903536478678,0.7538604736328125
5,51,22,9,0.014979814655696418,0.014979814655696418,11.515755653381348,0.7503242492675781
5,51,22,10,0.014644016021406216,0.014644016021406216,11.343278884887695,0.7516086101531982
5,51,22,11,0.014345434000900645,0.014345434000900645,11.858928680419922,0.7513113021850586
5,51,22,12,0.01400727106548155,0.01400727106548155,11.493950208028158,0.7542643547058105
5,51,22,13,0.013866346656338664,0.013866346656338664,11.124088605244955,0.7463588714599609
5,51,22,14,0.013549273414999887,0.013549273414999887,11.485343297322592,0.7474997043609619
5,51,22,15,0.013460559953182984,0.013460559953182984,11.09069538116455,0.7481639385223389
5,51,22,16,0.013120223872906326,0.013120223872906326,11.189576466878256,0.750560998916626
5,51,22,17,0.013132264847645153,0.013132264847645153,10.848785400390625,0.7502760887145996
5,51,22,18,0.01291742852568281,0.01291742852568281,10.54265054066976,0.7588083744049072
5,51,22,19,0.012850861403542194,0.012850861403542194,10.992375691731771,0.7562663555145264
5,51,22,20,0.012676539955759384,0.012676539955759384,11.118758201599121,0.7480940818786621
5,51,22,21,0.012606785682011519,0.012606785682011519,10.713392893473307,0.7494609355926514
5,51,22,22,0.012498302688199212,0.012498302688199212,10.423307100931803,0.7556185722351074
5,51,22,23,0.012421567471765772,0.012421567471765772,10.889957427978516,0.7494635581970215
5,51,22,24,0.012413831753039499,0.012413831753039499,10.450934410095215,0.7586328983306885
5,51,22,25,0.012263095840528015,0.012263095840528015,10.961699803670248,0.7551596164703369
5,51,22,26,0.01222511276522565,0.01222511276522565,10.585722923278809,0.7583606243133545
5,51,22,27,0.012200945068539323,0.012200945068539323,10.442524592081705,0.7571794986724854
5,51,22,28,0.012139772323256248,0.012139772323256248,10.33200486501058,0.7563662528991699
5,51,22,29,0.012007640169729904,0.012007640169729904,10.457418441772461,0.7559995651245117
5,51,22,30,0.012008386476748678,0.012008386476748678,10.145565350850424,0.7590851783752441
5,51,22,31,0.011962677112361108,0.011962677112361108,11.04421329498291,0.7582862377166748
5,51,22,32,0.011858959356939654,0.011858959356939654,10.616804122924805,0.7473649978637695
5,51,22,33,0.011819907344587838,0.011819907344587838,10.324024200439453,0.7473700046539307
5,51,22,34,0.011797144037628214,0.011797144037628214,10.452778180440268,0.747948408126831
5,51,22,35,0.011760402713680257,0.011760402713680257,10.772355397542318,0.7476577758789062
5,51,22,36,0.011687566971079453,0.011687566971079453,10.254382133483887,0.7517392635345459
5,51,22,37,0.011632796028468586,0.011632796028468586,10.39855162302653,0.7492177486419678
5,51,22,38,0.011618447459968954,0.011618447459968954,10.18671449025472,0.7499866485595703
5,51,22,39,0.011593167486582075,0.011593167486582075,10.215723991394043,0.7490136623382568
5,51,22,40,0.011621375187355655,0.011621375187355655,10.128887812296549,0.7518420219421387
5,51,22,41,0.011550044082721929,0.011550044082721929,10.676567395528158,0.750800371170044
5,51,22,42,0.011502374763853403,0.011502374763853403,10.335696538289389,0.7506208419799805
5,51,22,43,0.01144857395483514,0.01144857395483514,10.510886828104654,0.7510843276977539
5,51,22,44,0.011416486457502161,0.011416486457502161,10.344592094421387,0.7530553340911865
5,51,22,45,0.011380029419770107,0.011380029419770107,10.142185846964518,0.756340503692627
5,51,22,46,0.011333812273335674,0.011333812273335674,10.328020095825195,0.7591652870178223
5,51,22,47,0.01135602790634117,0.01135602790634117,10.263992627461752,0.7579164505004883
5,51,22,48,0.011259614240180776,0.011259614240180776,10.092024485270182,0.7528760433197021
5,51,22,49,0.011240678433088326,0.011240678433088326,9.96573257446289,0.7527291774749756
5,51,22,50,0.011230081574226551,0.011230081574226551,10.334303538004557,0.7513940334320068
5,51,22,51,0.011214722257064323,0.011214722257064323,10.418433825174967,0.7496275901794434
5,51,22,52,0.011254910428989802,0.011254910428989802,10.257871627807617,0.7523434162139893
5,51,22,53,0.011143698141176179,0.011143698141176179,10.093189557393393,0.7549374103546143
5,51,22,54,0.011138994226676245,0.011138994226676245,10.24971071879069,0.7593657970428467
5,51,22,55,0.011080170078789014,0.011080170078789014,10.343426068623861,0.7557048797607422
5,51,22,56,0.011133215476493567,0.011133215476493567,10.159496943155924,0.7569565773010254
5,51,22,57,0.011094740068459797,0.011094740068459797,10.043899218241373,0.7556545734405518
5,51,22,58,0.011025796484029451,0.011025796484029451,10.075998306274414,0.7548835277557373
5,51,22,59,0.011042501763533184,0.011042501763533184,10.029284159342447,0.7568864822387695
5,51,33,1,0.21389760690068962,0.21389760690068962,21.593734741210938,0.7476687431335449
5,51,33,2,0.03596541911844682,0.03596541911844682,16.85104783376058,0.7493929862976074
5,51,33,3,0.025788443196959644,0.025788443196959644,14.845800717671713,0.7509007453918457
5,51,33,4,0.02144096224161716,0.02144096224161716,13.503039042154947,0.7575638294219971
5,51,33,5,0.018792060891548727,0.018792060891548727,13.701035499572754,0.7502579689025879
5,51,33,6,0.017375362711644034,0.017375362711644034,12.392406463623047,0.7512636184692383
5,51,33,7,0.016419849904340426,0.016419849904340426,12.211385409037272,0.7491354942321777
5,51,33,8,0.015601699311434236,0.015601699311434236,12.699028015136719,0.7498745918273926
5,51,33,9,0.015125438783761878,0.015125438783761878,11.406113624572754,0.7499840259552002
5,51,33,10,0.014667847500620595,0.014667847500620595,11.80959447224935,0.7504458427429199
5,51,33,11,0.014193470716254403,0.014193470716254403,11.881760597229004,0.7523999214172363
5,51,33,12,0.014003110330224975,0.014003110330224975,11.020433108011881,0.7519149780273438
5,51,33,13,0.013861761538663397,0.013861761538663397,11.061554272969564,0.7523391246795654
5,51,33,14,0.013575714164018779,0.013575714164018779,11.028093338012695,0.7542481422424316
5,51,33,15,0.013360397089951185,0.013360397089951185,12.560185114542643,0.7532851696014404
5,51,33,16,0.013259615150082931,0.013259615150082931,11.357360204060873,0.7559859752655029
5,51,33,17,0.013166978300721785,0.013166978300721785,10.59382184346517,0.7476382255554199
5,51,33,18,0.01304522606494855,0.01304522606494855,10.981682459513346,0.7491536140441895
5,51,33,19,0.01284621008409693,0.01284621008409693,11.568499565124512,0.7635602951049805
5,51,33,20,0.01277039670046197,0.01277039670046197,11.076432863871256,0.7523345947265625
5,51,33,21,0.012654568292262242,0.012654568292262242,10.997964859008789,0.7549710273742676
5,51,33,22,0.012520868859303166,0.012520868859303166,11.662403106689453,0.7602102756500244
5,51,33,23,0.01248925797400737,0.01248925797400737,10.637108167012533,0.7597365379333496
5,51,33,24,0.012452936496906328,0.012452936496906328,10.522594451904297,0.7598037719726562
5,51,33,25,0.012315044689164898,0.012315044689164898,10.633466402689615,0.7567331790924072
5,51,33,26,0.01229288334964423,0.01229288334964423,10.447933832804361,0.7601189613342285
5,51,33,27,0.012100481816771015,0.012100481816771015,11.097635904947916,0.7579879760742188
5,51,33,28,0.012032955055377933,0.012032955055377933,10.542500495910645,0.7557313442230225
5,51,33,29,0.01213948801236955,0.01213948801236955,10.623442649841309,0.759162425994873
5,51,33,30,0.0119154987215305,0.0119154987215305,10.497767130533854,0.7480406761169434
5,51,33,31,0.011860160410731093,0.011860160410731093,10.50675106048584,0.7478013038635254
5,51,33,32,0.011927757515504166,0.011927757515504166,10.378901799519857,0.7506430149078369
5,51,33,33,0.011734531227875477,0.011734531227875477,10.658787409464518,0.7494063377380371
5,51,33,34,0.011793252854725185,0.011793252854725185,10.369656244913736,0.7514512538909912
5,51,33,35,0.011735458141316147,0.011735458141316147,10.249094009399414,0.7511858940124512
5,51,33,36,0.011643490313077407,0.011643490313077407,10.734590212504068,0.7531204223632812
5,51,33,37,0.011632399538698428,0.011632399538698428,10.392108917236328,0.7522530555725098
5,51,33,38,0.011584676712726718,0.011584676712726718,10.334000587463379,0.754356861114502
5,51,33,39,0.011537923863842245,0.011537923863842245,10.302509625752768,0.7550740242004395
5,51,33,40,0.01147754135887009,0.01147754135887009,10.15773868560791,0.7540726661682129
5,51,33,41,0.011435234141289349,0.011435234141289349,10.16666316986084,0.753953218460083
5,51,33,42,0.011352050138964311,0.011352050138964311,10.158461252848307,0.7629115581512451
5,51,33,43,0.011418784145167135,0.011418784145167135,10.132124582926432,0.76031494140625
5,51,33,44,0.011300601184658015,0.011300601184658015,10.425838470458984,0.7502546310424805
5,51,33,45,0.011357866222230064,0.011357866222230064,10.163013776143393,0.7489714622497559
5,51,33,46,0.011286004869705251,0.011286004869705251,10.259270668029785,0.7523798942565918
5,51,33,47,0.011196514569987721,0.011196514569987721,10.464093526204428,0.7508993148803711
5,51,33,48,0.011184073801133905,0.011184073801133905,10.419251441955566,0.7505903244018555
5,51,33,49,0.011189787369529833,0.011189787369529833,10.362338383992514,0.7490546703338623
5,51,33,50,0.011175536480423878,0.011175536480423878,10.141141891479492,0.7490043640136719
5,51,33,51,0.011118480537876192,0.011118480537876192,10.160943667093912,0.7509720325469971
5,51,33,52,0.011044097776734424,0.011044097776734424,10.822303771972656,0.7577872276306152
5,51,33,53,0.011112654940934469,0.011112654940934469,10.056996663411459,0.7626492977142334
5,51,33,54,0.01104362317845102,0.01104362317845102,10.107491811116537,0.7634384632110596
5,51,33,55,0.010977831292922133,0.010977831292922133,10.14729118347168,0.7615082263946533
5,51,33,56,0.010944320422455373,0.010944320422455373,10.00640074412028,0.763439416885376
5,51,33,57,0.010989031517748653,0.010989031517748653,10.035975774129232,0.7515735626220703
5,51,33,58,0.010894525008251435,0.010894525008251435,10.071869532267252,0.7539036273956299
5,51,33,59,0.010908304527864501,0.010908304527864501,10.243634223937988,0.755418062210083
5,51,33,60,0.010922386255485332,0.010922386255485332,10.062946001688639,0.7569921016693115
5,51,33,61,0.010873583969598427,0.010873583969598427,10.109333992004395,0.7502405643463135
5,51,33,62,0.010777865128671836,0.010777865128671836,10.091259320576986,0.7509732246398926
5,51,33,63,0.010781775931796885,0.010781775931796885,9.939739545186361,0.7503728866577148
5,51,33,64,0.010755082882249987,0.010755082882249987,9.942099571228027,0.7518777847290039
5,51,33,65,0.010780706898377136,0.010780706898377136,10.02549966176351,0.7500765323638916
5,51,33,66,0.010774290822878086,0.010774290822878086,9.953123092651367,0.750091552734375
5,51,33,67,0.010742242596827645,0.010742242596827645,10.098653793334961,0.7505068778991699
5,51,33,68,0.010768004243619839,0.010768004243619839,10.08838971455892,0.7517566680908203
5,51,33,69,0.010684330529064581,0.010684330529064581,10.188881238301596,0.7518854141235352
5,51,33,70,0.010705214810236943,0.010705214810236943,9.920934677124023,0.754755973815918
5,51,33,71,0.010670994113921034,0.010670994113921034,10.092803319295248,0.7622635364532471
5,51,33,72,0.010703921869292312,0.010703921869292312,9.761481602986654,0.7612435817718506
5,51,33,73,0.010663088906050616,0.010663088906050616,10.176636377970377,0.7604107856750488
5,51,33,74,0.010633614991285794,0.010633614991285794,10.083066940307617,0.7587118148803711
5,51,33,75,0.010586217927764978,0.010586217927764978,10.031383196512857,0.7625706195831299
5,51,33,76,0.010658970246066815,0.010658970246066815,10.15104866027832,0.7622184753417969
5,51,33,77,0.010623710178338385,0.010623710178338385,10.004335085550943,0.7512850761413574
5,51,33,78,0.010558943513207237,0.010558943513207237,9.969818115234375,0.7540454864501953
5,51,33,79,0.010603596419342701,0.010603596419342701,10.194317817687988,0.7585346698760986
5,51,33,80,0.010590243138625773,0.010590243138625773,9.8717892964681,0.7605643272399902
5,51,33,81,0.010553714842381363,0.010553714842381363,10.07901922861735,0.7588222026824951
5,51,33,82,0.01055041997036619,0.01055041997036619,9.941819826761881,0.7598066329956055
5,77,11,1,0.12849666698780282,0.12849666698780282,12.925045013427734,0.7742726802825928
5,77,11,2,0.011459254714450645,0.011459254714450645,8.75597333908081,0.7550220489501953
5,77,11,3,0.006105562627303186,0.006105562627303186,7.756778717041016,0.7590255737304688
5,77,11,4,0.004284684238292351,0.004284684238292351,6.235562165578206,0.7595322132110596
5,77,11,5,0.0035787234840288585,0.0035787234840288585,6.060234705607097,0.7616870403289795
5,77,11,6,0.0030083824411676024,0.0030083824411676024,5.704853852589925,0.766779899597168
5,77,11,7,0.0027098821954869524,0.0027098821954869524,5.602215766906738,0.764690637588501
5,77,11,8,0.002429642711090701,0.002429642711090701,5.5132819811503095,0.7643313407897949
5,77,11,9,0.002357606280329853,0.002357606280329853,5.751308917999268,0.7654900550842285
5,77,11,10,0.0020855255698668,0.0020855255698668,4.173097848892212,0.7686288356781006
5,77,11,11,0.0019399207939211872,0.0019399207939211872,4.754885673522949,0.769045352935791
5,77,11,12,0.001861487162940895,0.001861487162940895,4.325024366378784,0.7585875988006592
5,77,11,13,0.0017289058473007445,0.0017289058473007445,4.539596478144328,0.7571382522583008
5,77,11,14,0.0017401211725822372,0.0017401211725822372,4.445025364557902,0.7577230930328369
5,77,11,15,0.0015747090240721497,0.0015747090240721497,3.3269150257110596,0.7579550743103027
5,77,11,16,0.0015354409981757982,0.0015354409981757982,3.7605947653452554,0.7575488090515137
5,77,11,17,0.0015321167815971614,0.0015321167815971614,3.842350165049235,0.7570080757141113
5,77,11,18,0.0014267111123294342,0.0014267111123294342,3.7505693435668945,0.7534661293029785
5,77,11,19,0.0013678293628541025,0.0013678293628541025,3.5517872174580893,0.7579460144042969
5,77,11,20,0.0013299723745968243,0.0013299723745968243,5.808826128641765,0.7567143440246582
5,77,11,21,0.001315650917760818,0.001315650917760818,3.2884294986724854,0.7735543251037598
5,77,11,22,0.0012511745660368427,0.0012511745660368427,3.397010008494059,0.7592775821685791
5,77,11,23,0.001203327095105208,0.001203327095105208,3.384744564692179,0.7595455646514893
5,77,11,24,0.0011717893230645542,0.0011717893230645542,3.485779126485189,0.7581691741943359
5,77,11,25,0.0011597213737006664,0.0011597213737006664,4.247377792994182,0.7575504779815674
5,77,11,26,0.0011161678774815843,0.0011161678774815843,3.9733572800954184,0.7606546878814697
5,77,11,27,0.001161408257252068,0.001161408257252068,3.58607816696167,0.7618110179901123
5,77,11,28,0.0010594319960214999,0.0010594319960214999,2.7143603960673013,0.7638847827911377
5,77,11,29,0.0010666119966683725,0.0010666119966683725,3.192915995915731,0.7707955837249756
5,77,11,30,0.0010580442001521186,0.0010580442001521186,3.0531270503997803,0.7579772472381592
5,77,11,31,0.0010031383539147564,0.0010031383539147564,3.2393798828125,0.7730517387390137
5,77,11,32,0.0010312911009224014,0.0010312911009224014,3.564828872680664,0.7577729225158691
5,77,11,33,0.0010109377990435155,0.0010109377990435155,3.076190153757731,0.7600314617156982
5,77,11,34,0.0009449110603474993,0.0009449110603474993,3.211679220199585,0.8049018383026123
5,77,11,35,0.0009400170593829332,0.0009400170593829332,2.829313357671102,0.8047263622283936
5,77,11,36,0.0008953409129715161,0.0008953409129715161,2.652598778406779,0.8115396499633789
5,77,11,37,0.0009420908956105407,0.0009420908956105407,3.190962235132853,0.8097302913665771
5,77,11,38,0.0009045965395870138,0.0009045965395870138,2.6845316886901855,0.8119096755981445
5,77,11,39,0.0008933549449664991,0.0008933549449664991,2.900696277618408,0.8112006187438965
5,77,11,40,0.000863600415019596,0.000863600415019596,2.740981419881185,0.7615807056427002
5,77,11,41,0.0008833435336023797,0.0008833435336023797,2.488044261932373,0.8005259037017822
5,77,11,42,0.0008537258681766411,0.0008537258681766411,2.9672454992930093,0.8031902313232422
5,77,11,43,0.0008393827006540767,0.0008393827006540767,2.7768741448720298,0.7607033252716064
5,77,11,44,0.000822190498165703,0.000822190498165703,2.6157809098561606,0.7615921497344971
5,77,11,45,0.0007832458212224624,0.0007832458212224624,3.1685418287913003,0.7623119354248047
5,77,11,46,0.0008234077275673618,0.0008234077275673618,2.7574190298716226,0.7960116863250732
5,77,11,47,0.0008353553087406619,0.0008353553087406619,2.6552648544311523,0.7988669872283936
5,77,11,48,0.0007947530448652606,0.0007947530448652606,2.6634485721588135,0.799440860748291
5,77,11,49,0.0007577182041131891,0.0007577182041131891,2.5585478146870932,0.7895097732543945
5,77,11,50,0.0007743586220204929,0.0007743586220204929,2.563133478164673,0.7577090263366699
5,77,11,51,0.0007569054496283365,0.0007569054496283365,2.9143154621124268,0.7578260898590088
5,77,22,1,0.12196998988950489,0.12196998988950489,12.928206443786621,0.7721502780914307
5,77,22,2,0.011256605192451485,0.011256605192451485,8.408953348795572,0.7707836627960205
5,77,22,3,0.006026386764418606,0.006026386764418606,6.88285764058431,0.7691354751586914
5,77,22,4,0.004352580585566331,0.004352580585566331,6.000600496927897,0.7564535140991211
5,77,22,5,0.003473821391786344,0.003473821391786344,5.579532146453857,0.7601656913757324
5,77,22,6,0.0030523620922479236,0.0030523620922479236,5.6302750905354815,0.7607557773590088
5,77,22,7,0.0026679138900844736,0.0026679138900844736,4.598559538523356,0.7609653472900391
5,77,22,8,0.0023798722745264752,0.0023798722745264752,4.655174732208252,0.7734344005584717
5,77,22,9,0.002307249237559674,0.002307249237559674,4.222408374150594,0.7956550121307373
5,77,22,10,0.0020657570156444554,0.0020657570156444554,4.042009751001994,0.7989306449890137
5,77,22,11,0.0019650456520832076,0.0019650456520832076,4.02056900660197,0.765714168548584
5,77,22,12,0.001904550401184751,0.001904550401184751,3.8740104039510093,0.8001809120178223
5,77,22,13,0.0017225689299802437,0.0017225689299802437,3.8270864486694336,0.802086591720581
5,77,22,14,0.0017763988268314954,0.0017763988268314954,3.4080159664154053,0.8017878532409668
5,77,22,15,0.0016042540805485247,0.0016042540805485247,3.944291273752848,0.8074896335601807
5,77,22,16,0.0014880878068483589,0.0014880878068483589,3.658057769139608,0.8109300136566162
5,77,22,17,0.0014632355813237697,0.0014632355813237697,3.287729819615682,0.8094749450683594
5,77,22,18,0.0013976792950608724,0.0013976792950608724,3.499262015024821,0.8098549842834473
5,77,22,19,0.001388826362872712,0.001388826362872712,3.7872926394144693,0.7966916561126709
5,77,22,20,0.0012947099172704488,0.0012947099172704488,3.652600049972534,0.7995443344116211
5,77,22,21,0.0012762643034887557,0.0012762643034887557,3.6288397312164307,0.8029689788818359
5,77,22,22,0.0012198172814007664,0.0012198172814007664,3.2601547241210938,0.8055622577667236
5,77,22,23,0.001202340059993104,0.001202340059993104,3.5589750607808432,0.8037772178649902
5,77,22,24,0.0011895356839754009,0.0011895356839754009,3.6301549275716147,0.8068568706512451
5,77,22,25,0.0011496021685426414,0.0011496021685426414,3.6374576091766357,0.8046729564666748
5,77,22,26,0.0010852814775957904,0.0010852814775957904,3.1306471824645996,0.8037574291229248
5,77,22,27,0.0011141101041591314,0.0011141101041591314,3.294612089792887,0.7962706089019775
5,77,22,28,0.0011157639064850742,0.0011157639064850742,3.0801254908243814,0.7966594696044922
5,77,22,29,0.0010102905929285188,0.0010102905929285188,3.378132184346517,0.794797420501709
5,77,22,30,0.0010249389374350345,0.0010249389374350345,2.9881065686543784,0.7960381507873535
5,77,22,31,0.000997039514070682,0.000997039514070682,3.2084171772003174,0.7982163429260254
5,77,22,32,0.0010199501050118856,0.0010199501050118856,3.0180965264638266,0.8034203052520752
5,77,22,33,0.0009872791337486146,0.0009872791337486146,2.796422084172567,0.8009357452392578
5,77,22,34,0.00092349855655408,0.00092349855655408,2.7356507778167725,0.8044347763061523
5,77,22,35,0.0009496836708735256,0.0009496836708735256,3.136572996775309,0.7926247119903564
5,77,22,36,0.0009445962633429533,0.0009445962633429533,2.9167513847351074,0.7541000843048096
5,77,22,37,0.0009048390427248904,0.0009048390427248904,3.019995133082072,0.7557556629180908
5,77,22,38,0.0008870192700518999,0.0008870192700518999,2.8695135911305747,0.7671802043914795
5,77,22,39,0.0008533011938523138,0.0008533011938523138,2.7435264587402344,0.7660605907440186
5,77,22,40,0.0008862540734907156,0.0008862540734907156,2.5933560530344644,0.7535557746887207
5,77,22,41,0.000863612842017905,0.000863612842017905,3.0095523993174234,0.7556576728820801
5,77,22,42,0.0008401043239625523,0.0008401043239625523,2.6306138038635254,0.7563731670379639
5,77,22,43,0.0008392034538725502,0.0008392034538725502,2.853083372116089,0.7582340240478516
5,77,22,44,0.0008603182085674095,0.0008603182085674095,2.5944921175638833,0.761162519454956
5,77,22,45,0.0008163036147247389,0.0008163036147247389,2.558066447575887,0.7619583606719971
5,77,22,46,0.0007897343693550874,0.0007897343693550874,2.768981138865153,0.7634387016296387
5,77,22,47,0.0007859040045434616,0.0007859040045434616,2.659853458404541,0.7626874446868896
5,77,22,48,0.0008172682263955492,0.0008172682263955492,3.111659208933512,0.7796523571014404
5,77,22,49,0.0007842443099928502,0.0007842443099928502,2.546374479929606,0.7917490005493164
5,77,22,50,0.0007545572232581453,0.0007545572232581453,2.91664719581604,0.7539181709289551
5,77,22,51,0.0007814464855296167,0.0007814464855296167,2.8021408716837564,0.7546815872192383
5,77,22,52,0.0007571309989658246,0.0007571309989658246,2.7485387325286865,0.7562587261199951
5,77,22,53,0.0007702944397815312,0.0007702944397815312,2.527702569961548,0.7547276020050049
5,77,22,54,0.0007821429924733339,0.0007821429924733339,2.598719676335653,0.7536628246307373
5,77,22,55,0.0007028019484861087,0.0007028019484861087,2.6500630378723145,0.7541372776031494
5,77,22,56,0.000736725923589073,0.000736725923589073,2.9698139826456704,0.7573487758636475
5,77,22,57,0.0007575672303537672,0.0007575672303537672,2.218544840812683,0.767371654510498
5,77,22,58,0.0006803055559840078,0.0006803055559840078,2.5798348585764566,0.7535560131072998
5,77,22,59,0.0007289531832003491,0.0007289531832003491,2.5660608609517417,0.754136323928833
5,77,22,60,0.0006953092212542052,0.0006953092212542052,2.446350653966268,0.7536017894744873
5,77,22,61,0.0006849982361644599,0.0006849982361644599,2.5733492374420166,0.7685108184814453
5,77,22,62,0.0006740280434844664,0.0006740280434844664,2.2814653714497886,0.7967548370361328
5,77,22,63,0.0006766429894996209,0.0006766429894996209,2.3916544914245605,0.7674496173858643
5,77,22,64,0.0006760955944411388,0.0006760955944411388,2.5272249380747476,0.7651588916778564
5,77,22,65,0.0006794446254082006,0.0006794446254082006,2.1703941027323403,0.7654244899749756
5,77,22,66,0.0006507374151588252,0.0006507374151588252,2.4050130049387612,0.767230749130249
5,77,22,67,0.0006547665236200151,0.0006547665236200151,2.3070414066314697,0.7563989162445068
5,77,22,68,0.000652141804162749,0.000652141804162749,2.2925727367401123,0.765190601348877
5,77,22,69,0.0006439086424290134,0.0006439086424290134,2.1977489391962686,0.7608766555786133
5,77,22,70,0.0006365306562295381,0.0006365306562295381,2.4144694805145264,0.7619414329528809
5,77,22,71,0.0006507315044310592,0.0006507315044310592,2.6765010356903076,0.7613775730133057
5,77,22,72,0.0006247152777605332,0.0006247152777605332,2.202391187349955,0.7546038627624512
5,77,22,73,0.00062084245494149,0.00062084245494149,2.4192946751912436,0.7536966800689697
5,77,22,74,0.0006218006888258777,0.0006218006888258777,2.4717864195505777,0.7567298412322998
5,77,22,75,0.0006230809859631179,0.0006230809859631179,2.301246960957845,0.7611610889434814
5,77,33,1,0.12865078672519978,0.12865078672519978,13.476470311482748,0.7851448059082031
5,77,33,2,0.011343328842726715,0.011343328842726715,9.197479089101156,0.7562673091888428
5,77,33,3,0.006224645172948918,0.006224645172948918,7.208956877390544,0.7564694881439209
5,77,33,4,0.00457021040843479,0.00457021040843479,6.198797861735026,0.7556858062744141
5,77,33,5,0.003597486650861109,0.003597486650861109,6.700528144836426,0.7554836273193359
5,77,33,6,0.0031614661190137636,0.0031614661190137636,4.9974110921223955,0.7553088665008545
5,77,33,7,0.0027962492213010888,0.0027962492213010888,4.939410050710042,0.7546951770782471
5,77,33,8,0.002721741010892877,0.002721741010892877,5.05581521987915,0.7554349899291992
5,77,33,9,0.0023363310928897476,0.0023363310928897476,4.128221273422241,0.7555327415466309
5,77,33,10,0.0021025903682172025,0.0021025903682172025,4.200616677602132,0.7700240612030029
5,77,33,11,0.0019687818294307773,0.0019687818294307773,4.736036459604899,0.7689962387084961
5,77,33,12,0.001895905812525357,0.001895905812525357,3.822734276453654,0.7551054954528809
5,77,33,13,0.0018492757571346146,0.0018492757571346146,3.755140463511149,0.7570865154266357
5,77,33,14,0.0017087637349101252,0.0017087637349101252,3.8356881141662598,0.7738215923309326
5,77,33,15,0.0016212445276709187,0.0016212445276709187,4.818592548370361,0.8095545768737793
5,77,33,16,0.0015424541190971269,0.0015424541190971269,3.617396831512451,0.8091616630554199
5,77,33,17,0.0015092414028214797,0.0015092414028214797,3.495115359624227,0.7671241760253906
5,77,33,18,0.0014353654714916457,0.0014353654714916457,3.676504055658976,0.7769796848297119
5,77,33,19,0.0014155490929299399,0.0014155490929299399,3.564046541849772,0.7525861263275146
5,77,33,20,0.0013145934815429127,0.0013145934815429127,3.3614768981933594,0.7577457427978516
5,77,33,21,0.0013158502947078056,0.0013158502947078056,3.32810386021932,0.7662556171417236
5,77,33,22,0.0012143753479205578,0.0012143753479205578,5.497998873392741,0.7526402473449707
5,77,33,23,0.0012402209465427398,0.0012402209465427398,3.2697807947794595,0.7599136829376221
5,77,33,24,0.0011938627091712868,0.0011938627091712868,3.134071429570516,0.7597765922546387
5,77,33,25,0.0011247761780492475,0.0011247761780492475,2.8826212088267007,0.7521932125091553
5,77,33,26,0.0011413648212058717,0.0011413648212058717,3.053081512451172,0.7526922225952148
5,77,33,27,0.0010809176804328997,0.0010809176804328997,3.2129560311635337,0.7531297206878662
5,77,33,28,0.0010778235742534721,0.0010778235742534721,3.0918545722961426,0.7550864219665527
5,77,33,29,0.0010829798698279581,0.0010829798698279581,3.150134563446045,0.752418041229248
5,77,33,30,0.0010279706082848789,0.0010279706082848789,2.9373088677724204,0.757124662399292
5,77,33,31,0.0009916976572435336,0.0009916976572435336,3.5046370029449463,0.7589750289916992
5,77,33,32,0.0010188589923855516,0.0010188589923855516,2.8334853649139404,0.7636969089508057
5,77,33,33,0.0009672220218413978,0.0009672220218413978,2.9733965396881104,0.7620680332183838
5,77,33,34,0.0009850857014974442,0.0009850857014974442,2.8847766717274985,0.7598247528076172
5,77,33,35,0.0009436230328425901,0.0009436230328425901,2.6123350461324057,0.7600717544555664
5,77,33,36,0.0009203486021959673,0.0009203486021959673,2.9823265075683594,0.7635140419006348
5,77,33,37,0.0009157837029613573,0.0009157837029613573,3.034247716267904,0.7658584117889404
5,77,33,38,0.0009081019540602613,0.0009081019540602613,3.0632804234822593,0.7653217315673828
5,77,33,39,0.000908296974395118,0.000908296974395118,2.832831303278605,0.7512404918670654
5,77,33,40,0.0008720996469588463,0.0008720996469588463,2.49198055267334,0.7511487007141113
5,77,33,41,0.000854599005544623,0.000854599005544623,2.62584122021993,0.7522304058074951
5,77,33,42,0.0008374458943190676,0.0008374458943190676,2.503450632095337,0.7557508945465088
5,77,33,43,0.0008722702900409569,0.0008722702900409569,3.255234162012736,0.7566208839416504
5,77,33,44,0.0008329634951440686,0.0008329634951440686,3.1821730931599936,0.7563755512237549
5,77,33,45,0.000843074627265732,0.000843074627265732,2.7023655573527017,0.7563667297363281
5,77,33,46,0.0007951854845637684,0.0007951854845637684,2.7337825298309326,0.756436824798584
5,77,33,47,0.000799548611519411,0.000799548611519411,3.2672318617502847,0.7559571266174316
5,77,33,48,0.0008335169971884315,0.0008335169971884315,3.0469072659810386,0.7588379383087158
5,77,33,49,0.000766863148909645,0.000766863148909645,2.6064999103546143,0.7574741840362549
5,77,33,50,0.0007940132741138666,0.0007940132741138666,2.6037779649098716,0.7688705921173096
5,128,11,1,0.07290766997083972,0.07290766997083972,7.526599089304606,0.8327813148498535
5,128,11,2,0.003923156611514987,0.003923156611514987,5.126867930094401,0.7708218097686768
5,128,11,3,0.002322399771937311,0.002322399771937311,5.58194637298584,0.7680962085723877
5,128,11,4,0.0017847883334269265,0.0017847883334269265,4.073992172876994,0.7687802314758301
5,128,11,5,0.0015193022680985403,0.0015193022680985403,3.659066359202067,0.7730863094329834
5,128,11,6,0.001373985823994003,0.001373985823994003,3.0336015224456787,0.7604210376739502
5,128,11,7,0.0012376081874587925,0.0012376081874587925,3.405313014984131,0.759227991104126
5,128,11,8,0.0009960764920279625,0.0009960764920279625,3.9503235816955566,0.7600603103637695
5,128,11,9,0.0010812039243632509,0.0010812039243632509,3.8365615208943686,0.7598893642425537
5,128,11,10,0.0008261754713907826,0.0008261754713907826,2.492659330368042,0.7619562149047852
5,128,11,11,0.000824514604350922,0.000824514604350922,2.4649744828542075,0.7602972984313965
5,128,11,12,0.0006765790023191043,0.0006765790023191043,2.495215574900309,0.7595376968383789
5,128,11,13,0.0006729310144445187,0.0006729310144445187,2.5750962098439536,0.7615835666656494
5,128,11,14,0.0006966479912393307,0.0006966479912393307,2.327488342920939,0.7624719142913818
5,128,11,15,0.0006307498476013544,0.0006307498476013544,1.8222638765970867,0.7623691558837891
5,128,11,16,0.00048780705466491033,0.00048780705466491033,2.621068795522054,0.7639870643615723
5,128,11,17,0.0006135773845450623,0.0006135773845450623,2.1985756556193032,0.7642326354980469
5,128,11,18,0.0004426377347875957,0.0004426377347875957,3.0001021226247153,0.764472246170044
5,128,11,19,0.00046879314399819315,0.00046879314399819315,2.23040771484375,0.7680985927581787
5,128,11,20,0.00048139382888380257,0.00048139382888380257,5.279783884684245,0.7690377235412598
5,128,11,21,0.0004634398014214513,0.0004634398014214513,1.8402066628138225,0.7749810218811035
5,128,11,22,0.0003945416228214297,0.0003945416228214297,2.2999863624572754,0.7725825309753418
5,128,11,23,0.00039551237046148857,0.00039551237046148857,1.9847063620885212,0.7745232582092285
5,128,11,24,0.00039386793889436064,0.00039386793889436064,2.0465429226557412,0.773792028427124
5,128,11,25,0.00037084671702967964,0.00037084671702967964,2.734952131907145,0.77398681640625
5,128,22,1,0.07212004372009712,0.07212004372009712,7.311243216196696,0.7698562145233154
5,128,22,2,0.003611002484566242,0.003611002484566242,5.010726451873779,0.770484447479248
5,128,22,3,0.002164988980138218,0.002164988980138218,4.264792283376058,0.768230676651001
5,128,22,4,0.0017896073423009922,0.0017896073423009922,3.725112040837606,0.7741129398345947
5,128,22,5,0.0014550611404709776,0.0014550611404709776,3.7186567783355713,0.7625875473022461
5,128,22,6,0.0013814471451089939,0.0013814471451089939,3.9567691485087075,0.7634153366088867
5,128,22,7,0.0011407478659206365,0.0011407478659206365,2.699188152949015,0.7627251148223877
5,128,22,8,0.000953794249388565,0.000953794249388565,3.0044055779774985,0.7657079696655273
5,128,22,9,0.0009459095688256133,0.0009459095688256133,2.776421626408895,0.7643759250640869
5,128,22,10,0.0008131268981898925,0.0008131268981898925,2.5592166582743325,0.7665915489196777
5,128,22,11,0.0007449672457188467,0.0007449672457188467,2.4134248892466226,0.7684528827667236
5,128,22,12,0.0006882378462696639,0.0006882378462696639,2.1072344382603965,0.7662017345428467
5,128,22,13,0.0006165569134492933,0.0006165569134492933,2.760624329249064,0.7686583995819092
5,128,22,14,0.0006786648082679496,0.0006786648082679496,1.8963112036387126,0.7766373157501221
5,128,22,15,0.0005898178509150906,0.0005898178509150906,2.35036834081014,0.7736051082611084
5,128,22,16,0.00045276832231397535,0.00045276832231397535,2.2264557679494223,0.7635054588317871
5,128,22,17,0.0005926338646941378,0.0005926338646941378,1.898962140083313,0.7633423805236816
5,128,22,18,0.00044372894585619074,0.00044372894585619074,2.0742075045903525,0.762836217880249
5,128,22,19,0.0006905651099795618,0.0006905651099795618,4.428311189015706,0.7637917995452881
5,128,22,20,0.00044389427491133747,0.00044389427491133747,1.6763399044672649,0.7626848220825195
5,128,22,21,0.0003331156502412678,0.0003331156502412678,1.9692676862080891,0.770453929901123
5,128,22,22,0.0003745847321709075,0.0003745847321709075,1.895133097966512,0.7662301063537598
5,128,22,23,0.00039054298986530855,0.00039054298986530855,1.8898804187774658,0.7666013240814209
5,128,22,24,0.0004403238495158815,0.0004403238495158815,1.7404838403065999,0.7662570476531982
5,128,22,25,0.00030268399774249945,0.00030268399774249945,1.8514391581217449,0.7692487239837646
5,128,22,26,0.0003941626435949271,0.0003941626435949271,1.5163681109746296,0.7671809196472168
5,128,22,27,0.0003235742409236726,0.0003235742409236726,1.8267252047856648,0.7669985294342041
5,128,22,28,0.00033906616313619667,0.00033906616313619667,1.5263969898223877,0.7665553092956543
5,128,22,29,0.00030913368909329096,0.00030913368909329096,2.753803094228109,0.7688620090484619
5,128,22,30,0.00033498908026299645,0.00033498908026299645,1.6539637645085652,0.7622082233428955
5,128,22,31,0.00026549383999025433,0.00026549383999025433,2.001458525657654,0.762448787689209
5,128,22,32,0.0002982601416813802,0.0002982601416813802,1.6050796111424763,0.763169527053833
5,128,22,33,0.0003664609984545244,0.0003664609984545244,1.2397554318110149,0.7625257968902588
5,128,22,34,0.0002577775355788111,0.0002577775355788111,1.1804536978403728,0.7630321979522705
5,128,22,35,0.00028186874782031674,0.00028186874782031674,1.403652588526408,0.7661263942718506
5,128,22,36,0.00022721643632538817,0.00022721643632538817,1.523601730664571,0.764885425567627
5,128,22,37,0.0002489652649472685,0.0002489652649472685,1.478244145711263,0.7639954090118408
5,128,22,38,0.00023300267248065596,0.00023300267248065596,1.3741960128148396,0.766230583190918
5,128,22,39,0.00023719029507489138,0.00023719029507489138,1.4460004170735676,0.7602968215942383
5,128,22,40,0.00023741911294359702,0.00023741911294359702,1.7130660216013591,0.755908727645874
5,128,22,41,0.00025499130883541296,0.00025499130883541296,2.0906092325846353,0.7564337253570557
5,128,22,42,0.00020541712966339358,0.00020541712966339358,1.3490944306055705,0.7697627544403076
5,128,22,43,0.00022068889150534762,0.00022068889150534762,1.342678149541219,0.755866289138794
5,128,22,44,0.00025373591521707833,0.00025373591521707833,1.4915718237559001,0.7593214511871338
5,128,33,1,0.07531183183390573,0.07531183183390573,7.658510843912761,0.7730257511138916
5,128,33,2,0.003805571044324928,0.003805571044324928,5.672537962595622,0.771944522857666
5,128,33,3,0.002324804560734662,0.002324804560734662,4.47213093439738,0.7709434032440186
5,128,33,4,0.0017471166307550688,0.0017471166307550688,4.059145927429199,0.7591488361358643
5,128,33,5,0.0014889644041028343,0.0014889644041028343,5.303162892659505,0.7604169845581055
5,128,33,6,0.0013669751527093177,0.0013669751527093177,3.3494228521982827,0.760662317276001
5,128,33,7,0.001118248531859698,0.001118248531859698,3.039863189061483,0.7603778839111328
5,128,33,8,0.0011297305427674382,0.0011297305427674382,3.797124147415161,0.7601385116577148
5,128,33,9,0.0009132840247386882,0.0009132840247386882,2.715626080830892,0.7602555751800537
5,128,33,10,0.0008575870060968669,0.0008575870060968669,2.56441863377889,0.760206937789917
5,128,33,11,0.0007199842879561776,0.0007199842879561776,2.96945858001709,0.7604460716247559
5,128,33,12,0.000776487854209155,0.000776487854209155,2.347049434979757,0.7621383666992188
5,128,33,13,0.0007177009993631374,0.0007177009993631374,1.947009007136027,0.7605910301208496
5,128,33,14,0.0005630821741345286,0.0005630821741345286,2.513633410135905,0.7616848945617676
5,128,33,15,0.0005961372730027675,0.0005961372730027675,2.6231347719828286,0.7634778022766113
5,128,33,16,0.000518559707512359,0.000518559707512359,1.9930628538131714,0.7722949981689453
5,128,33,17,0.0005203993307125512,0.0005203993307125512,1.9596961736679077,0.7601103782653809
5,128,33,18,0.0004418439592526985,0.0004418439592526985,2.070628801981608,0.7618424892425537
5,128,33,19,0.0005210003013934999,0.0005210003013934999,2.2973727782567344,0.7635266780853271
5,128,33,20,0.0005042428796791351,0.0005042428796791351,1.6156339248021443,0.7750320434570312
5,128,33,21,0.0004166216877513081,0.0004166216877513081,2.5636115868886313,0.7744054794311523
5,128,33,22,0.0003607910390165002,0.0003607910390165002,3.3517986138661704,0.7713656425476074
5,128,33,23,0.0004636039758158542,0.0004636039758158542,2.0804492235183716,0.7717905044555664
5,128,33,24,0.00045473575563611775,0.00045473575563611775,1.6649086872736614,0.7740519046783447
5,128,33,25,0.0003278313114612158,0.0003278313114612158,1.6159008741378784,0.7689759731292725
5,128,33,26,0.0003917884388396945,0.0003917884388396945,2.109963297843933,0.7718818187713623
5,128,33,27,0.0003119572813122299,0.0003119572813122299,1.6370491584142048,0.7687838077545166
5,128,33,28,0.0003312487502589888,0.0003312487502589888,1.5628180503845215,0.7705268859863281
5,128,33,29,0.0003581188681488394,0.0003581188681488394,2.074032187461853,0.7598235607147217
5,128,33,30,0.00031723828027113525,0.00031723828027113525,1.3685167233149211,0.7605118751525879
5,128,33,31,0.0002490595243517533,0.0002490595243517533,1.982225775718689,0.7618567943572998
5,128,33,32,0.00038541480296542743,0.00038541480296542743,1.362186868985494,0.7624900341033936
5,128,33,33,0.0002811854117813432,0.0002811854117813432,1.5807608366012573,0.7627041339874268
5,128,33,34,0.00025238554325977814,0.00025238554325977814,1.5683306852976482,0.766101598739624
5,128,33,35,0.0002764385426657919,0.0002764385426657919,1.30075204372406,0.7666456699371338
5,128,33,36,0.0002458581636666161,0.0002458581636666161,1.8414817651112874,0.7670865058898926
5,128,33,37,0.00029237978122074126,0.00029237978122074126,1.2634570201237996,0.7680649757385254
5,128,33,38,0.0002604103368180434,0.0002604103368180434,2.3961032231648765,0.7618906497955322
5,128,33,39,0.00026821160728459953,0.00026821160728459953,1.4726376136144002,0.7610969543457031
5,128,33,40,0.00025828732089918196,0.00025828732089918196,1.078862448533376,0.7613375186920166
5,128,33,41,0.0001896924249923654,0.0001896924249923654,1.160855809847514,0.7623395919799805
5,128,33,42,0.0002566988197688128,0.0002566988197688128,1.2014971176783245,0.760908842086792
5,128,33,43,0.0002194292458607499,0.0002194292458607499,1.4425985018412273,0.7627677917480469
5,128,33,44,0.00020466759498645505,0.00020466759498645505,1.6090238094329834,0.7654540538787842
5,128,33,45,0.0002873668725454304,0.0002873668725454304,1.5582343737284343,0.7659511566162109
5,128,33,46,0.0002013942463983032,0.0002013942463983032,1.289464036623637,0.7715070247650146
5,128,33,47,0.0001781568531345365,0.0001781568531345365,1.83095387617747,0.7761435508728027
5,128,33,48,0.0003340400042735015,0.0003340400042735015,2.1255139907201133,0.7744033336639404
5,128,33,49,0.00014626229172513708,0.00014626229172513708,1.1778496106465657,0.7737467288970947
5,128,33,50,0.00016474516905873315,0.00016474516905873315,1.3106075127919514,0.7728219032287598
