Fold,M,Subject,raw_start_sample,Selected_K,iterations,stop_reason,condition_2,selected_atoms
1,51,S1,320,8,8,max_iter,1.7877579263529992,"[6, 4, 7, 3, 15, 8, 10, 11]"
1,51,S1,19264,8,8,max_iter,1.7368053130781067,"[7, 5, 13, 3, 9, 12, 17, 1]"
1,51,S1,38208,8,8,max_iter,1.882073683965504,"[6, 13, 4, 7, 216, 112, 83, 172]"
1,51,S1,57280,8,8,max_iter,1.846551585865926,"[10, 13, 11, 15, 12, 100, 20, 5]"
1,51,S1,76224,8,8,max_iter,1.6987337565078655,"[9, 11, 62, 7, 183, 97, 231, 4]"
1,51,S1,95296,8,8,max_iter,1.6545087220365242,"[6, 7, 13, 10, 2, 15, 187, 9]"
1,51,S1,114240,8,8,max_iter,1.5746128863703261,"[6, 12, 11, 116, 25, 9, 193, 240]"
1,51,S1,133184,8,8,max_iter,1.731519637246471,"[14, 8, 12, 16, 5, 15, 7, 27]"
1,51,S1,152256,8,8,max_iter,1.7299346005784502,"[11, 9, 13, 17, 4, 12, 69, 230]"
1,51,S1,171200,8,8,max_iter,1.7529224288472083,"[14, 8, 3, 15, 9, 13, 30, 12]"
1,51,S1,190272,8,8,max_iter,1.8788177315895505,"[15, 7, 8, 9, 6, 14, 19, 20]"
1,51,S1,209216,8,8,max_iter,1.8027891558301739,"[11, 9, 8, 6, 14, 12, 233, 166]"
1,51,S1,228288,8,8,max_iter,1.70266442832603,"[3, 15, 11, 18, 14, 9, 10, 17]"
1,51,S1,247232,8,8,max_iter,1.491937260269683,"[7, 11, 8, 6, 100, 110, 14, 146]"
1,51,S1,266176,8,8,max_iter,1.7858163442311135,"[13, 178, 7, 87, 0, 10, 14, 15]"
1,51,S1,285248,8,8,max_iter,1.683457027441093,"[13, 11, 9, 2, 7, 138, 84, 114]"
1,51,S1,304192,8,8,max_iter,1.9253848208379167,"[9, 10, 11, 0, 20, 4, 16, 2]"
1,51,S1,323264,8,8,max_iter,1.5742062535510597,"[9, 19, 6, 10, 199, 5, 13, 69]"
1,51,S1,342208,8,8,max_iter,1.695845144056038,"[10, 8, 9, 28, 18, 27, 50, 7]"
1,51,S1,361152,8,8,max_iter,1.9113949079461652,"[5, 4, 7, 38, 8, 185, 21, 74]"
1,51,S1,380224,8,8,max_iter,1.7661284300076352,"[6, 11, 26, 4, 137, 7, 195, 3]"
1,51,S1,399168,8,8,max_iter,1.6183409271971045,"[8, 20, 4, 17, 25, 219, 2, 6]"
1,51,S1,418240,8,8,max_iter,1.8305000079868645,"[9, 12, 14, 6, 35, 216, 33, 156]"
1,51,S1,437184,8,8,max_iter,1.6713766882857901,"[21, 16, 4, 15, 18, 9, 143, 109]"
1,51,S1,456256,8,8,max_iter,1.616744162982311,"[7, 15, 14, 11, 25, 22, 29, 9]"
1,51,S1,475200,8,8,max_iter,1.8257257484170133,"[3, 13, 8, 19, 11, 4, 6, 0]"
1,51,S1,494144,8,8,max_iter,1.8253498315732657,"[13, 6, 7, 8, 11, 22, 17, 15]"
1,51,S1,513216,8,8,max_iter,1.6164373786160255,"[9, 7, 20, 14, 17, 116, 211, 26]"
1,51,S1,532160,8,8,max_iter,1.5582529464805464,"[9, 10, 8, 7, 20, 15, 119, 78]"
1,51,S1,551232,8,8,max_iter,1.5417913859352517,"[9, 8, 14, 26, 7, 246, 46, 224]"
1,51,S1,570176,8,8,max_iter,1.7381024477635594,"[10, 11, 9, 20, 8, 23, 14, 30]"
1,51,S1,589248,8,8,max_iter,1.880256877925514,"[137, 35, 167, 21, 223, 27, 131, 244]"
1,51,S2,320,8,8,max_iter,1.5595180066900847,"[4, 9, 20, 3, 2, 7, 54, 15]"
1,51,S2,17216,8,8,max_iter,1.6027284517367582,"[8, 24, 17, 33, 12, 14, 214, 112]"
1,51,S2,34112,8,8,max_iter,1.7757933839301474,"[11, 9, 10, 151, 24, 17, 142, 40]"
1,51,S2,51008,8,8,max_iter,1.7587247795382064,"[8, 17, 59, 24, 15, 164, 195, 14]"
1,51,S2,67904,8,8,max_iter,1.4910933148235674,"[9, 218, 55, 20, 157, 62, 130, 29]"
1,51,S2,84800,8,8,max_iter,1.6378854795532711,"[11, 12, 13, 25, 3, 167, 22, 142]"
1,51,S2,101824,8,8,max_iter,1.8694315742372996,"[7, 9, 11, 8, 6, 20, 12, 25]"
1,51,S2,118720,8,8,max_iter,1.8367733670843938,"[5, 9, 8, 10, 7, 3, 12, 17]"
1,51,S2,135616,8,8,max_iter,1.6484911990416538,"[8, 14, 12, 20, 31, 29, 9, 95]"
1,51,S2,152512,8,8,max_iter,1.8459582729154884,"[16, 28, 8, 7, 9, 203, 1, 163]"
1,51,S2,169408,8,8,max_iter,1.7858066039773064,"[9, 1, 16, 22, 86, 10, 24, 169]"
1,51,S2,186432,8,8,max_iter,1.8946127112616689,"[9, 7, 8, 35, 17, 16, 38, 10]"
1,51,S2,203328,8,8,max_iter,1.8510033780778,"[10, 9, 248, 13, 220, 104, 5, 143]"
1,51,S2,220224,8,8,max_iter,1.6253178866481763,"[7, 8, 6, 20, 10, 27, 17, 129]"
1,51,S2,237120,8,8,max_iter,1.9173966405413325,"[9, 21, 194, 91, 45, 97, 132, 40]"
1,51,S2,254016,8,8,max_iter,1.8264895783150656,"[5, 20, 3, 9, 19, 10, 22, 93]"
1,51,S2,271040,8,8,max_iter,2.0902805681830725,"[12, 10, 137, 254, 26, 19, 14, 8]"
1,51,S2,287936,8,8,max_iter,1.7413827403978648,"[9, 21, 32, 17, 10, 20, 14, 26]"
1,51,S2,304832,8,8,max_iter,2.0060776788516654,"[211, 112, 175, 21, 11, 80, 214, 84]"
1,51,S2,321728,8,8,max_iter,1.767746483191081,"[9, 10, 20, 11, 7, 30, 22, 3]"
1,51,S2,338624,8,8,max_iter,1.9398538438542619,"[15, 16, 7, 28, 11, 235, 208, 96]"
1,51,S2,355648,8,8,max_iter,1.694049667018638,"[10, 9, 8, 28, 30, 20, 11, 153]"
1,51,S2,372544,8,8,max_iter,1.8664859694621447,"[13, 15, 16, 93, 6, 19, 21, 25]"
1,51,S2,389440,8,8,max_iter,1.768597649604018,"[7, 13, 12, 15, 87, 183, 59, 149]"
1,51,S2,406336,8,8,max_iter,1.422546715583877,"[13, 6, 5, 163, 188, 124, 12, 237]"
1,51,S2,423232,8,8,max_iter,2.052024492282947,"[7, 17, 6, 15, 9, 84, 1, 8]"
1,51,S2,440256,8,8,max_iter,2.115105481396251,"[4, 23, 2, 31, 15, 5, 19, 188]"
1,51,S2,457152,8,8,max_iter,1.6892629307480973,"[13, 12, 65, 72, 6, 187, 23, 127]"
1,51,S2,474048,8,8,max_iter,1.690928559046088,"[9, 8, 10, 18, 27, 112, 211, 41]"
1,51,S2,490944,8,8,max_iter,1.7788408315385729,"[9, 4, 30, 142, 26, 3, 244, 60]"
1,51,S2,507840,8,8,max_iter,2.284106901159608,"[8, 196, 141, 49, 22, 11, 33, 28]"
1,51,S2,524864,8,8,max_iter,1.7067251535092465,"[7, 8, 33, 52, 13, 234, 149, 86]"
1,51,S3,320,8,8,max_iter,1.5181506949596963,"[7, 14, 8, 6, 20, 185, 232, 34]"
1,51,S3,18240,8,8,max_iter,1.9834198933303446,"[7, 8, 28, 15, 13, 6, 21, 17]"
1,51,S3,36288,8,8,max_iter,1.908155488822559,"[8, 7, 6, 14, 15, 4, 13, 227]"
1,51,S3,54336,8,8,max_iter,1.634515773171264,"[7, 10, 9, 227, 29, 245, 146, 200]"
1,51,S3,72384,8,8,max_iter,1.6939901063009182,"[7, 15, 56, 65, 9, 101, 69, 160]"
1,51,S3,90432,8,8,max_iter,1.8037129298917516,"[13, 8, 10, 9, 5, 19, 7, 143]"
1,51,S3,108480,8,8,max_iter,1.9062171971128659,"[8, 6, 4, 5, 0, 32, 20, 53]"
1,51,S3,126400,8,8,max_iter,1.9667888163763738,"[11, 7, 8, 10, 13, 5, 6, 18]"
1,51,S3,144448,8,8,max_iter,1.7455644163317283,"[16, 10, 7, 6, 18, 28, 101, 70]"
1,51,S3,162496,8,8,max_iter,1.8603881458435596,"[16, 15, 17, 30, 151, 31, 70, 180]"
1,51,S3,180544,8,8,max_iter,1.5637558179687734,"[9, 8, 4, 252, 2, 35, 160, 211]"
1,51,S3,198592,8,8,max_iter,1.850051562044009,"[11, 15, 12, 70, 146, 13, 28, 163]"
1,51,S3,216640,8,8,max_iter,1.834269614995733,"[9, 11, 17, 13, 19, 26, 21, 251]"
1,51,S3,234560,8,8,max_iter,2.0080415263807967,"[11, 9, 23, 7, 12, 3, 13, 195]"
1,51,S3,252608,8,8,max_iter,1.871698431418553,"[3, 7, 6, 15, 12, 20, 27, 150]"
1,51,S3,270656,8,8,max_iter,1.9827060561807242,"[14, 6, 8, 11, 5, 28, 17, 18]"
1,51,S3,288704,8,8,max_iter,1.6449929043771523,"[3, 8, 1, 6, 4, 10, 130, 11]"
1,51,S3,306752,8,8,max_iter,1.718436391148545,"[10, 12, 8, 11, 137, 70, 5, 95]"
1,51,S3,324800,8,8,max_iter,1.69210338098271,"[2, 9, 15, 10, 11, 123, 189, 154]"
1,51,S3,342720,8,8,max_iter,1.4543850033209502,"[9, 3, 35, 97, 188, 55, 18, 251]"
1,51,S3,360768,8,8,max_iter,1.6111381526745518,"[9, 4, 11, 222, 37, 131, 78, 250]"
1,51,S3,378816,8,8,max_iter,1.8323006110549755,"[11, 3, 8, 231, 35, 2, 7, 36]"
1,51,S3,396864,8,8,max_iter,1.7147932504234553,"[11, 13, 12, 15, 122, 119, 24, 5]"
1,51,S3,414912,8,8,max_iter,1.662611661202336,"[14, 10, 5, 31, 169, 203, 0, 165]"
1,51,S3,432960,8,8,max_iter,1.918920746688844,"[14, 208, 0, 199, 28, 169, 151, 6]"
1,51,S3,450880,8,8,max_iter,1.918584822941521,"[8, 13, 10, 137, 2, 231, 36, 11]"
1,51,S3,468928,8,8,max_iter,1.9197102718284926,"[10, 13, 16, 5, 6, 11, 15, 20]"
1,51,S3,486976,8,8,max_iter,1.7410453124059642,"[10, 15, 8, 12, 9, 4, 6, 7]"
1,51,S3,505024,8,8,max_iter,1.8106770263849608,"[10, 21, 12, 5, 15, 13, 17, 6]"
1,51,S3,523072,8,8,max_iter,1.7955665114849824,"[9, 11, 7, 19, 13, 1, 5, 3]"
1,51,S3,541120,8,8,max_iter,1.7578143671870063,"[12, 11, 23, 14, 13, 69, 8, 7]"
1,51,S3,559168,8,8,max_iter,2.101514210473252,"[8, 10, 9, 7, 19, 3, 12, 6]"
1,77,S1,320,16,16,max_iter,2.3440070213007695,"[6, 11, 7, 4, 8, 15, 13, 10, 9, 3, 12, 24, 21, 19, 214, 142]"
1,77,S1,19264,16,16,max_iter,2.499594829629509,"[7, 5, 9, 3, 13, 1, 11, 17, 12, 6, 19, 15, 31, 25, 4, 29]"
1,77,S1,38208,16,16,max_iter,2.31977830455347,"[6, 13, 4, 7, 2, 8, 14, 25, 18, 5, 11, 20, 9, 43, 228, 125]"
1,77,S1,57280,16,16,max_iter,1.934903254150554,"[13, 12, 10, 11, 15, 20, 17, 242, 174, 173, 5, 255, 110, 115, 191, 43]"
1,77,S1,76224,16,16,max_iter,2.255885430080747,"[11, 9, 7, 6, 108, 12, 0, 227, 16, 33, 75, 42, 8, 64, 27, 4]"
1,77,S1,95296,16,16,max_iter,2.1919514465972627,"[6, 13, 7, 10, 2, 4, 211, 15, 94, 167, 33, 45, 163, 129, 223, 106]"
1,77,S1,114240,16,16,max_iter,2.1272246807603374,"[12, 11, 6, 10, 25, 13, 211, 38, 9, 19, 36, 113, 232, 21, 200, 80]"
1,77,S1,133184,16,16,max_iter,2.313619123942752,"[14, 12, 8, 5, 16, 15, 9, 7, 27, 21, 91, 4, 13, 33, 6, 31]"
1,77,S1,152256,16,16,max_iter,2.68804101033345,"[11, 9, 13, 17, 10, 21, 22, 31, 46, 5, 52, 245, 8, 4, 37, 227]"
1,77,S1,171200,16,16,max_iter,2.343845135692278,"[14, 9, 12, 3, 15, 8, 7, 2, 19, 22, 13, 4, 10, 11, 16, 29]"
1,77,S1,190272,16,16,max_iter,2.094535811659957,"[9, 8, 15, 7, 6, 14, 12, 10, 13, 18, 19, 20, 21, 5, 2, 22]"
1,77,S1,209216,16,16,max_iter,2.440615688257362,"[8, 9, 11, 12, 5, 14, 3, 233, 16, 17, 7, 18, 19, 10, 13, 134]"
1,77,S1,228288,16,16,max_iter,2.300995785207649,"[3, 11, 18, 9, 14, 15, 17, 32, 90, 65, 202, 8, 19, 12, 10, 112]"
1,77,S1,247232,16,16,max_iter,2.4765274330590645,"[7, 11, 8, 6, 4, 14, 17, 78, 21, 239, 10, 91, 24, 2, 222, 60]"
1,77,S1,266176,16,16,max_iter,2.23362521451103,"[13, 14, 7, 11, 12, 9, 24, 8, 27, 10, 19, 15, 6, 5, 0, 23]"
1,77,S1,285248,16,16,max_iter,2.089241736958067,"[13, 11, 9, 5, 157, 133, 79, 205, 97, 45, 246, 7, 22, 188, 10, 18]"
1,77,S1,304192,16,16,max_iter,2.120188603762801,"[9, 10, 11, 2, 20, 0, 4, 37, 65, 244, 17, 16, 82, 218, 110, 1]"
1,77,S1,323264,16,16,max_iter,2.2714569592171405,"[9, 19, 6, 10, 5, 23, 11, 31, 199, 214, 20, 26, 7, 25, 188, 95]"
1,77,S1,342208,16,16,max_iter,2.278518590551617,"[10, 8, 9, 18, 27, 28, 12, 227, 50, 13, 17, 20, 16, 174, 6, 7]"
1,77,S1,361152,16,16,max_iter,2.5063175775002384,"[4, 5, 7, 10, 12, 13, 11, 8, 180, 33, 1, 18, 16, 6, 27, 17]"
1,77,S1,380224,16,16,max_iter,2.129242343281661,"[6, 11, 26, 5, 3, 9, 16, 10, 12, 4, 13, 18, 14, 23, 21, 19]"
1,77,S1,399168,16,16,max_iter,2.262118663033476,"[8, 20, 4, 25, 17, 6, 18, 219, 12, 26, 2, 19, 55, 242, 91, 211]"
1,77,S1,418240,16,16,max_iter,2.435252877678609,"[9, 12, 13, 28, 8, 137, 36, 23, 150, 221, 16, 6, 79, 170, 2, 248]"
1,77,S1,437184,16,16,max_iter,2.3767067942864375,"[21, 16, 4, 18, 15, 9, 22, 11, 10, 12, 7, 6, 24, 14, 41, 23]"
1,77,S1,456256,16,16,max_iter,2.0543928452589864,"[7, 15, 29, 22, 14, 11, 25, 9, 12, 23, 16, 6, 100, 249, 245, 64]"
1,77,S1,475200,16,16,max_iter,2.325762452560707,"[11, 8, 13, 4, 3, 19, 9, 15, 22, 24, 6, 0, 2, 40, 34, 47]"
1,77,S1,494144,16,16,max_iter,2.3863048223637024,"[13, 6, 7, 11, 8, 22, 149, 30, 17, 28, 16, 9, 15, 112, 21, 54]"
1,77,S1,513216,16,16,max_iter,2.4509078904026094,"[9, 7, 11, 22, 14, 3, 19, 15, 20, 8, 17, 13, 103, 121, 28, 23]"
1,77,S1,532160,16,16,max_iter,2.113056353487634,"[9, 10, 8, 7, 20, 15, 3, 228, 78, 119, 5, 139, 104, 87, 64, 249]"
1,77,S1,551232,16,16,max_iter,2.3999635856193557,"[9, 8, 26, 18, 6, 14, 7, 10, 34, 12, 173, 23, 29, 84, 64, 68]"
1,77,S1,570176,16,16,max_iter,2.156673285254232,"[10, 11, 9, 20, 30, 8, 23, 14, 33, 24, 27, 12, 38, 142, 5, 17]"
1,77,S1,589248,16,16,max_iter,2.5195657723666973,"[6, 12, 8, 14, 15, 17, 3, 13, 25, 4, 9, 7, 16, 2, 5, 22]"
1,77,S2,320,16,16,max_iter,2.411763806613452,"[3, 4, 11, 9, 2, 15, 171, 1, 0, 20, 7, 5, 228, 136, 110, 176]"
1,77,S2,17216,16,16,max_iter,2.3028527759452904,"[8, 24, 17, 33, 19, 15, 12, 112, 30, 103, 28, 20, 25, 219, 198, 78]"
1,77,S2,34112,16,16,max_iter,2.3557690732414556,"[9, 10, 11, 5, 8, 17, 3, 12, 19, 18, 34, 202, 67, 40, 24, 4]"
1,77,S2,51008,16,16,max_iter,2.112085647003886,"[8, 24, 17, 30, 18, 33, 26, 32, 37, 9, 219, 12, 25, 146, 171, 22]"
1,77,S2,67904,16,16,max_iter,2.6286403488117154,"[9, 15, 252, 7, 11, 12, 17, 41, 5, 8, 20, 3, 24, 40, 4, 217]"
1,77,S2,84800,16,16,max_iter,2.160536228604818,"[13, 248, 11, 12, 15, 9, 2, 22, 5, 8, 93, 4, 142, 28, 29, 231]"
1,77,S2,101824,16,16,max_iter,2.148469785997685,"[7, 9, 11, 12, 8, 6, 41, 2, 20, 18, 182, 172, 224, 108, 116, 74]"
1,77,S2,118720,16,16,max_iter,2.302596584417778,"[9, 8, 7, 10, 12, 11, 17, 5, 21, 6, 18, 13, 4, 14, 3, 22]"
1,77,S2,135616,16,16,max_iter,2.2569816806551537,"[8, 12, 14, 20, 29, 56, 218, 16, 9, 24, 78, 17, 32, 3, 185, 209]"
1,77,S2,152512,16,16,max_iter,2.3143161400910524,"[16, 28, 9, 12, 8, 7, 29, 11, 10, 23, 34, 106, 4, 220, 44, 229]"
1,77,S2,169408,16,16,max_iter,2.2318110925792207,"[9, 14, 16, 24, 22, 20, 6, 12, 159, 10, 84, 7, 0, 28, 4, 23]"
1,77,S2,186432,16,16,max_iter,2.4655302158228563,"[9, 7, 8, 16, 17, 19, 15, 11, 154, 254, 55, 202, 133, 24, 10, 38]"
1,77,S2,203328,16,16,max_iter,1.9715245650670892,"[10, 9, 5, 12, 18, 14, 13, 4, 24, 34, 55, 35, 94, 100, 102, 247]"
1,77,S2,220224,16,16,max_iter,2.1777238512966957,"[7, 8, 10, 6, 20, 27, 11, 17, 19, 114, 28, 188, 15, 32, 180, 25]"
1,77,S2,237120,16,16,max_iter,2.001426355824991,"[8, 5, 7, 27, 9, 19, 46, 41, 105, 88, 37, 18, 67, 155, 240, 40]"
1,77,S2,254016,16,16,max_iter,2.4517339218041156,"[5, 9, 10, 20, 19, 8, 16, 11, 15, 22, 3, 6, 26, 14, 194, 179]"
1,77,S2,271040,16,16,max_iter,1.963358645556368,"[12, 10, 9, 8, 14, 19, 15, 78, 238, 100, 126, 189, 232, 16, 5, 23]"
1,77,S2,287936,16,16,max_iter,2.4019977993723747,"[26, 17, 14, 10, 9, 16, 30, 20, 32, 12, 23, 4, 21, 6, 11, 33]"
1,77,S2,304832,16,16,max_iter,2.2196263424636586,"[11, 21, 22, 19, 20, 33, 24, 30, 25, 10, 12, 36, 41, 146, 29, 17]"
1,77,S2,321728,16,16,max_iter,2.344245435289098,"[10, 9, 20, 11, 30, 7, 3, 22, 5, 6, 1, 13, 28, 40, 253, 228]"
1,77,S2,338624,16,16,max_iter,2.1703184174214165,"[15, 16, 7, 28, 11, 174, 9, 29, 8, 25, 20, 118, 30, 2, 41, 201]"
1,77,S2,355648,16,16,max_iter,2.318289637285185,"[10, 9, 11, 20, 28, 8, 30, 24, 15, 125, 3, 214, 107, 36, 127, 174]"
1,77,S2,372544,16,16,max_iter,2.2665738840427756,"[13, 15, 21, 16, 93, 6, 124, 19, 128, 0, 72, 30, 192, 12, 25, 7]"
1,77,S2,389440,16,16,max_iter,2.197241682616448,"[13, 7, 12, 15, 14, 25, 21, 16, 53, 19, 4, 107, 236, 5, 24, 10]"
1,77,S2,406336,16,16,max_iter,2.4281241053606855,"[13, 5, 6, 24, 7, 9, 80, 8, 14, 12, 11, 45, 4, 17, 0, 21]"
1,77,S2,423232,16,16,max_iter,2.3818139914164598,"[7, 6, 15, 9, 17, 16, 8, 26, 14, 12, 91, 28, 19, 47, 84, 1]"
1,77,S2,440256,16,16,max_iter,2.2404414534754826,"[4, 19, 23, 5, 31, 15, 2, 12, 9, 13, 8, 20, 22, 11, 47, 203]"
1,77,S2,457152,16,16,max_iter,2.27126165638186,"[14, 12, 13, 3, 162, 4, 23, 33, 22, 9, 7, 19, 10, 26, 37, 31]"
1,77,S2,474048,16,16,max_iter,2.3080115169601525,"[9, 8, 10, 18, 27, 25, 0, 4, 208, 218, 32, 72, 12, 160, 6, 21]"
1,77,S2,490944,16,16,max_iter,2.3284863130203832,"[9, 4, 3, 5, 17, 6, 7, 26, 25, 12, 94, 15, 93, 11, 27, 29]"
1,77,S2,507840,16,16,max_iter,2.159433591285593,"[22, 8, 33, 11, 12, 10, 23, 3, 28, 19, 2, 52, 227, 0, 78, 32]"
1,77,S2,524864,16,16,max_iter,2.1925738063419864,"[7, 8, 13, 33, 24, 1, 32, 214, 60, 6, 25, 3, 178, 71, 102, 23]"
1,77,S3,320,16,16,max_iter,2.0592843195021597,"[7, 14, 8, 6, 20, 34, 11, 50, 172, 39, 21, 68, 110, 9, 13, 123]"
1,77,S3,18240,16,16,max_iter,2.4544067367687745,"[7, 8, 15, 13, 6, 21, 11, 17, 4, 28, 19, 20, 22, 0, 42, 33]"
1,77,S3,36288,16,16,max_iter,2.435366617374016,"[8, 7, 6, 14, 15, 2, 5, 27, 13, 4, 12, 24, 227, 1, 149, 101]"
1,77,S3,54336,16,16,max_iter,2.0871364914084394,"[7, 10, 9, 29, 227, 174, 19, 69, 115, 150, 93, 11, 8, 172, 106, 191]"
1,77,S3,72384,16,16,max_iter,2.2311244699014274,"[7, 15, 9, 31, 17, 22, 173, 1, 79, 2, 152, 213, 65, 244, 40, 27]"
1,77,S3,90432,16,16,max_iter,2.313686914934033,"[13, 8, 5, 9, 11, 12, 6, 10, 17, 16, 33, 119, 117, 18, 32, 108]"
1,77,S3,108480,16,16,max_iter,2.2104022201248386,"[6, 8, 4, 5, 156, 3, 10, 67, 0, 155, 95, 46, 209, 26, 201, 218]"
1,77,S3,126400,16,16,max_iter,2.456211929350994,"[11, 7, 10, 8, 13, 5, 6, 18, 192, 16, 14, 22, 24, 235, 53, 191]"
1,77,S3,144448,16,16,max_iter,2.48474975022558,"[16, 10, 7, 6, 18, 158, 28, 19, 82, 31, 11, 8, 2, 15, 36, 51]"
1,77,S3,162496,16,16,max_iter,2.385945114899387,"[16, 15, 30, 7, 17, 14, 18, 32, 4, 31, 20, 24, 10, 12, 29, 47]"
1,77,S3,180544,16,16,max_iter,1.8855786942257762,"[9, 4, 252, 8, 2, 29, 0, 133, 81, 18, 35, 146, 31, 94, 90, 37]"
1,77,S3,198592,16,16,max_iter,2.22393272222851,"[11, 12, 15, 24, 7, 22, 38, 8, 13, 19, 26, 219, 180, 227, 50, 9]"
1,77,S3,216640,16,16,max_iter,2.0805255433751837,"[9, 13, 17, 11, 8, 5, 63, 7, 98, 54, 10, 18, 19, 28, 199, 211]"
1,77,S3,234560,16,16,max_iter,2.102411733199946,"[11, 23, 7, 13, 9, 8, 12, 20, 26, 142, 87, 3, 47, 5, 100, 189]"
1,77,S3,252608,16,16,max_iter,2.45656980094857,"[7, 95, 3, 6, 15, 2, 1, 10, 27, 25, 20, 14, 46, 19, 23, 200]"
1,77,S3,270656,16,16,max_iter,2.1769199165035653,"[5, 14, 6, 8, 11, 24, 9, 112, 222, 22, 45, 123, 17, 64, 134, 176]"
1,77,S3,288704,16,16,max_iter,2.2522778325536863,"[4, 3, 8, 1, 6, 10, 11, 2, 15, 17, 199, 132, 0, 16, 13, 113]"
1,77,S3,306752,16,16,max_iter,2.442977588797423,"[10, 12, 8, 11, 137, 6, 20, 22, 81, 18, 111, 203, 3, 108, 44, 227]"
1,77,S3,324800,16,16,max_iter,2.1819362703180167,"[10, 9, 15, 2, 8, 3, 24, 16, 4, 34, 19, 219, 25, 18, 98, 110]"
1,77,S3,342720,16,16,max_iter,2.1497422470611447,"[9, 14, 12, 3, 8, 2, 23, 11, 5, 31, 6, 15, 17, 143, 137, 70]"
1,77,S3,360768,16,16,max_iter,3.034598272721986,"[11, 5, 1, 9, 222, 220, 55, 15, 27, 13, 7, 10, 4, 8, 21, 29]"
1,77,S3,378816,16,16,max_iter,2.6686365482554497,"[11, 3, 8, 6, 4, 7, 188, 5, 228, 2, 25, 26, 12, 1, 21, 22]"
1,77,S3,396864,16,16,max_iter,2.2137168064267434,"[11, 12, 13, 24, 15, 17, 22, 19, 36, 62, 9, 162, 178, 42, 8, 52]"
1,77,S3,414912,16,16,max_iter,2.33731569081648,"[14, 27, 12, 11, 6, 10, 5, 17, 8, 16, 23, 0, 4, 20, 9, 19]"
1,77,S3,432960,16,16,max_iter,2.373343911990336,"[14, 13, 7, 9, 22, 8, 26, 6, 2, 28, 5, 0, 12, 154, 130, 51]"
1,77,S3,450880,16,16,max_iter,2.455642915715327,"[8, 14, 10, 13, 4, 15, 21, 11, 29, 7, 0, 18, 2, 5, 28, 30]"
1,77,S3,468928,16,16,max_iter,2.5270389130472424,"[10, 13, 11, 5, 15, 16, 20, 4, 23, 6, 24, 8, 21, 3, 14, 12]"
1,77,S3,486976,16,16,max_iter,2.1856959447733324,"[12, 10, 15, 8, 4, 9, 6, 7, 2, 31, 107, 3, 19, 181, 156, 178]"
1,77,S3,505024,16,16,max_iter,2.3502605742749116,"[10, 12, 15, 14, 6, 9, 21, 5, 75, 18, 24, 19, 13, 16, 247, 204]"
1,77,S3,523072,16,16,max_iter,2.4356756511933133,"[9, 11, 13, 19, 7, 1, 3, 5, 29, 23, 10, 21, 103, 15, 31, 30]"
1,77,S3,541120,16,16,max_iter,2.319942854382688,"[12, 23, 11, 10, 143, 14, 13, 2, 22, 34, 4, 27, 214, 0, 33, 29]"
1,77,S3,559168,16,16,max_iter,2.294242663150178,"[10, 8, 9, 7, 19, 12, 14, 6, 16, 28, 5, 13, 11, 159, 198, 68]"
1,128,S1,320,64,64,max_iter,5.487322302519807,"[11, 4, 7, 6, 8, 10, 15, 13, 3, 12, 9, 17, 19, 18, 21, 5, 14, 1, 16, 2, 24, 22, 69, 49, 26, 40, 27, 20, 31, 0, 32, 50, 28, 23, 25, 39, 47, 44, 35, 42, 45, 34, 33, 41, 29, 30, 43, 37, 51, 48, 52, 36, 38, 55, 53, 59, 228, 64, 54, 61, 58, 242, 62, 60]"
1,128,S1,19264,64,64,max_iter,5.205063762366314,"[7, 5, 9, 3, 13, 1, 11, 12, 6, 17, 19, 4, 25, 31, 15, 21, 23, 30, 37, 18, 43, 27, 14, 10, 29, 8, 24, 35, 32, 45, 16, 49, 22, 39, 48, 38, 41, 60, 51, 174, 50, 44, 136, 46, 47, 61, 55, 36, 2, 20, 52, 28, 155, 113, 26, 67, 0, 97, 197, 165, 146, 82, 73, 219]"
1,128,S1,38208,64,64,max_iter,5.225511345036475,"[6, 13, 4, 7, 25, 18, 8, 2, 11, 5, 14, 16, 0, 30, 20, 15, 28, 32, 44, 24, 9, 19, 37, 17, 10, 27, 54, 1, 35, 12, 22, 43, 3, 21, 31, 51, 29, 33, 197, 50, 26, 36, 45, 34, 39, 48, 23, 55, 53, 40, 38, 41, 57, 185, 229, 100, 64, 249, 65, 179, 67, 186, 61, 77]"
1,128,S1,57280,64,64,max_iter,4.670215868846561,"[10, 11, 12, 13, 5, 15, 6, 24, 7, 8, 14, 31, 20, 2, 18, 22, 3, 43, 1, 17, 37, 9, 4, 44, 19, 29, 30, 0, 16, 33, 36, 49, 25, 21, 28, 39, 46, 35, 40, 45, 32, 23, 51, 42, 26, 59, 56, 61, 172, 116, 54, 52, 160, 227, 81, 69, 120, 55, 65, 144, 138, 27, 218, 230]"
1,128,S1,76224,64,64,max_iter,5.878866149131116,"[11, 7, 6, 9, 12, 8, 4, 3, 21, 2, 14, 13, 29, 0, 27, 36, 157, 5, 182, 25, 1, 20, 26, 33, 22, 30, 31, 10, 35, 42, 18, 32, 28, 37, 34, 23, 44, 24, 38, 19, 40, 16, 15, 56, 48, 46, 54, 53, 17, 45, 57, 64, 47, 88, 70, 193, 61, 58, 59, 72, 109, 51, 69, 50]"
1,128,S1,95296,64,64,max_iter,6.079676154367533,"[6, 13, 7, 10, 2, 4, 15, 9, 53, 142, 3, 20, 16, 18, 247, 40, 109, 12, 19, 11, 5, 0, 1, 41, 33, 8, 30, 127, 26, 14, 22, 222, 192, 119, 28, 37, 32, 49, 27, 34, 24, 25, 43, 17, 21, 42, 35, 64, 46, 185, 48, 55, 23, 57, 58, 140, 180, 60, 182, 215, 50, 219, 130, 153]"
1,128,S1,114240,64,64,max_iter,5.496474448253333,"[11, 12, 6, 25, 10, 13, 4, 9, 3, 18, 19, 35, 38, 7, 17, 24, 1, 48, 33, 2, 21, 5, 20, 23, 8, 14, 46, 27, 37, 0, 30, 249, 40, 28, 42, 44, 36, 32, 29, 41, 51, 50, 31, 58, 54, 15, 61, 22, 39, 174, 102, 59, 66, 72, 100, 62, 52, 47, 77, 49, 97, 186, 63, 85]"
1,128,S1,133184,64,64,max_iter,5.446273855511142,"[14, 12, 16, 5, 7, 15, 8, 9, 27, 42, 21, 6, 19, 13, 33, 31, 4, 1, 29, 41, 24, 17, 2, 10, 11, 22, 37, 26, 60, 35, 36, 32, 28, 49, 3, 39, 44, 51, 45, 0, 53, 18, 87, 190, 57, 23, 169, 83, 113, 88, 199, 43, 160, 46, 59, 101, 235, 103, 228, 196, 25, 75, 230, 126]"
1,128,S1,152256,64,64,max_iter,5.223631548155988,"[11, 9, 13, 10, 3, 22, 5, 17, 1, 14, 46, 21, 31, 12, 8, 36, 25, 6, 2, 29, 0, 7, 38, 26, 28, 20, 18, 15, 39, 27, 19, 30, 51, 34, 47, 49, 24, 55, 41, 250, 50, 16, 37, 59, 63, 69, 4, 71, 52, 44, 54, 139, 133, 113, 236, 234, 45, 58, 76, 153, 135, 189, 64, 97]"
1,128,S1,171200,64,64,max_iter,5.2398771270471,"[14, 8, 15, 12, 7, 9, 3, 10, 19, 22, 16, 11, 13, 4, 2, 29, 5, 28, 23, 21, 33, 6, 44, 24, 0, 34, 20, 32, 18, 40, 56, 35, 25, 38, 39, 49, 210, 37, 42, 43, 27, 31, 74, 112, 102, 164, 51, 151, 243, 136, 1, 116, 155, 161, 248, 129, 67, 79, 183, 235, 216, 68, 30, 114]"
1,128,S1,190272,64,64,max_iter,5.114308515902349,"[9, 8, 15, 14, 7, 6, 19, 10, 13, 20, 12, 5, 18, 21, 2, 17, 156, 39, 32, 29, 129, 1, 25, 22, 54, 31, 154, 26, 40, 33, 0, 30, 23, 16, 38, 3, 24, 27, 45, 37, 4, 36, 44, 41, 47, 34, 42, 49, 50, 35, 43, 48, 28, 52, 53, 139, 56, 61, 186, 74, 73, 218, 62, 77]"
1,128,S1,209216,64,64,max_iter,5.440616506348999,"[9, 8, 11, 5, 12, 14, 18, 7, 19, 3, 16, 17, 13, 10, 28, 26, 22, 27, 20, 2, 1, 4, 33, 15, 0, 6, 42, 38, 40, 31, 29, 30, 24, 35, 25, 39, 50, 21, 46, 23, 34, 47, 51, 32, 43, 41, 59, 49, 44, 54, 48, 36, 64, 45, 57, 65, 61, 52, 58, 250, 221, 77, 181, 115]"
1,128,S1,228288,64,64,max_iter,5.301099504855289,"[3, 11, 18, 9, 14, 15, 10, 7, 4, 2, 26, 1, 12, 17, 8, 19, 32, 37, 6, 16, 156, 56, 51, 29, 0, 33, 25, 36, 27, 24, 34, 45, 21, 41, 5, 47, 13, 38, 48, 42, 39, 31, 30, 52, 20, 61, 43, 22, 157, 28, 210, 35, 44, 46, 23, 64, 161, 65, 236, 54, 190, 40, 50, 66]"
1,128,S1,247232,64,64,max_iter,5.411750943123457,"[7, 11, 8, 6, 4, 14, 24, 10, 2, 31, 13, 21, 18, 15, 3, 17, 0, 22, 28, 25, 33, 29, 5, 38, 9, 43, 1, 16, 30, 37, 23, 39, 36, 46, 40, 45, 32, 35, 34, 49, 12, 50, 20, 26, 53, 48, 42, 252, 65, 72, 60, 94, 221, 70, 192, 162, 105, 180, 47, 160, 226, 41, 104, 71]"
1,128,S1,266176,64,64,max_iter,5.150105494870972,"[13, 11, 14, 7, 12, 8, 19, 27, 9, 10, 6, 24, 15, 5, 23, 3, 25, 2, 1, 0, 31, 18, 34, 37, 22, 38, 46, 41, 28, 40, 54, 21, 4, 26, 36, 43, 16, 17, 20, 45, 49, 50, 32, 29, 68, 83, 44, 147, 42, 30, 118, 35, 89, 171, 47, 51, 241, 100, 195, 62, 39, 66, 59, 103]"
1,128,S1,285248,64,64,max_iter,5.727034241622574,"[11, 13, 7, 9, 8, 14, 169, 1, 5, 12, 22, 24, 2, 18, 46, 195, 6, 20, 10, 26, 25, 204, 82, 129, 15, 37, 27, 0, 35, 28, 16, 36, 23, 34, 17, 3, 19, 33, 49, 21, 51, 48, 43, 39, 47, 59, 31, 38, 44, 41, 32, 45, 71, 245, 62, 219, 4, 170, 61, 42, 55, 40, 190, 30]"
1,128,S1,304192,64,64,max_iter,7.45490467555275,"[10, 11, 9, 20, 2, 4, 0, 17, 3, 12, 1, 8, 29, 24, 5, 23, 7, 159, 13, 33, 26, 31, 188, 15, 28, 38, 30, 6, 51, 35, 246, 148, 37, 111, 22, 108, 221, 128, 32, 245, 27, 46, 185, 42, 174, 86, 34, 43, 18, 49, 14, 21, 76, 52, 41, 40, 63, 25, 48, 19, 45, 44, 57, 55]"
1,128,S1,323264,64,64,max_iter,6.520659197324773,"[9, 19, 6, 11, 10, 23, 5, 7, 20, 31, 26, 25, 22, 24, 3, 12, 28, 37, 8, 2, 1, 21, 33, 0, 30, 14, 13, 27, 38, 40, 29, 15, 45, 35, 18, 63, 34, 108, 116, 94, 154, 49, 47, 42, 17, 39, 16, 56, 43, 44, 48, 36, 65, 32, 54, 59, 4, 57, 228, 46, 55, 186, 160, 150]"
1,128,S1,342208,64,64,max_iter,5.304172880975503,"[10, 8, 9, 18, 27, 12, 28, 163, 93, 17, 29, 6, 14, 7, 26, 11, 4, 5, 19, 2, 20, 13, 23, 16, 3, 1, 37, 0, 31, 22, 21, 30, 15, 36, 40, 46, 35, 45, 49, 54, 42, 38, 50, 58, 33, 34, 32, 24, 53, 55, 39, 47, 165, 203, 75, 41, 250, 196, 48, 68, 43, 173, 63, 52]"
1,128,S1,361152,64,64,max_iter,5.537342141716513,"[4, 5, 7, 11, 13, 8, 12, 10, 18, 3, 6, 14, 21, 17, 16, 1, 20, 2, 15, 27, 28, 33, 24, 34, 32, 25, 19, 23, 30, 22, 0, 45, 47, 57, 31, 40, 39, 36, 51, 9, 26, 50, 41, 35, 42, 37, 48, 46, 29, 54, 44, 49, 66, 60, 61, 43, 59, 77, 52, 38, 64, 115, 174, 92]"
1,128,S1,380224,64,64,max_iter,5.72570244998928,"[11, 6, 3, 26, 5, 18, 9, 14, 4, 10, 12, 16, 8, 21, 13, 7, 1, 28, 23, 19, 25, 24, 17, 31, 27, 30, 34, 42, 33, 36, 15, 0, 29, 35, 37, 40, 20, 44, 202, 49, 200, 50, 43, 32, 62, 45, 51, 46, 38, 58, 56, 41, 22, 52, 59, 53, 39, 60, 72, 115, 146, 64, 55, 47]"
1,128,S1,399168,64,64,max_iter,5.577673056576357,"[8, 4, 20, 25, 18, 17, 24, 11, 6, 2, 12, 34, 10, 26, 7, 19, 15, 0, 50, 3, 28, 1, 23, 5, 27, 9, 22, 39, 38, 48, 31, 16, 43, 40, 14, 29, 46, 32, 37, 49, 42, 13, 33, 35, 30, 21, 74, 41, 59, 57, 53, 61, 52, 58, 63, 250, 251, 72, 65, 132, 126, 146, 151, 122]"
1,128,S1,418240,64,64,max_iter,5.636547910022655,"[9, 12, 8, 19, 15, 13, 16, 6, 5, 28, 2, 10, 23, 7, 29, 27, 43, 1, 4, 25, 30, 35, 0, 20, 38, 26, 33, 40, 45, 22, 42, 36, 44, 47, 17, 32, 21, 41, 31, 24, 37, 11, 204, 50, 48, 49, 3, 34, 51, 174, 53, 18, 249, 113, 54, 46, 61, 58, 66, 14, 104, 59, 250, 62]"
1,128,S1,437184,64,64,max_iter,5.2915476036500095,"[21, 16, 4, 18, 15, 9, 11, 22, 10, 24, 14, 12, 6, 7, 23, 41, 20, 17, 25, 96, 30, 26, 5, 35, 27, 31, 19, 47, 34, 29, 2, 43, 49, 13, 32, 36, 28, 33, 3, 39, 42, 50, 8, 45, 44, 68, 0, 37, 40, 46, 83, 1, 67, 154, 59, 72, 51, 70, 136, 60, 64, 56, 182, 63]"
1,128,S1,456256,64,64,max_iter,4.995837913889684,"[7, 22, 29, 14, 15, 11, 25, 12, 9, 16, 28, 23, 21, 36, 24, 13, 41, 40, 5, 35, 44, 30, 85, 20, 47, 2, 61, 43, 18, 17, 8, 32, 33, 46, 58, 4, 108, 156, 185, 205, 53, 132, 93, 227, 27, 38, 149, 0, 243, 221, 31, 45, 224, 76, 152, 225, 232, 124, 116, 50, 253, 234, 207, 240]"
1,128,S1,475200,64,64,max_iter,5.544108603252008,"[11, 8, 13, 4, 3, 19, 15, 22, 24, 9, 2, 6, 23, 14, 28, 18, 27, 20, 34, 25, 42, 5, 36, 7, 40, 33, 0, 16, 43, 32, 26, 37, 41, 31, 17, 1, 47, 21, 46, 55, 241, 110, 86, 229, 53, 52, 214, 35, 48, 45, 39, 38, 61, 67, 49, 161, 56, 30, 211, 64, 177, 250, 85, 248]"
1,128,S1,494144,64,64,max_iter,5.357451052046121,"[13, 6, 7, 8, 11, 22, 9, 16, 17, 21, 15, 26, 19, 30, 20, 142, 78, 46, 25, 35, 59, 1, 23, 5, 41, 39, 42, 44, 43, 12, 28, 24, 34, 49, 47, 0, 3, 31, 45, 33, 14, 18, 48, 61, 51, 27, 29, 63, 101, 74, 4, 154, 179, 251, 134, 151, 2, 32, 37, 64, 40, 161, 150, 205]"
1,128,S1,513216,64,64,max_iter,4.978948817906785,"[9, 7, 11, 15, 14, 3, 20, 19, 22, 17, 28, 21, 2, 27, 30, 42, 8, 6, 16, 24, 36, 0, 32, 41, 31, 39, 13, 29, 10, 46, 43, 5, 44, 33, 12, 49, 48, 51, 122, 92, 151, 26, 105, 54, 34, 214, 238, 243, 225, 191, 25, 113, 226, 161, 177, 206, 86, 184, 130, 101, 135, 62, 248, 78]"
1,128,S1,532160,64,64,max_iter,5.583686400323896,"[9, 10, 8, 7, 20, 15, 3, 5, 17, 1, 13, 18, 30, 28, 31, 22, 21, 27, 32, 37, 11, 25, 50, 16, 42, 38, 2, 223, 23, 12, 34, 26, 41, 39, 19, 44, 46, 24, 49, 185, 35, 4, 36, 47, 6, 29, 0, 55, 59, 43, 45, 51, 14, 61, 52, 40, 83, 136, 138, 68, 65, 48, 58, 63]"
1,128,S1,551232,64,64,max_iter,5.504561372806967,"[9, 8, 10, 28, 6, 18, 26, 14, 7, 5, 16, 30, 4, 36, 15, 12, 32, 1, 29, 25, 23, 13, 31, 19, 0, 44, 2, 27, 22, 39, 21, 34, 37, 33, 40, 61, 111, 54, 104, 35, 201, 45, 24, 41, 43, 47, 186, 38, 49, 55, 48, 63, 17, 11, 3, 50, 53, 59, 56, 60, 139, 160, 174, 185]"
1,128,S1,570176,64,64,max_iter,5.739552093284583,"[10, 11, 20, 9, 30, 8, 23, 33, 27, 14, 24, 31, 12, 25, 1, 21, 43, 17, 5, 32, 22, 38, 18, 19, 36, 41, 37, 42, 13, 28, 53, 26, 7, 3, 48, 49, 40, 16, 34, 45, 2, 63, 52, 15, 58, 57, 54, 44, 4, 75, 46, 35, 55, 136, 222, 170, 62, 199, 67, 99, 83, 39, 115, 101]"
1,128,S1,589248,64,64,max_iter,5.245209503644251,"[6, 8, 12, 14, 15, 4, 9, 7, 17, 16, 13, 3, 25, 5, 2, 18, 28, 11, 31, 22, 34, 1, 42, 45, 0, 32, 20, 38, 30, 44, 23, 41, 21, 29, 57, 53, 10, 47, 40, 108, 33, 59, 26, 46, 24, 36, 35, 60, 54, 55, 50, 43, 64, 66, 63, 77, 158, 120, 51, 62, 76, 152, 195, 103]"
1,128,S2,320,64,64,max_iter,5.540297755665115,"[3, 4, 11, 9, 5, 7, 2, 20, 13, 31, 0, 26, 39, 15, 142, 231, 12, 24, 28, 123, 21, 16, 23, 36, 1, 80, 8, 10, 35, 14, 238, 186, 32, 17, 50, 6, 30, 27, 33, 60, 62, 25, 22, 18, 29, 59, 61, 19, 51, 44, 45, 107, 54, 169, 66, 245, 83, 41, 63, 136, 143, 100, 104, 137]"
1,128,S2,17216,64,64,max_iter,5.500295459200392,"[8, 24, 17, 12, 15, 33, 30, 4, 19, 28, 26, 10, 32, 2, 7, 40, 49, 31, 14, 21, 11, 20, 0, 25, 9, 13, 193, 1, 23, 22, 29, 3, 42, 5, 39, 87, 16, 62, 18, 51, 46, 44, 52, 48, 35, 41, 43, 148, 36, 50, 6, 57, 38, 60, 61, 64, 37, 34, 45, 59, 157, 115, 75, 124]"
1,128,S2,34112,64,64,max_iter,5.776377729655191,"[11, 9, 10, 5, 4, 24, 12, 8, 18, 19, 17, 3, 13, 25, 1, 16, 15, 22, 20, 34, 35, 32, 21, 43, 0, 49, 2, 33, 42, 30, 26, 41, 14, 6, 36, 47, 99, 225, 45, 23, 64, 44, 54, 39, 27, 28, 231, 7, 48, 55, 136, 31, 214, 135, 63, 53, 38, 46, 66, 56, 58, 150, 57, 62]"
1,128,S2,51008,64,64,max_iter,5.495704627769137,"[8, 24, 17, 33, 26, 25, 4, 22, 12, 30, 36, 28, 15, 32, 9, 34, 14, 10, 2, 164, 1, 79, 31, 123, 0, 64, 111, 169, 181, 46, 35, 20, 40, 6, 23, 66, 18, 27, 48, 19, 29, 7, 184, 55, 94, 125, 53, 245, 89, 143, 135, 231, 156, 44, 91, 97, 119, 113, 232, 150, 71, 174, 180, 96]"
1,128,S2,67904,64,64,max_iter,5.143586945198148,"[9, 7, 15, 11, 12, 5, 4, 17, 20, 8, 3, 25, 41, 21, 24, 27, 26, 19, 2, 13, 14, 62, 29, 16, 33, 22, 44, 30, 63, 57, 47, 6, 163, 43, 36, 254, 223, 73, 35, 50, 151, 71, 79, 169, 38, 238, 246, 51, 10, 32, 78, 31, 196, 233, 128, 248, 37, 172, 216, 85, 45, 173, 137, 218]"
1,128,S2,84800,64,64,max_iter,5.618082732610095,"[11, 12, 8, 13, 5, 9, 2, 22, 1, 25, 17, 14, 33, 6, 38, 3, 107, 15, 18, 10, 20, 37, 29, 47, 16, 244, 21, 35, 32, 36, 24, 27, 248, 140, 144, 79, 210, 254, 42, 219, 43, 236, 241, 26, 59, 0, 28, 34, 48, 30, 180, 44, 45, 19, 53, 178, 138, 51, 192, 171, 177, 120, 247, 225]"
1,128,S2,101824,64,64,max_iter,5.819905914828005,"[7, 9, 8, 12, 20, 11, 6, 18, 19, 13, 2, 14, 1, 41, 25, 16, 21, 23, 0, 43, 38, 53, 29, 40, 17, 33, 36, 28, 5, 3, 24, 10, 34, 67, 26, 32, 42, 4, 37, 15, 44, 48, 149, 195, 118, 35, 66, 173, 236, 27, 39, 22, 64, 58, 221, 242, 148, 59, 194, 253, 46, 185, 228, 174]"
1,128,S2,118720,64,64,max_iter,5.141125150615354,"[8, 9, 10, 11, 7, 12, 5, 17, 21, 6, 18, 14, 13, 4, 3, 22, 16, 19, 26, 34, 1, 20, 31, 2, 24, 23, 41, 38, 0, 35, 25, 32, 15, 49, 195, 68, 33, 40, 43, 59, 51, 56, 170, 58, 44, 45, 69, 250, 127, 28, 71, 65, 53, 93, 46, 179, 242, 36, 244, 160, 199, 117, 233, 124]"
1,128,S2,135616,64,64,max_iter,5.682904488690451,"[8, 14, 12, 20, 29, 16, 31, 18, 9, 13, 65, 53, 6, 30, 252, 40, 3, 11, 144, 51, 49, 26, 15, 1, 33, 25, 19, 39, 24, 17, 4, 55, 21, 28, 44, 42, 63, 0, 110, 191, 203, 47, 62, 59, 32, 207, 201, 149, 122, 37, 22, 27, 2, 64, 48, 66, 60, 227, 46, 45, 181, 145, 134, 152]"
1,128,S2,152512,64,64,max_iter,5.368626854745843,"[16, 8, 9, 28, 10, 11, 12, 7, 29, 4, 34, 15, 37, 23, 3, 21, 52, 42, 1, 13, 24, 27, 17, 40, 30, 31, 26, 44, 5, 20, 19, 35, 39, 18, 43, 49, 48, 22, 32, 38, 41, 50, 36, 56, 57, 47, 67, 61, 33, 25, 0, 184, 116, 223, 82, 60, 72, 229, 102, 127, 247, 211, 59, 83]"
1,128,S2,169408,64,64,max_iter,5.132618496818907,"[9, 14, 24, 22, 16, 28, 7, 12, 20, 6, 4, 10, 0, 17, 5, 2, 46, 18, 47, 23, 11, 15, 31, 36, 32, 39, 142, 25, 33, 43, 41, 1, 8, 44, 40, 50, 37, 27, 3, 26, 42, 13, 64, 51, 34, 29, 210, 45, 127, 38, 104, 60, 55, 30, 70, 88, 120, 179, 243, 66, 58, 59, 117, 245]"
1,128,S2,186432,64,64,max_iter,5.837252040996111,"[9, 7, 8, 17, 16, 11, 24, 10, 19, 22, 30, 6, 15, 13, 14, 38, 5, 35, 3, 33, 23, 18, 21, 1, 4, 12, 28, 0, 32, 29, 39, 46, 34, 41, 37, 27, 47, 2, 36, 25, 40, 31, 43, 45, 48, 20, 53, 54, 61, 42, 56, 44, 51, 126, 63, 26, 59, 58, 49, 60, 77, 65, 64, 52]"
1,128,S2,203328,64,64,max_iter,4.629143704228925,"[10, 9, 5, 12, 18, 11, 7, 17, 27, 4, 16, 22, 13, 21, 24, 15, 14, 23, 25, 2, 31, 29, 28, 35, 20, 53, 94, 201, 223, 66, 43, 214, 0, 243, 51, 61, 33, 210, 34, 37, 185, 122, 151, 83, 62, 184, 74, 175, 56, 229, 212, 118, 172, 103, 71, 67, 109, 101, 137, 254, 50, 40, 127, 42]"
1,128,S2,220224,64,64,max_iter,5.244353487138597,"[8, 7, 10, 6, 11, 27, 20, 17, 28, 19, 23, 22, 31, 4, 14, 30, 16, 9, 1, 18, 32, 13, 26, 33, 12, 29, 24, 36, 2, 5, 21, 40, 3, 15, 43, 49, 37, 51, 42, 54, 46, 48, 44, 25, 57, 0, 39, 62, 52, 45, 53, 50, 63, 47, 41, 66, 59, 56, 64, 60, 179, 73, 101, 141]"
1,128,S2,237120,64,64,max_iter,5.294803731089201,"[5, 8, 7, 9, 37, 22, 39, 19, 46, 27, 26, 25, 29, 17, 15, 18, 20, 4, 12, 38, 1, 28, 21, 43, 42, 193, 192, 112, 44, 32, 31, 45, 14, 33, 16, 41, 49, 48, 6, 205, 50, 35, 13, 58, 51, 40, 54, 30, 3, 23, 11, 68, 53, 0, 63, 36, 34, 141, 52, 56, 247, 189, 243, 201]"
1,128,S2,254016,64,64,max_iter,4.827068286879695,"[5, 8, 9, 11, 19, 16, 15, 20, 10, 26, 34, 22, 3, 6, 14, 21, 40, 36, 31, 29, 23, 27, 12, 94, 25, 2, 44, 43, 4, 38, 7, 24, 41, 30, 39, 18, 17, 32, 54, 1, 45, 46, 28, 13, 47, 42, 50, 63, 0, 59, 69, 35, 95, 49, 64, 230, 109, 136, 107, 114, 187, 87, 150, 168]"
1,128,S2,271040,64,64,max_iter,5.140467113310349,"[12, 10, 8, 14, 9, 22, 19, 7, 25, 11, 15, 13, 16, 21, 44, 24, 30, 2, 26, 5, 35, 17, 20, 41, 6, 4, 74, 48, 0, 23, 32, 29, 27, 134, 43, 31, 58, 45, 178, 46, 47, 33, 3, 38, 42, 28, 73, 51, 37, 18, 52, 62, 78, 210, 222, 60, 59, 34, 61, 148, 118, 162, 193, 1]"
1,128,S2,287936,64,64,max_iter,5.543851002279797,"[26, 14, 17, 10, 9, 12, 21, 20, 32, 23, 16, 11, 5, 6, 30, 4, 43, 45, 46, 19, 24, 39, 85, 27, 15, 52, 33, 35, 247, 125, 44, 37, 28, 13, 38, 29, 25, 58, 57, 50, 51, 42, 3, 54, 68, 22, 59, 8, 148, 216, 48, 129, 71, 0, 36, 81, 1, 228, 77, 167, 126, 138, 153, 175]"
1,128,S2,304832,64,64,max_iter,5.304158950389467,"[11, 21, 22, 19, 25, 30, 12, 20, 10, 17, 36, 33, 15, 31, 24, 32, 27, 13, 23, 45, 28, 26, 1, 29, 157, 74, 4, 9, 16, 14, 8, 35, 46, 38, 44, 34, 18, 43, 5, 7, 163, 63, 42, 40, 3, 231, 170, 127, 136, 116, 39, 57, 58, 37, 233, 0, 194, 187, 169, 107, 249, 165, 160, 41]"
1,128,S2,321728,64,64,max_iter,4.9977313075779435,"[10, 9, 11, 20, 30, 5, 3, 22, 7, 1, 8, 13, 28, 6, 40, 18, 32, 19, 17, 12, 2, 38, 46, 49, 0, 27, 21, 15, 14, 39, 42, 56, 31, 44, 37, 34, 58, 43, 29, 54, 59, 147, 25, 118, 16, 48, 45, 50, 90, 33, 55, 36, 61, 67, 85, 64, 35, 88, 209, 189, 106, 24, 53, 217]"
1,128,S2,338624,64,64,max_iter,5.086967213286467,"[15, 11, 7, 28, 8, 16, 29, 9, 2, 118, 25, 13, 30, 45, 10, 23, 22, 41, 4, 36, 19, 6, 33, 35, 12, 47, 58, 32, 27, 0, 5, 18, 51, 52, 37, 42, 3, 1, 48, 44, 136, 127, 38, 203, 31, 24, 26, 204, 137, 242, 122, 60, 54, 53, 180, 253, 223, 71, 75, 167, 34, 185, 214, 248]"
1,128,S2,355648,64,64,max_iter,5.230796400579437,"[10, 9, 11, 20, 28, 8, 30, 15, 5, 19, 24, 14, 22, 3, 12, 6, 25, 17, 36, 38, 18, 27, 21, 42, 29, 35, 13, 47, 7, 26, 34, 0, 23, 31, 43, 39, 45, 2, 1, 52, 51, 44, 49, 41, 33, 54, 61, 4, 40, 55, 186, 32, 203, 97, 190, 64, 250, 114, 210, 83, 60, 160, 139, 96]"
1,128,S2,372544,64,64,max_iter,5.405951394962748,"[13, 15, 16, 6, 93, 21, 12, 4, 25, 7, 1, 10, 9, 5, 30, 11, 37, 24, 20, 26, 64, 18, 8, 34, 36, 29, 2, 33, 35, 44, 28, 48, 41, 3, 17, 14, 39, 49, 46, 106, 32, 43, 56, 132, 0, 40, 23, 38, 22, 27, 199, 66, 73, 135, 210, 108, 72, 101, 205, 194, 107, 103, 82, 219]"
1,128,S2,389440,64,64,max_iter,5.333042713186537,"[7, 12, 14, 13, 25, 16, 21, 214, 73, 24, 11, 15, 20, 50, 4, 6, 10, 17, 38, 26, 30, 35, 22, 40, 29, 28, 43, 57, 8, 0, 42, 5, 36, 1, 19, 39, 32, 37, 9, 51, 33, 18, 2, 75, 150, 44, 174, 88, 129, 91, 151, 72, 164, 45, 148, 194, 63, 243, 27, 115, 118, 34, 107, 125]"
1,128,S2,406336,64,64,max_iter,6.5807018137417685,"[13, 5, 6, 7, 4, 12, 24, 16, 26, 11, 8, 17, 14, 2, 21, 19, 9, 22, 15, 36, 0, 37, 3, 1, 34, 45, 23, 29, 10, 46, 44, 20, 241, 32, 40, 33, 39, 47, 27, 51, 25, 61, 28, 41, 53, 140, 129, 52, 38, 57, 31, 56, 55, 49, 42, 63, 65, 179, 35, 103, 90, 124, 67, 30]"
1,128,S2,423232,64,64,max_iter,5.14624670019365,"[6, 7, 16, 17, 15, 9, 8, 26, 12, 14, 47, 18, 31, 24, 28, 4, 19, 1, 10, 2, 27, 5, 37, 0, 11, 32, 21, 34, 30, 41, 3, 68, 40, 13, 61, 236, 215, 138, 20, 51, 50, 35, 52, 46, 210, 66, 23, 147, 245, 126, 53, 39, 225, 133, 62, 130, 125, 109, 100, 77, 118, 54, 80, 58]"
1,128,S2,440256,64,64,max_iter,5.422734490034055,"[4, 19, 5, 8, 13, 22, 15, 20, 12, 23, 31, 2, 9, 11, 27, 0, 16, 6, 17, 28, 30, 25, 10, 77, 34, 33, 40, 32, 47, 39, 1, 162, 29, 154, 243, 44, 36, 14, 41, 26, 42, 45, 7, 95, 35, 38, 49, 24, 37, 52, 83, 48, 54, 187, 3, 46, 43, 64, 62, 21, 60, 88, 169, 253]"
1,128,S2,457152,64,64,max_iter,5.332470825163847,"[13, 12, 14, 33, 7, 9, 22, 4, 23, 10, 37, 19, 6, 11, 40, 5, 3, 31, 27, 26, 30, 42, 36, 24, 2, 48, 8, 155, 39, 43, 25, 16, 1, 44, 46, 21, 38, 102, 15, 100, 243, 49, 32, 51, 34, 64, 17, 183, 29, 77, 174, 125, 47, 229, 95, 212, 35, 66, 196, 62, 61, 109, 50, 60]"
1,128,S2,474048,64,64,max_iter,5.723568295231733,"[9, 8, 10, 18, 27, 4, 12, 0, 25, 19, 30, 32, 23, 192, 11, 2, 6, 28, 21, 141, 7, 17, 36, 14, 15, 26, 13, 33, 44, 39, 24, 38, 47, 20, 45, 43, 31, 37, 46, 41, 35, 52, 42, 62, 40, 53, 57, 3, 84, 54, 29, 70, 169, 61, 210, 161, 243, 49, 197, 250, 63, 120, 209, 219]"
1,128,S2,490944,64,64,max_iter,5.772015362530552,"[9, 4, 5, 3, 6, 17, 7, 26, 11, 8, 12, 25, 44, 27, 29, 15, 16, 28, 38, 46, 36, 1, 10, 34, 30, 119, 21, 2, 19, 13, 45, 35, 31, 18, 37, 47, 42, 20, 48, 49, 43, 186, 223, 154, 59, 157, 165, 201, 125, 40, 52, 33, 0, 204, 39, 22, 78, 23, 24, 53, 145, 62, 237, 180]"
1,128,S2,507840,64,64,max_iter,5.374667036428777,"[22, 11, 8, 33, 12, 10, 3, 23, 28, 19, 43, 2, 6, 29, 27, 34, 13, 20, 26, 4, 0, 55, 1, 14, 24, 15, 30, 31, 47, 7, 148, 40, 51, 36, 61, 70, 21, 35, 54, 25, 38, 16, 71, 56, 44, 52, 32, 50, 39, 249, 185, 9, 58, 213, 199, 73, 189, 45, 115, 180, 109, 18, 182, 60]"
1,128,S2,524864,64,64,max_iter,5.498285623320184,"[8, 7, 13, 25, 6, 33, 1, 32, 3, 176, 2, 109, 31, 15, 38, 11, 19, 37, 17, 14, 45, 10, 195, 9, 12, 28, 35, 36, 4, 42, 22, 18, 27, 20, 41, 0, 26, 5, 43, 23, 34, 52, 39, 51, 62, 16, 58, 40, 66, 53, 50, 49, 136, 55, 21, 56, 24, 59, 67, 48, 61, 30, 211, 248]"
1,128,S3,320,64,64,max_iter,5.378507190833386,"[7, 14, 8, 6, 20, 28, 18, 39, 35, 2, 13, 9, 11, 29, 16, 27, 22, 41, 10, 21, 30, 0, 36, 25, 42, 4, 12, 37, 32, 19, 48, 49, 17, 3, 50, 5, 62, 51, 55, 43, 1, 129, 45, 34, 61, 56, 201, 23, 31, 15, 69, 53, 26, 47, 33, 46, 38, 71, 120, 64, 65, 74, 54, 66]"
1,128,S3,18240,64,64,max_iter,5.383786313375895,"[7, 8, 13, 15, 6, 21, 4, 14, 11, 17, 2, 28, 23, 20, 19, 33, 110, 31, 42, 68, 29, 10, 1, 22, 0, 36, 30, 5, 123, 47, 35, 9, 45, 3, 12, 25, 34, 26, 41, 24, 27, 32, 57, 50, 38, 16, 39, 51, 18, 54, 97, 155, 48, 52, 37, 40, 55, 113, 72, 63, 49, 56, 64, 53]"
1,128,S3,36288,64,64,max_iter,5.81517129409587,"[8, 7, 6, 14, 15, 5, 4, 13, 21, 2, 12, 28, 19, 31, 10, 17, 0, 30, 22, 9, 35, 16, 47, 11, 34, 25, 23, 29, 38, 37, 46, 27, 43, 1, 41, 18, 20, 3, 36, 24, 40, 44, 45, 53, 54, 176, 50, 51, 71, 97, 236, 146, 32, 49, 39, 59, 26, 33, 63, 42, 56, 64, 74, 62]"
1,128,S3,54336,64,64,max_iter,5.707542716732967,"[7, 10, 9, 11, 8, 32, 6, 20, 14, 5, 13, 4, 25, 19, 33, 0, 29, 31, 21, 16, 2, 27, 37, 18, 23, 35, 3, 17, 44, 156, 40, 41, 155, 1, 12, 28, 243, 102, 59, 50, 61, 36, 47, 38, 34, 46, 48, 22, 39, 26, 51, 42, 43, 83, 113, 15, 65, 49, 52, 24, 54, 101, 30, 184]"
1,128,S3,72384,64,64,max_iter,5.420377450971126,"[15, 7, 9, 31, 17, 20, 28, 11, 5, 29, 19, 6, 30, 2, 147, 27, 13, 32, 1, 16, 33, 12, 45, 42, 22, 3, 52, 46, 4, 21, 34, 0, 36, 18, 177, 8, 23, 40, 47, 10, 26, 39, 24, 37, 62, 43, 49, 44, 53, 41, 25, 35, 60, 64, 38, 51, 14, 54, 48, 63, 55, 58, 69, 157]"
1,128,S3,90432,64,64,max_iter,5.231233158894167,"[8, 5, 13, 9, 16, 10, 17, 12, 6, 11, 4, 32, 18, 33, 28, 14, 19, 2, 35, 37, 34, 225, 15, 40, 21, 7, 126, 39, 20, 36, 1, 26, 30, 44, 3, 0, 41, 45, 25, 22, 38, 51, 42, 50, 27, 84, 63, 117, 72, 29, 129, 23, 172, 67, 59, 46, 71, 43, 173, 48, 112, 203, 153, 57]"
1,128,S3,108480,64,64,max_iter,5.883986041187018,"[6, 8, 4, 5, 10, 3, 17, 25, 12, 2, 142, 13, 0, 7, 19, 11, 20, 29, 26, 34, 27, 170, 66, 1, 16, 33, 9, 23, 37, 14, 30, 21, 38, 43, 31, 35, 18, 41, 22, 39, 28, 24, 40, 45, 52, 48, 51, 64, 42, 36, 47, 63, 57, 69, 70, 73, 236, 160, 210, 44, 88, 106, 163, 231]"
1,128,S3,126400,64,64,max_iter,5.510112240399218,"[11, 10, 8, 7, 5, 13, 6, 18, 14, 24, 22, 4, 26, 16, 20, 21, 29, 15, 1, 28, 3, 25, 43, 17, 2, 40, 41, 27, 46, 44, 37, 23, 33, 32, 58, 55, 36, 34, 42, 0, 53, 30, 47, 50, 31, 203, 12, 63, 49, 48, 59, 35, 52, 67, 60, 56, 65, 57, 45, 64, 131, 61, 71, 62]"
1,128,S3,144448,64,64,max_iter,5.475396384690704,"[16, 10, 6, 7, 18, 31, 17, 145, 8, 11, 2, 19, 14, 36, 47, 26, 28, 51, 27, 15, 208, 0, 20, 48, 41, 3, 44, 33, 46, 23, 9, 67, 57, 143, 64, 50, 196, 58, 141, 32, 237, 172, 24, 89, 202, 22, 1, 38, 148, 214, 75, 84, 95, 144, 181, 249, 168, 128, 151, 87, 40, 21, 59, 244]"
1,128,S3,162496,64,64,max_iter,5.979454016967879,"[16, 15, 30, 7, 4, 14, 17, 31, 18, 32, 24, 20, 12, 10, 47, 29, 8, 5, 28, 26, 11, 2, 44, 19, 38, 25, 21, 23, 9, 0, 35, 37, 22, 13, 62, 45, 3, 1, 63, 50, 27, 34, 52, 6, 56, 43, 48, 42, 115, 113, 54, 89, 53, 58, 65, 46, 67, 101, 77, 117, 217, 75, 221, 229]"
1,128,S3,180544,64,64,max_iter,5.166122445263707,"[4, 9, 8, 252, 11, 2, 23, 5, 0, 1, 29, 14, 13, 6, 28, 3, 10, 16, 19, 7, 33, 18, 42, 43, 27, 17, 15, 38, 22, 35, 26, 39, 25, 40, 31, 20, 37, 30, 57, 24, 63, 41, 44, 34, 12, 48, 46, 72, 51, 61, 54, 65, 59, 47, 186, 77, 49, 228, 236, 179, 76, 126, 176, 67]"
1,128,S3,198592,64,64,max_iter,5.198079324202352,"[11, 12, 24, 15, 22, 7, 13, 8, 4, 6, 25, 47, 9, 19, 34, 38, 26, 14, 36, 3, 1, 49, 2, 185, 44, 30, 18, 40, 23, 159, 224, 126, 37, 187, 46, 64, 39, 58, 10, 35, 21, 28, 0, 42, 43, 48, 54, 188, 72, 158, 240, 125, 205, 200, 61, 78, 118, 45, 67, 220, 32, 179, 96, 53]"
1,128,S3,216640,64,64,max_iter,5.5744494125302335,"[13, 9, 17, 5, 11, 7, 8, 10, 12, 6, 25, 19, 18, 28, 16, 21, 38, 31, 26, 34, 2, 1, 23, 47, 191, 236, 94, 37, 41, 27, 32, 24, 36, 4, 22, 204, 48, 43, 44, 245, 3, 0, 49, 15, 249, 113, 40, 20, 46, 42, 50, 35, 29, 59, 39, 51, 61, 157, 58, 250, 54, 104, 117, 119]"
1,128,S3,234560,64,64,max_iter,5.694979576479288,"[11, 23, 13, 7, 9, 8, 17, 12, 20, 33, 22, 24, 1, 6, 34, 15, 21, 5, 3, 35, 4, 26, 19, 25, 42, 28, 40, 45, 0, 10, 47, 32, 57, 14, 43, 66, 155, 46, 38, 2, 30, 48, 63, 58, 44, 16, 39, 64, 52, 29, 253, 148, 65, 97, 68, 50, 69, 55, 67, 188, 174, 126, 124, 49]"
1,128,S3,252608,64,64,max_iter,5.018326123949169,"[7, 3, 6, 15, 27, 16, 14, 25, 19, 20, 8, 11, 2, 12, 26, 18, 1, 5, 28, 29, 13, 21, 4, 46, 10, 23, 24, 17, 37, 47, 35, 33, 34, 38, 41, 32, 22, 40, 51, 30, 48, 53, 44, 245, 60, 45, 0, 149, 142, 244, 50, 206, 219, 83, 128, 133, 70, 63, 36, 233, 132, 135, 253, 64]"
1,128,S3,270656,64,64,max_iter,5.478487177322812,"[14, 6, 11, 5, 8, 24, 28, 9, 22, 25, 20, 18, 15, 37, 12, 1, 29, 3, 17, 32, 31, 10, 7, 23, 26, 41, 21, 43, 39, 45, 48, 2, 33, 42, 44, 40, 27, 148, 19, 59, 16, 174, 46, 126, 34, 119, 53, 58, 30, 4, 54, 0, 35, 62, 47, 65, 38, 192, 55, 36, 106, 56, 72, 68]"
1,128,S3,288704,64,64,max_iter,5.589340101412161,"[8, 4, 3, 1, 6, 10, 11, 2, 15, 13, 7, 16, 17, 21, 0, 5, 9, 12, 20, 30, 14, 25, 26, 27, 22, 31, 18, 29, 24, 28, 39, 40, 19, 32, 23, 38, 37, 45, 33, 48, 49, 46, 35, 42, 50, 41, 62, 193, 57, 59, 64, 148, 73, 54, 197, 132, 137, 247, 118, 108, 206, 113, 105, 243]"
1,128,S3,306752,64,64,max_iter,5.23574280963747,"[10, 12, 8, 11, 21, 15, 22, 14, 20, 6, 25, 3, 17, 2, 9, 23, 18, 31, 33, 1, 13, 47, 38, 29, 4, 40, 34, 0, 26, 46, 42, 7, 27, 52, 61, 162, 39, 32, 24, 51, 59, 36, 43, 53, 5, 35, 136, 83, 210, 164, 139, 240, 126, 82, 103, 190, 134, 132, 248, 113, 63, 252, 95, 119]"
1,128,S3,324800,64,64,max_iter,5.307758442636863,"[10, 9, 15, 2, 8, 3, 4, 20, 25, 7, 1, 16, 0, 17, 13, 14, 24, 28, 33, 31, 38, 21, 34, 23, 26, 46, 49, 43, 35, 11, 27, 36, 47, 5, 44, 29, 12, 18, 32, 22, 19, 6, 61, 59, 39, 113, 236, 195, 186, 204, 73, 53, 75, 131, 136, 108, 167, 50, 81, 234, 226, 120, 216, 102]"
1,128,S3,342720,64,64,max_iter,5.419962562228579,"[3, 12, 9, 8, 5, 6, 14, 23, 11, 15, 2, 16, 7, 31, 17, 0, 4, 34, 10, 20, 1, 33, 36, 18, 39, 21, 30, 28, 24, 27, 42, 32, 41, 46, 13, 38, 29, 26, 25, 43, 35, 22, 19, 40, 47, 37, 51, 58, 56, 54, 66, 53, 68, 74, 49, 63, 48, 72, 62, 57, 76, 45, 197, 191]"
1,128,S3,360768,64,64,max_iter,5.527657719087711,"[11, 5, 1, 13, 8, 10, 9, 7, 21, 4, 29, 15, 16, 14, 27, 17, 25, 30, 22, 23, 20, 2, 6, 19, 47, 33, 26, 43, 18, 37, 41, 31, 35, 40, 55, 28, 44, 32, 42, 51, 3, 52, 36, 45, 46, 24, 48, 50, 59, 38, 127, 62, 56, 0, 201, 66, 91, 163, 54, 12, 58, 70, 53, 34]"
1,128,S3,378816,64,64,max_iter,5.218867976012343,"[11, 3, 4, 8, 5, 6, 7, 1, 12, 21, 22, 0, 18, 24, 2, 28, 15, 30, 20, 19, 25, 23, 16, 33, 13, 17, 14, 42, 26, 29, 40, 39, 37, 43, 36, 34, 9, 38, 31, 10, 45, 32, 41, 55, 35, 53, 56, 49, 52, 58, 250, 210, 48, 77, 70, 138, 139, 251, 63, 152, 106, 132, 66, 85]"
1,128,S3,396864,64,64,max_iter,6.011106539446275,"[11, 12, 13, 24, 15, 17, 22, 20, 47, 5, 62, 25, 63, 8, 9, 141, 34, 3, 19, 27, 68, 236, 197, 2, 1, 52, 4, 7, 18, 26, 10, 92, 187, 0, 21, 23, 36, 74, 73, 35, 6, 125, 32, 44, 59, 225, 38, 37, 246, 14, 28, 254, 105, 33, 189, 136, 30, 104, 134, 245, 167, 40, 48, 57]"
1,128,S3,414912,64,64,max_iter,4.875937259638023,"[14, 11, 12, 6, 5, 27, 10, 8, 24, 17, 26, 23, 4, 16, 2, 0, 20, 9, 44, 19, 13, 60, 3, 49, 35, 28, 21, 32, 36, 38, 40, 30, 1, 202, 45, 62, 53, 157, 46, 148, 95, 219, 42, 47, 187, 224, 76, 54, 192, 222, 186, 75, 129, 66, 124, 127, 221, 39, 233, 226, 61, 92, 100, 205]"
1,128,S3,432960,64,64,max_iter,5.360277794221828,"[14, 28, 7, 8, 6, 13, 9, 22, 26, 4, 12, 2, 5, 3, 1, 30, 15, 20, 0, 21, 41, 16, 140, 39, 42, 29, 18, 31, 40, 43, 35, 44, 25, 45, 38, 17, 11, 23, 24, 19, 27, 32, 58, 56, 55, 59, 37, 33, 48, 66, 65, 46, 64, 63, 68, 62, 36, 52, 67, 51, 54, 57, 34, 49]"
1,128,S3,450880,64,64,max_iter,5.414950898522808,"[10, 8, 13, 14, 4, 11, 2, 15, 29, 28, 21, 18, 7, 5, 0, 30, 24, 17, 9, 41, 31, 6, 20, 1, 93, 43, 45, 32, 19, 42, 16, 47, 40, 35, 27, 54, 39, 50, 219, 46, 23, 34, 38, 65, 49, 36, 33, 44, 37, 57, 25, 53, 48, 12, 52, 61, 22, 67, 132, 66, 26, 64, 68, 59]"
1,128,S3,468928,64,64,max_iter,4.961291064184752,"[10, 11, 13, 5, 15, 20, 4, 8, 16, 14, 21, 6, 24, 23, 3, 12, 1, 28, 7, 32, 17, 29, 35, 31, 37, 47, 18, 26, 2, 48, 25, 0, 33, 204, 22, 62, 45, 59, 51, 41, 19, 42, 9, 250, 40, 36, 50, 64, 229, 30, 38, 56, 66, 53, 90, 139, 193, 72, 211, 119, 77, 249, 58, 132]"
1,128,S3,486976,64,64,max_iter,5.906357171974883,"[10, 12, 8, 15, 9, 6, 4, 7, 2, 3, 24, 1, 20, 22, 11, 5, 30, 0, 18, 41, 28, 29, 19, 31, 43, 25, 78, 46, 23, 14, 44, 13, 35, 17, 39, 48, 40, 34, 33, 36, 59, 26, 16, 37, 27, 42, 45, 63, 32, 55, 49, 50, 21, 119, 97, 136, 71, 116, 79, 185, 66, 61, 47, 58]"
1,128,S3,505024,64,64,max_iter,5.229751734756641,"[10, 12, 15, 21, 9, 14, 6, 5, 19, 24, 18, 30, 13, 17, 2, 16, 29, 27, 4, 32, 3, 20, 23, 1, 94, 40, 41, 22, 34, 11, 25, 26, 0, 57, 222, 125, 105, 28, 44, 7, 38, 50, 42, 43, 37, 47, 31, 49, 61, 62, 52, 53, 35, 8, 55, 70, 51, 59, 184, 83, 58, 250, 251, 72]"
1,128,S3,523072,64,64,max_iter,5.41089512662034,"[9, 11, 19, 5, 7, 3, 13, 1, 29, 21, 10, 23, 15, 30, 31, 4, 6, 33, 20, 27, 12, 25, 37, 28, 16, 39, 35, 26, 2, 45, 43, 47, 22, 18, 77, 48, 112, 36, 148, 57, 40, 113, 155, 168, 136, 143, 234, 216, 74, 103, 128, 44, 140, 119, 186, 64, 230, 73, 63, 212, 244, 243, 46, 245]"
1,128,S3,541120,64,64,max_iter,7.352781961790574,"[12, 23, 11, 14, 13, 10, 2, 22, 4, 34, 0, 6, 1, 214, 145, 29, 32, 26, 28, 27, 24, 18, 16, 33, 9, 30, 79, 3, 15, 8, 93, 46, 7, 41, 156, 19, 61, 70, 42, 161, 186, 179, 49, 90, 44, 230, 36, 85, 43, 5, 25, 187, 35, 39, 48, 184, 37, 47, 17, 45, 20, 50, 72, 38]"
1,128,S3,559168,64,64,max_iter,5.530520151917269,"[8, 10, 9, 19, 7, 12, 14, 6, 28, 5, 11, 16, 13, 31, 15, 159, 22, 33, 37, 40, 1, 48, 36, 4, 60, 209, 24, 204, 32, 20, 241, 45, 87, 29, 3, 30, 215, 18, 41, 38, 26, 35, 27, 42, 34, 17, 71, 25, 51, 99, 0, 189, 56, 210, 172, 50, 44, 118, 90, 219, 232, 245, 47, 144]"
2,51,S4,320,8,8,max_iter,1.7851953102782578,"[5, 16, 20, 191, 56, 61, 228, 211]"
2,51,S4,19136,8,8,max_iter,1.7868465356543863,"[8, 24, 17, 118, 27, 78, 15, 231]"
2,51,S4,37952,8,8,max_iter,1.761110272849351,"[8, 12, 222, 93, 64, 184, 122, 62]"
2,51,S4,56896,8,8,max_iter,1.76038066492375,"[19, 18, 174, 184, 73, 200, 33, 148]"
2,51,S4,75712,8,8,max_iter,1.7038098717959609,"[15, 11, 10, 8, 19, 27, 4, 246]"
2,51,S4,94656,8,8,max_iter,2.0296258588859613,"[248, 7, 227, 223, 9, 2, 8, 86]"
2,51,S4,113472,8,8,max_iter,1.6584881296828606,"[7, 8, 199, 123, 169, 14, 80, 202]"
2,51,S4,132288,8,8,max_iter,1.7959596507021507,"[7, 22, 11, 14, 21, 18, 2, 34]"
2,51,S4,151232,8,8,max_iter,2.147545496666544,"[11, 7, 5, 20, 78, 9, 13, 32]"
2,51,S4,170048,8,8,max_iter,1.7927422805760573,"[9, 7, 8, 17, 95, 19, 164, 14]"
2,51,S4,188992,8,8,max_iter,1.6866368325430297,"[26, 70, 28, 44, 20, 24, 13, 46]"
2,51,S4,207808,8,8,max_iter,1.6698578123637224,"[9, 11, 13, 10, 229, 21, 4, 30]"
2,51,S4,226752,8,8,max_iter,1.581688437482624,"[21, 7, 10, 15, 244, 18, 3, 24]"
2,51,S4,245568,8,8,max_iter,1.7028528390805746,"[9, 10, 17, 13, 8, 65, 69, 28]"
2,51,S4,264384,8,8,max_iter,1.8635758337414263,"[9, 7, 19, 116, 0, 246, 11, 234]"
2,51,S4,283328,8,8,max_iter,1.9305906256988288,"[7, 8, 5, 9, 15, 10, 220, 41]"
2,51,S4,302144,8,8,max_iter,2.0329598497484196,"[11, 9, 35, 7, 10, 4, 211, 229]"
2,51,S4,321088,8,8,max_iter,1.555034955172236,"[7, 89, 14, 8, 0, 105, 62, 173]"
2,51,S4,339904,8,8,max_iter,1.9228602036301088,"[10, 21, 7, 9, 209, 142, 71, 168]"
2,51,S4,358720,8,8,max_iter,1.8798026236066627,"[11, 5, 13, 19, 130, 119, 202, 235]"
2,51,S4,377664,8,8,max_iter,1.7216872929287281,"[7, 6, 9, 89, 11, 234, 200, 159]"
2,51,S4,396480,8,8,max_iter,1.8926937216492035,"[7, 12, 4, 22, 6, 11, 10, 24]"
2,51,S4,415424,8,8,max_iter,1.747229520262927,"[13, 9, 96, 11, 46, 28, 29, 142]"
2,51,S4,434240,8,8,max_iter,1.8781453960148775,"[4, 3, 5, 25, 150, 39, 31, 145]"
2,51,S4,453184,8,8,max_iter,1.9592542488626234,"[9, 217, 8, 6, 11, 203, 19, 13]"
2,51,S4,472000,8,8,max_iter,1.7233062492884001,"[248, 17, 103, 129, 89, 172, 28, 143]"
2,51,S4,490816,8,8,max_iter,1.7858052702671339,"[14, 5, 20, 9, 18, 19, 11, 21]"
2,51,S4,509760,8,8,max_iter,1.6557801573709094,"[11, 9, 22, 6, 10, 21, 30, 142]"
2,51,S4,528576,8,8,max_iter,1.6884143662652282,"[8, 26, 12, 202, 133, 216, 246, 3]"
2,51,S4,547520,8,8,max_iter,1.759469951797319,"[6, 16, 248, 58, 140, 96, 30, 87]"
2,51,S4,566336,8,8,max_iter,1.6930406767237292,"[3, 1, 17, 202, 35, 170, 121, 73]"
2,51,S4,585280,8,8,max_iter,2.0301847608394543,"[171, 139, 231, 209, 13, 8, 230, 30]"
2,51,S5,320,8,8,max_iter,1.8539552378890534,"[13, 7, 8, 12, 190, 26, 14, 6]"
2,51,S5,19392,8,8,max_iter,1.7133573032788585,"[14, 12, 8, 26, 131, 16, 27, 13]"
2,51,S5,38592,8,8,max_iter,1.6316488933286317,"[12, 14, 157, 25, 35, 45, 50, 58]"
2,51,S5,57792,8,8,max_iter,1.7224756049067382,"[7, 12, 13, 18, 8, 43, 75, 11]"
2,51,S5,76992,8,8,max_iter,1.8366823158891616,"[15, 7, 5, 8, 22, 12, 21, 20]"
2,51,S5,96192,8,8,max_iter,1.6920482129889034,"[8, 1, 15, 3, 9, 18, 101, 32]"
2,51,S5,115392,8,8,max_iter,1.5803475463042325,"[19, 9, 2, 36, 17, 1, 38, 79]"
2,51,S5,134592,8,8,max_iter,1.728688501446064,"[19, 38, 20, 44, 125, 152, 248, 18]"
2,51,S5,153792,8,8,max_iter,2.002769902607353,"[6, 22, 149, 137, 251, 96, 156, 104]"
2,51,S5,172992,8,8,max_iter,1.663743734893883,"[17, 8, 9, 143, 20, 30, 12, 24]"
2,51,S5,192192,8,8,max_iter,1.8462565984490413,"[13, 9, 48, 229, 11, 8, 251, 155]"
2,51,S5,211392,8,8,max_iter,1.6654812055236634,"[2, 31, 115, 21, 17, 129, 3, 54]"
2,51,S5,230592,8,8,max_iter,1.9565767757962353,"[13, 143, 9, 15, 33, 12, 194, 62]"
2,51,S5,249792,8,8,max_iter,2.102167398469043,"[16, 24, 56, 21, 7, 9, 26, 67]"
2,51,S5,268992,8,8,max_iter,1.8182191232551486,"[8, 15, 13, 4, 159, 12, 19, 46]"
2,51,S5,288192,8,8,max_iter,1.7778690959638503,"[7, 19, 11, 194, 9, 222, 30, 143]"
2,51,S5,307264,8,8,max_iter,1.8195095140458206,"[3, 6, 17, 166, 12, 10, 244, 23]"
2,51,S5,326464,8,8,max_iter,1.74521355928379,"[15, 29, 17, 184, 6, 186, 25, 51]"
2,51,S5,345664,8,8,max_iter,1.8169152770443802,"[9, 10, 14, 6, 29, 5, 16, 21]"
2,51,S5,364864,8,8,max_iter,1.7695543109195107,"[17, 7, 2, 13, 62, 24, 19, 164]"
2,51,S5,384064,8,8,max_iter,1.473434194095264,"[15, 30, 32, 16, 12, 17, 8, 27]"
2,51,S5,403264,8,8,max_iter,1.7838246137083262,"[8, 14, 10, 73, 74, 11, 42, 254]"
2,51,S5,422464,8,8,max_iter,1.75564692385452,"[11, 12, 6, 3, 9, 8, 132, 30]"
2,51,S5,441664,8,8,max_iter,2.1568536499398823,"[19, 10, 8, 4, 6, 21, 5, 9]"
2,51,S5,460864,8,8,max_iter,1.7797776179976992,"[8, 21, 6, 19, 157, 97, 142, 26]"
2,51,S5,480064,8,8,max_iter,1.646893000283781,"[11, 162, 5, 218, 10, 9, 196, 172]"
2,51,S5,499264,8,8,max_iter,1.9306594410630649,"[15, 30, 12, 167, 13, 25, 130, 69]"
2,51,S5,518464,8,8,max_iter,1.5520584695008648,"[15, 8, 2, 17, 7, 45, 18, 78]"
2,51,S5,537664,8,8,max_iter,2.101237739362173,"[7, 250, 17, 8, 107, 239, 50, 28]"
2,51,S5,556864,8,8,max_iter,1.6890491996564285,"[7, 9, 17, 8, 26, 131, 79, 222]"
2,51,S5,576064,8,8,max_iter,1.806275503740614,"[7, 10, 6, 14, 5, 8, 24, 151]"
2,51,S5,595264,8,8,max_iter,1.6346471798492528,"[17, 33, 15, 8, 3, 164, 123, 1]"
2,51,S6,320,8,8,max_iter,1.501833059215184,"[14, 15, 29, 12, 44, 17, 180, 70]"
2,51,S6,11072,8,8,max_iter,2.0429551488903566,"[11, 9, 3, 12, 22, 24, 13, 20]"
2,51,S6,21952,8,8,max_iter,1.5777106850987948,"[11, 13, 9, 23, 21, 12, 245, 203]"
2,51,S6,32704,8,8,max_iter,1.7283639709379888,"[11, 13, 12, 9, 23, 24, 28, 22]"
2,51,S6,43584,8,8,max_iter,2.0552829440721254,"[11, 9, 10, 20, 5, 56, 185, 28]"
2,51,S6,54336,8,8,max_iter,1.9422464918609283,"[11, 3, 191, 41, 91, 10, 20, 78]"
2,51,S6,65216,8,8,max_iter,1.643331303805172,"[22, 20, 10, 17, 30, 11, 15, 189]"
2,51,S6,75968,8,8,max_iter,1.8193835523300237,"[6, 7, 14, 8, 22, 17, 5, 15]"
2,51,S6,86848,8,8,max_iter,1.7717005394336078,"[18, 19, 8, 17, 37, 11, 5, 57]"
2,51,S6,97600,8,8,max_iter,1.6087002151148952,"[8, 10, 5, 143, 14, 184, 202, 213]"
2,51,S6,108480,8,8,max_iter,1.7408090860544772,"[18, 14, 16, 35, 9, 20, 199, 77]"
2,51,S6,119232,8,8,max_iter,2.1217388087395483,"[17, 8, 16, 14, 38, 208, 122, 4]"
2,51,S6,130112,8,8,max_iter,1.75475776721324,"[6, 5, 29, 157, 79, 202, 241, 111]"
2,51,S6,140864,8,8,max_iter,1.993132608781226,"[16, 8, 6, 194, 7, 152, 44, 18]"
2,51,S6,151744,8,8,max_iter,1.6282940096421434,"[248, 3, 7, 24, 68, 185, 54, 25]"
2,51,S6,162496,8,8,max_iter,1.8328245626088877,"[19, 10, 11, 18, 12, 20, 5, 44]"
2,51,S6,173376,8,8,max_iter,1.9025130130229533,"[101, 18, 22, 10, 209, 3, 92, 95]"
2,51,S6,184128,8,8,max_iter,1.8937433928662846,"[23, 5, 11, 6, 4, 2, 116, 9]"
2,51,S6,195008,8,8,max_iter,2.0333281100594114,"[143, 228, 5, 22, 13, 18, 85, 21]"
2,51,S6,205760,8,8,max_iter,1.762765597086553,"[4, 209, 62, 219, 106, 81, 98, 125]"
2,51,S6,216640,8,8,max_iter,1.8485712910581007,"[4, 17, 3, 18, 11, 153, 239, 138]"
2,51,S6,227392,8,8,max_iter,1.6673508743999657,"[16, 220, 9, 7, 23, 70, 219, 44]"
2,51,S6,238272,8,8,max_iter,1.8605351262301992,"[13, 16, 14, 18, 7, 44, 8, 12]"
2,51,S6,249024,8,8,max_iter,1.861408088378546,"[16, 7, 18, 32, 33, 15, 45, 95]"
2,51,S6,259904,8,8,max_iter,1.903639535842316,"[17, 16, 7, 8, 14, 64, 3, 165]"
2,51,S6,270656,8,8,max_iter,1.7240947988204267,"[12, 11, 15, 52, 13, 54, 53, 24]"
2,51,S6,281536,8,8,max_iter,1.7952588584856566,"[5, 2, 17, 184, 194, 187, 229, 112]"
2,51,S6,292288,8,8,max_iter,1.743048068949391,"[13, 14, 15, 9, 34, 142, 236, 233]"
2,51,S6,303168,8,8,max_iter,1.7588654920958984,"[15, 208, 9, 145, 5, 243, 149, 16]"
2,51,S6,313920,8,8,max_iter,1.8699508703222325,"[6, 5, 10, 9, 8, 7, 14, 17]"
2,51,S6,324800,8,8,max_iter,1.761570767426527,"[12, 13, 26, 8, 153, 11, 100, 108]"
2,51,S6,335680,8,8,max_iter,1.6723600837545216,"[12, 26, 11, 5, 3, 6, 203, 245]"
2,77,S4,320,16,16,max_iter,2.2219199575997965,"[5, 16, 14, 13, 20, 6, 8, 7, 23, 22, 25, 127, 204, 238, 10, 226]"
2,77,S4,19136,16,16,max_iter,2.314482601695269,"[8, 24, 17, 15, 6, 33, 11, 146, 27, 5, 19, 245, 204, 78, 148, 238]"
2,77,S4,37952,16,16,max_iter,2.3845319375460337,"[8, 6, 9, 12, 17, 10, 14, 5, 93, 116, 137, 25, 24, 18, 183, 193]"
2,77,S4,56896,16,16,max_iter,2.20704364303796,"[19, 6, 8, 15, 11, 12, 21, 27, 3, 5, 7, 1, 13, 24, 18, 0]"
2,77,S4,75712,16,16,max_iter,2.4072690949949234,"[15, 11, 10, 8, 6, 18, 4, 28, 23, 21, 16, 167, 234, 40, 42, 143]"
2,77,S4,94656,16,16,max_iter,2.2117086776547175,"[9, 8, 7, 12, 15, 13, 43, 27, 6, 30, 2, 29, 38, 18, 252, 101]"
2,77,S4,113472,16,16,max_iter,2.4670060064173076,"[7, 123, 169, 8, 11, 6, 21, 23, 13, 2, 17, 4, 1, 5, 0, 12]"
2,77,S4,132288,16,16,max_iter,2.363695331518103,"[7, 11, 22, 14, 188, 5, 225, 15, 35, 16, 9, 61, 21, 50, 149, 102]"
2,77,S4,151232,16,16,max_iter,2.2298092143949804,"[11, 13, 5, 7, 20, 9, 32, 223, 127, 19, 26, 16, 25, 220, 104, 198]"
2,77,S4,170048,16,16,max_iter,2.437350381346698,"[9, 7, 8, 6, 15, 17, 19, 11, 13, 10, 16, 2, 48, 5, 22, 41]"
2,77,S4,188992,16,16,max_iter,2.18216821755521,"[28, 25, 26, 20, 50, 13, 9, 153, 169, 202, 185, 70, 5, 51, 37, 92]"
2,77,S4,207808,16,16,max_iter,2.2608104798683764,"[9, 11, 13, 23, 19, 10, 30, 5, 104, 21, 1, 76, 222, 207, 123, 125]"
2,77,S4,226752,16,16,max_iter,1.9654404761713946,"[21, 7, 10, 14, 9, 73, 18, 15, 24, 39, 171, 12, 209, 163, 241, 4]"
2,77,S4,245568,16,16,max_iter,2.1390951278372445,"[10, 8, 13, 17, 50, 28, 5, 2, 204, 0, 20, 38, 27, 22, 174, 9]"
2,77,S4,264384,16,16,max_iter,2.2720238706438183,"[9, 7, 19, 15, 6, 11, 18, 5, 0, 24, 253, 204, 194, 83, 36, 116]"
2,77,S4,283328,16,16,max_iter,2.2637234758745715,"[5, 8, 9, 7, 25, 15, 10, 12, 27, 26, 6, 13, 17, 22, 239, 33]"
2,77,S4,302144,16,16,max_iter,2.421867585957002,"[11, 10, 9, 7, 4, 12, 32, 22, 21, 239, 6, 2, 17, 155, 173, 5]"
2,77,S4,321088,16,16,max_iter,2.2850294196352277,"[7, 14, 3, 8, 10, 15, 12, 13, 23, 44, 5, 16, 1, 27, 17, 20]"
2,77,S4,339904,16,16,max_iter,2.4051949053309096,"[10, 7, 21, 9, 18, 5, 209, 31, 19, 20, 11, 12, 6, 0, 32, 17]"
2,77,S4,358720,16,16,max_iter,2.4269787204881994,"[11, 13, 5, 17, 2, 12, 30, 18, 3, 19, 10, 23, 45, 202, 39, 157]"
2,77,S4,377664,16,16,max_iter,2.018693789063139,"[6, 7, 9, 15, 11, 5, 8, 25, 19, 145, 14, 53, 3, 144, 150, 126]"
2,77,S4,396480,16,16,max_iter,2.6791768876132025,"[7, 12, 4, 6, 22, 11, 10, 25, 2, 13, 30, 1, 5, 24, 144, 34]"
2,77,S4,415424,16,16,max_iter,2.3194230274733725,"[13, 9, 11, 24, 12, 14, 16, 22, 27, 7, 29, 10, 80, 6, 174, 5]"
2,77,S4,434240,16,16,max_iter,2.361775556712903,"[4, 123, 29, 5, 0, 12, 32, 95, 3, 25, 7, 232, 133, 2, 27, 30]"
2,77,S4,453184,16,16,max_iter,2.226761427660184,"[9, 10, 16, 6, 73, 11, 8, 4, 13, 15, 5, 12, 19, 22, 25, 40]"
2,77,S4,472000,16,16,max_iter,2.2859801784639817,"[9, 18, 17, 24, 23, 5, 12, 13, 8, 20, 106, 211, 33, 2, 114, 65]"
2,77,S4,490816,16,16,max_iter,2.3977199894160406,"[14, 5, 9, 20, 12, 17, 11, 18, 21, 22, 19, 33, 7, 4, 30, 214]"
2,77,S4,509760,16,16,max_iter,2.018498146105752,"[11, 6, 22, 10, 9, 2, 30, 21, 19, 0, 12, 220, 3, 42, 80, 206]"
2,77,S4,528576,16,16,max_iter,2.4918474429794646,"[8, 12, 26, 6, 4, 7, 225, 3, 10, 18, 25, 203, 20, 21, 31, 152]"
2,77,S4,547520,16,16,max_iter,2.3404872029184918,"[15, 35, 16, 9, 8, 6, 5, 12, 10, 13, 19, 219, 211, 216, 17, 156]"
2,77,S4,566336,16,16,max_iter,2.71242067572402,"[14, 9, 2, 3, 4, 30, 5, 20, 8, 142, 31, 17, 1, 11, 7, 0]"
2,77,S4,585280,16,16,max_iter,2.5466098990507957,"[13, 8, 139, 7, 12, 20, 10, 9, 6, 5, 34, 11, 207, 16, 67, 75]"
2,77,S5,320,16,16,max_iter,2.5081608875316297,"[13, 8, 7, 12, 6, 26, 2, 22, 14, 5, 75, 11, 15, 23, 82, 10]"
2,77,S5,19392,16,16,max_iter,2.0748327493183147,"[14, 12, 8, 26, 16, 6, 23, 27, 13, 74, 155, 157, 9, 210, 253, 57]"
2,77,S5,38592,16,16,max_iter,2.3620547538882684,"[12, 14, 10, 24, 58, 21, 25, 26, 13, 2, 37, 82, 70, 38, 32, 85]"
2,77,S5,57792,16,16,max_iter,2.4599970151581427,"[7, 13, 12, 18, 8, 11, 15, 26, 3, 5, 22, 17, 14, 28, 6, 35]"
2,77,S5,76992,16,16,max_iter,2.289149902374302,"[7, 15, 5, 8, 22, 21, 20, 12, 24, 103, 16, 38, 233, 17, 67, 53]"
2,77,S5,96192,16,16,max_iter,2.5454677712040823,"[8, 3, 1, 9, 6, 22, 18, 100, 137, 5, 34, 13, 41, 192, 139, 14]"
2,77,S5,115392,16,16,max_iter,2.07478555735447,"[19, 2, 36, 17, 6, 38, 1, 0, 37, 238, 3, 79, 114, 86, 232, 245]"
2,77,S5,134592,16,16,max_iter,2.4507405629055796,"[19, 38, 22, 20, 44, 16, 18, 39, 8, 91, 37, 6, 41, 27, 36, 157]"
2,77,S5,153792,16,16,max_iter,2.110223297199351,"[22, 6, 10, 137, 14, 7, 75, 249, 31, 188, 128, 101, 27, 178, 174, 253]"
2,77,S5,172992,16,16,max_iter,2.5000948635632168,"[17, 8, 12, 9, 7, 13, 5, 3, 24, 23, 10, 20, 19, 11, 21, 22]"
2,77,S5,192192,16,16,max_iter,2.2342505981792042,"[14, 13, 11, 8, 7, 17, 5, 32, 2, 62, 9, 64, 16, 159, 223, 26]"
2,77,S5,211392,16,16,max_iter,2.125840563327413,"[31, 2, 14, 15, 16, 17, 8, 4, 19, 28, 30, 11, 22, 12, 0, 33]"
2,77,S5,230592,16,16,max_iter,2.234031016125355,"[13, 33, 15, 188, 9, 7, 31, 209, 195, 11, 190, 97, 8, 5, 32, 155]"
2,77,S5,249792,16,16,max_iter,2.142396547426129,"[7, 6, 9, 21, 20, 15, 8, 14, 2, 142, 42, 32, 34, 13, 56, 29]"
2,77,S5,268992,16,16,max_iter,2.340719410796766,"[8, 15, 13, 4, 24, 56, 21, 113, 25, 103, 229, 254, 14, 86, 212, 33]"
2,77,S5,288192,16,16,max_iter,2.571882196385599,"[7, 12, 11, 8, 10, 13, 2, 22, 9, 3, 19, 29, 241, 1, 20, 34]"
2,77,S5,307264,16,16,max_iter,2.585572123356287,"[3, 6, 252, 12, 10, 5, 4, 15, 16, 20, 8, 17, 9, 21, 25, 11]"
2,77,S5,326464,16,16,max_iter,2.276954738846872,"[15, 29, 17, 6, 10, 19, 14, 43, 23, 1, 25, 128, 7, 85, 36, 9]"
2,77,S5,345664,16,16,max_iter,2.134090525805912,"[6, 9, 14, 10, 29, 2, 5, 37, 0, 21, 73, 16, 107, 157, 220, 39]"
2,77,S5,364864,16,16,max_iter,2.0730814313353,"[7, 4, 6, 2, 5, 25, 9, 1, 18, 33, 150, 133, 176, 112, 82, 53]"
2,77,S5,384064,16,16,max_iter,1.9884417635428222,"[15, 30, 32, 16, 12, 17, 79, 36, 215, 29, 235, 199, 8, 193, 72, 9]"
2,77,S5,403264,16,16,max_iter,2.260100966337124,"[8, 14, 17, 5, 4, 12, 16, 10, 6, 0, 20, 11, 22, 42, 9, 40]"
2,77,S5,422464,16,16,max_iter,2.3695602427762887,"[8, 11, 9, 135, 6, 3, 12, 242, 94, 13, 10, 7, 29, 27, 5, 17]"
2,77,S5,441664,16,16,max_iter,2.391019803039367,"[19, 10, 8, 4, 9, 5, 6, 15, 13, 16, 11, 21, 23, 46, 20, 103]"
2,77,S5,460864,16,16,max_iter,2.2438373747114952,"[19, 8, 6, 21, 12, 30, 13, 16, 29, 26, 36, 24, 25, 56, 15, 249]"
2,77,S5,480064,16,16,max_iter,2.252988364313396,"[16, 9, 10, 33, 20, 118, 12, 114, 238, 192, 15, 79, 165, 7, 13, 174]"
2,77,S5,499264,16,16,max_iter,2.3917245384363275,"[15, 30, 36, 2, 25, 163, 9, 8, 37, 69, 239, 48, 29, 27, 6, 174]"
2,77,S5,518464,16,16,max_iter,2.18416335518874,"[15, 8, 30, 188, 26, 17, 2, 25, 4, 231, 45, 163, 217, 56, 14, 13]"
2,77,S5,537664,16,16,max_iter,2.307038481463062,"[7, 8, 17, 185, 10, 14, 3, 41, 2, 13, 25, 15, 30, 29, 155, 162]"
2,77,S5,556864,16,16,max_iter,2.425795728433177,"[7, 9, 17, 21, 5, 4, 28, 16, 12, 8, 18, 22, 11, 174, 42, 15]"
2,77,S5,576064,16,16,max_iter,2.8646783652676553,"[7, 8, 14, 6, 10, 15, 12, 5, 21, 20, 24, 9, 13, 17, 11, 25]"
2,77,S5,595264,16,16,max_iter,2.1556653415626323,"[17, 15, 33, 18, 2, 16, 1, 3, 19, 91, 4, 196, 9, 120, 79, 64]"
2,77,S6,320,16,16,max_iter,2.6302812169778984,"[14, 29, 15, 12, 44, 10, 52, 17, 19, 28, 203, 38, 163, 24, 8, 16]"
2,77,S6,11072,16,16,max_iter,2.439256956274082,"[11, 12, 22, 9, 8, 24, 13, 20, 0, 10, 4, 23, 6, 3, 19, 2]"
2,77,S6,21952,16,16,max_iter,2.4121019158691595,"[11, 13, 211, 17, 12, 9, 24, 23, 21, 22, 7, 14, 3, 10, 15, 35]"
2,77,S6,32704,16,16,max_iter,2.410578876518288,"[11, 12, 13, 9, 24, 23, 7, 28, 50, 53, 18, 34, 62, 25, 15, 30]"
2,77,S6,43584,16,16,max_iter,2.247746470997069,"[11, 9, 10, 20, 13, 5, 12, 21, 6, 7, 1, 3, 149, 30, 27, 2]"
2,77,S6,54336,16,16,max_iter,2.5406869966278034,"[11, 28, 20, 10, 24, 245, 14, 3, 13, 5, 34, 178, 16, 217, 91, 254]"
2,77,S6,65216,16,16,max_iter,2.07882767834507,"[22, 20, 10, 30, 8, 229, 24, 4, 56, 124, 116, 121, 29, 150, 46, 0]"
2,77,S6,75968,16,16,max_iter,2.219028727037221,"[6, 7, 8, 22, 14, 5, 15, 17, 13, 2, 44, 45, 1, 23, 180, 201]"
2,77,S6,86848,16,16,max_iter,1.9818856354739725,"[18, 8, 19, 17, 11, 37, 9, 15, 5, 33, 207, 31, 244, 231, 1, 118]"
2,77,S6,97600,16,16,max_iter,2.1367156460183265,"[8, 10, 19, 5, 6, 13, 15, 46, 22, 34, 9, 12, 174, 102, 157, 238]"
2,77,S6,108480,16,16,max_iter,2.301320037541,"[18, 14, 16, 35, 9, 199, 20, 43, 242, 253, 81, 3, 17, 7, 69, 66]"
2,77,S6,119232,16,16,max_iter,2.3127133249098595,"[17, 8, 16, 14, 23, 33, 243, 5, 12, 95, 114, 82, 88, 172, 25, 35]"
2,77,S6,130112,16,16,max_iter,2.2503388999019385,"[6, 5, 9, 15, 12, 8, 13, 22, 3, 0, 194, 88, 16, 2, 41, 202]"
2,77,S6,140864,16,16,max_iter,2.714773992625458,"[16, 8, 6, 194, 103, 71, 36, 7, 32, 152, 18, 33, 14, 68, 141, 238]"
2,77,S6,151744,16,16,max_iter,2.1744013568659404,"[24, 3, 7, 220, 27, 248, 1, 13, 165, 110, 233, 107, 205, 158, 206, 147]"
2,77,S6,162496,16,16,max_iter,2.304390466985255,"[18, 19, 10, 11, 12, 21, 5, 3, 16, 15, 36, 20, 14, 65, 6, 17]"
2,77,S6,173376,16,16,max_iter,2.2527594870002265,"[22, 20, 18, 3, 24, 4, 21, 11, 12, 43, 10, 41, 73, 49, 26, 153]"
2,77,S6,184128,16,16,max_iter,2.2716214866969313,"[23, 5, 11, 6, 4, 9, 2, 0, 19, 47, 31, 104, 26, 28, 45, 87]"
2,77,S6,195008,16,16,max_iter,2.0798856913218584,"[22, 5, 13, 16, 18, 228, 39, 142, 125, 46, 247, 229, 198, 180, 40, 89]"
2,77,S6,205760,16,16,max_iter,2.4594027063599557,"[4, 12, 20, 10, 3, 15, 18, 8, 19, 5, 24, 36, 27, 225, 11, 17]"
2,77,S6,216640,16,16,max_iter,2.293680846049986,"[4, 17, 3, 18, 11, 15, 6, 7, 16, 20, 10, 8, 19, 35, 39, 46]"
2,77,S6,227392,16,16,max_iter,2.315552836791156,"[16, 220, 7, 4, 9, 106, 20, 27, 69, 45, 219, 5, 39, 49, 221, 125]"
2,77,S6,238272,16,16,max_iter,2.370823119047151,"[16, 18, 14, 36, 8, 12, 11, 32, 26, 13, 43, 214, 155, 44, 7, 19]"
2,77,S6,249024,16,16,max_iter,2.682489658718373,"[16, 7, 33, 15, 32, 95, 13, 11, 31, 14, 8, 44, 30, 6, 133, 1]"
2,77,S6,259904,16,16,max_iter,2.0915074889427587,"[7, 16, 17, 8, 14, 24, 30, 36, 49, 130, 110, 116, 199, 37, 165, 143]"
2,77,S6,270656,16,16,max_iter,2.141467287555405,"[12, 11, 15, 24, 5, 13, 26, 8, 19, 30, 2, 9, 0, 3, 32, 29]"
2,77,S6,281536,16,16,max_iter,2.0640805009512997,"[5, 2, 17, 16, 8, 3, 32, 6, 11, 15, 18, 56, 112, 28, 30, 94]"
2,77,S6,292288,16,16,max_iter,2.8091113226319226,"[13, 14, 15, 187, 28, 3, 1, 8, 30, 2, 26, 6, 214, 25, 4, 123]"
2,77,S6,303168,16,16,max_iter,2.4026559180423424,"[15, 5, 16, 4, 133, 7, 47, 198, 2, 1, 10, 139, 86, 106, 196, 134]"
2,77,S6,313920,16,16,max_iter,2.197407035665059,"[6, 5, 10, 9, 7, 8, 14, 36, 252, 182, 31, 191, 202, 147, 98, 101]"
2,77,S6,324800,16,16,max_iter,2.426334177667393,"[12, 13, 8, 26, 24, 11, 50, 59, 231, 108, 147, 91, 14, 203, 46, 217]"
2,77,S6,335680,16,16,max_iter,2.570061179410227,"[12, 5, 15, 11, 6, 169, 22, 3, 1, 158, 13, 14, 7, 19, 23, 24]"
2,128,S4,320,64,64,max_iter,5.140045706893204,"[16, 5, 14, 13, 6, 20, 25, 7, 8, 23, 22, 19, 11, 29, 10, 31, 15, 35, 47, 17, 28, 12, 3, 26, 4, 41, 1, 21, 37, 61, 82, 36, 27, 40, 210, 42, 197, 52, 45, 44, 2, 50, 49, 53, 54, 32, 48, 64, 24, 0, 221, 219, 250, 199, 191, 113, 97, 55, 136, 9, 100, 99, 95, 46]"
2,128,S4,19136,64,64,max_iter,5.415082017492331,"[8, 24, 17, 15, 11, 33, 7, 4, 6, 13, 26, 27, 5, 22, 10, 16, 32, 23, 49, 25, 12, 41, 40, 28, 2, 36, 140, 34, 213, 30, 155, 146, 14, 39, 18, 42, 38, 19, 47, 43, 31, 57, 55, 51, 29, 52, 1, 46, 44, 21, 58, 0, 3, 136, 151, 229, 63, 61, 9, 54, 37, 50, 124, 194]"
2,128,S4,37952,64,64,max_iter,5.225510390426878,"[8, 6, 12, 9, 10, 17, 5, 14, 25, 4, 16, 15, 13, 24, 18, 27, 11, 22, 3, 21, 1, 7, 0, 34, 31, 30, 2, 29, 23, 28, 26, 117, 45, 42, 48, 38, 46, 35, 44, 41, 32, 68, 47, 51, 36, 20, 33, 40, 58, 37, 54, 71, 59, 236, 53, 64, 61, 49, 63, 69, 120, 135, 234, 99]"
2,128,S4,56896,64,64,max_iter,5.257785083859692,"[19, 8, 6, 3, 21, 15, 13, 5, 12, 24, 27, 11, 1, 16, 18, 7, 14, 25, 2, 32, 0, 47, 10, 20, 35, 39, 29, 4, 44, 38, 28, 210, 83, 22, 23, 9, 41, 61, 17, 136, 31, 48, 75, 55, 33, 49, 250, 221, 53, 125, 224, 121, 139, 126, 168, 115, 164, 162, 150, 177, 234, 37, 40, 207]"
2,128,S4,75712,64,64,max_iter,5.656562927101341,"[15, 11, 10, 8, 4, 23, 21, 28, 14, 13, 6, 16, 18, 17, 7, 24, 25, 27, 26, 20, 5, 32, 12, 1, 9, 46, 49, 19, 39, 3, 31, 2, 44, 94, 62, 45, 48, 43, 33, 38, 22, 41, 35, 36, 65, 0, 37, 56, 63, 64, 249, 66, 52, 136, 104, 254, 60, 55, 42, 71, 235, 40, 178, 51]"
2,128,S4,94656,64,64,max_iter,5.8587770177722565,"[9, 8, 7, 12, 15, 13, 38, 22, 14, 6, 4, 27, 29, 18, 2, 30, 34, 36, 43, 31, 17, 10, 33, 0, 42, 41, 23, 25, 26, 40, 32, 21, 3, 39, 16, 1, 5, 44, 46, 45, 174, 47, 37, 50, 28, 20, 48, 54, 51, 24, 58, 49, 19, 61, 60, 160, 11, 190, 186, 236, 56, 77, 63, 101]"
2,128,S4,113472,64,64,max_iter,4.9010332114491995,"[7, 11, 8, 21, 6, 13, 2, 23, 17, 4, 26, 12, 3, 5, 19, 27, 20, 10, 33, 14, 22, 15, 0, 25, 24, 1, 31, 39, 40, 28, 44, 30, 45, 9, 37, 18, 49, 29, 41, 34, 35, 32, 102, 43, 59, 52, 74, 86, 118, 143, 220, 173, 164, 117, 197, 116, 213, 73, 63, 131, 235, 103, 218, 106]"
2,128,S4,132288,64,64,max_iter,5.635887451799265,"[7, 11, 14, 22, 16, 5, 9, 225, 127, 188, 18, 26, 28, 12, 10, 24, 31, 15, 32, 21, 13, 30, 17, 34, 6, 47, 41, 33, 202, 25, 29, 35, 54, 56, 40, 180, 39, 50, 19, 42, 46, 194, 48, 154, 44, 2, 8, 3, 43, 1, 38, 63, 175, 117, 182, 27, 58, 133, 231, 139, 245, 52, 237, 230]"
2,128,S4,151232,64,64,max_iter,5.001836023117288,"[11, 5, 7, 20, 13, 9, 32, 220, 16, 25, 30, 24, 36, 26, 6, 34, 19, 14, 86, 18, 22, 231, 91, 39, 155, 47, 250, 203, 171, 120, 51, 81, 64, 46, 40, 134, 12, 35, 15, 139, 111, 190, 3, 227, 160, 127, 192, 44, 76, 4, 31, 142, 8, 179, 216, 28, 183, 178, 188, 225, 195, 126, 61, 198]"
2,128,S4,170048,64,64,max_iter,6.038415139529757,"[8, 9, 7, 6, 15, 17, 19, 11, 13, 16, 32, 10, 28, 2, 4, 21, 1, 3, 0, 5, 18, 60, 202, 48, 30, 22, 161, 12, 34, 198, 20, 42, 243, 43, 31, 47, 25, 35, 27, 50, 57, 39, 14, 24, 23, 63, 62, 37, 29, 52, 58, 45, 129, 66, 41, 51, 177, 54, 38, 53, 33, 59, 46, 146]"
2,128,S4,188992,64,64,max_iter,7.072978104302792,"[13, 9, 15, 11, 24, 28, 6, 5, 20, 14, 26, 37, 4, 16, 3, 39, 189, 38, 142, 185, 139, 42, 10, 36, 159, 101, 40, 27, 12, 19, 7, 25, 32, 2, 8, 23, 44, 203, 166, 29, 43, 244, 18, 52, 54, 68, 133, 50, 66, 99, 30, 21, 48, 33, 22, 41, 63, 35, 17, 0, 45, 64, 62, 56]"
2,128,S4,207808,64,64,max_iter,6.0019289973154235,"[9, 11, 19, 5, 13, 10, 23, 20, 30, 21, 1, 12, 3, 17, 22, 27, 15, 14, 29, 31, 6, 7, 32, 8, 28, 25, 37, 43, 16, 40, 251, 34, 153, 68, 53, 18, 33, 0, 70, 140, 51, 47, 42, 38, 39, 57, 210, 52, 41, 197, 26, 24, 46, 48, 49, 35, 180, 221, 113, 87, 56, 54, 61, 179]"
2,128,S4,226752,64,64,max_iter,5.644563370748838,"[7, 21, 10, 11, 18, 20, 9, 4, 14, 16, 15, 12, 27, 24, 25, 37, 13, 19, 3, 31, 17, 5, 43, 42, 36, 28, 34, 1, 6, 40, 26, 39, 30, 32, 44, 35, 2, 22, 82, 60, 170, 104, 49, 64, 202, 88, 53, 250, 58, 220, 192, 69, 147, 46, 47, 242, 54, 45, 33, 224, 211, 98, 241, 29]"
2,128,S4,245568,64,64,max_iter,4.791615296661568,"[10, 8, 13, 17, 5, 2, 0, 3, 9, 1, 14, 37, 36, 44, 32, 16, 20, 225, 40, 63, 145, 25, 34, 192, 88, 84, 42, 182, 103, 59, 92, 120, 27, 208, 30, 183, 231, 169, 137, 22, 142, 139, 185, 57, 188, 126, 35, 109, 65, 250, 72, 95, 118, 110, 149, 132, 86, 168, 213, 56, 226, 219, 179, 68]"
2,128,S4,264384,64,64,max_iter,4.880347988037991,"[9, 7, 15, 5, 8, 11, 19, 10, 4, 18, 17, 6, 14, 2, 12, 3, 30, 39, 0, 154, 13, 35, 46, 24, 28, 16, 45, 23, 42, 32, 44, 47, 43, 37, 36, 65, 20, 61, 40, 179, 52, 219, 215, 110, 94, 206, 21, 58, 230, 109, 73, 201, 167, 135, 183, 140, 80, 105, 234, 137, 66, 242, 246, 75]"
2,128,S4,283328,64,64,max_iter,5.038796785472094,"[8, 5, 9, 7, 10, 26, 6, 12, 27, 17, 13, 15, 24, 22, 20, 19, 35, 11, 16, 38, 28, 40, 43, 34, 54, 33, 14, 2, 66, 31, 39, 30, 46, 50, 49, 0, 32, 21, 3, 143, 92, 245, 248, 187, 135, 29, 102, 112, 52, 51, 53, 222, 111, 211, 225, 186, 206, 47, 131, 18, 232, 106, 63, 87]"
2,128,S4,302144,64,64,max_iter,6.255705917956705,"[11, 10, 9, 7, 12, 4, 32, 19, 22, 20, 21, 16, 5, 17, 23, 31, 14, 2, 3, 18, 1, 8, 6, 42, 27, 30, 25, 33, 13, 0, 202, 41, 44, 177, 36, 134, 35, 37, 29, 39, 38, 63, 40, 71, 246, 152, 98, 28, 234, 34, 122, 50, 26, 24, 203, 136, 188, 133, 211, 62, 236, 53, 54, 46]"
2,128,S4,321088,64,64,max_iter,5.110093811063409,"[7, 15, 10, 8, 14, 3, 23, 13, 12, 44, 1, 17, 16, 27, 5, 11, 28, 29, 19, 4, 6, 21, 42, 26, 30, 35, 36, 94, 2, 41, 37, 47, 46, 223, 38, 74, 59, 45, 51, 22, 33, 50, 0, 62, 34, 25, 43, 61, 32, 48, 9, 49, 67, 194, 214, 203, 20, 64, 170, 124, 31, 65, 136, 39]"
2,128,S4,339904,64,64,max_iter,5.458185041626943,"[10, 9, 21, 5, 31, 19, 20, 11, 17, 18, 2, 7, 12, 8, 29, 6, 15, 0, 40, 34, 3, 16, 1, 13, 26, 32, 30, 14, 42, 41, 24, 33, 36, 48, 51, 50, 39, 22, 38, 72, 37, 49, 63, 35, 52, 47, 192, 27, 120, 54, 162, 64, 94, 146, 66, 74, 132, 233, 102, 122, 245, 98, 136, 198]"
2,128,S4,358720,64,64,max_iter,5.650169530802572,"[11, 13, 5, 17, 2, 12, 18, 19, 10, 23, 26, 98, 37, 27, 20, 30, 25, 3, 21, 38, 29, 0, 1, 16, 35, 8, 22, 7, 31, 52, 33, 4, 45, 42, 46, 32, 36, 34, 41, 47, 40, 15, 51, 9, 24, 48, 108, 6, 54, 39, 66, 55, 50, 76, 58, 139, 179, 104, 144, 44, 117, 81, 189, 251]"
2,128,S4,377664,64,64,max_iter,5.722808349920564,"[6, 7, 9, 5, 15, 8, 11, 29, 25, 14, 19, 16, 2, 53, 180, 17, 12, 4, 48, 46, 27, 20, 126, 21, 3, 69, 45, 220, 117, 56, 244, 186, 251, 42, 91, 36, 10, 33, 181, 137, 40, 223, 83, 226, 197, 13, 109, 41, 241, 218, 95, 227, 22, 23, 34, 47, 154, 30, 62, 35, 50, 127, 37, 111]"
2,128,S4,396480,64,64,max_iter,5.4703455777051,"[4, 7, 12, 11, 6, 22, 10, 24, 2, 5, 13, 25, 14, 8, 33, 30, 34, 35, 16, 26, 17, 29, 20, 1, 85, 32, 23, 45, 21, 0, 3, 28, 27, 19, 50, 48, 41, 37, 47, 36, 31, 18, 57, 40, 51, 58, 44, 46, 39, 250, 15, 61, 66, 204, 126, 53, 237, 157, 251, 72, 100, 196, 234, 127]"
2,128,S4,415424,64,64,max_iter,6.307993754197518,"[13, 9, 11, 24, 14, 12, 7, 22, 10, 6, 18, 2, 60, 26, 15, 16, 21, 47, 35, 5, 44, 29, 27, 3, 37, 0, 33, 57, 194, 188, 31, 19, 20, 23, 38, 119, 32, 43, 240, 216, 28, 51, 34, 173, 25, 193, 40, 30, 241, 182, 171, 232, 46, 187, 255, 41, 42, 36, 1, 50, 8, 56, 71, 4]"
2,128,S4,434240,64,64,max_iter,5.222085705695913,"[5, 4, 2, 96, 27, 3, 7, 25, 32, 9, 20, 1, 12, 19, 30, 28, 8, 31, 0, 18, 29, 42, 15, 17, 24, 26, 46, 40, 44, 38, 22, 34, 6, 23, 33, 21, 49, 210, 13, 52, 64, 241, 183, 167, 157, 16, 14, 56, 58, 221, 76, 108, 162, 112, 115, 113, 48, 174, 249, 89, 71, 149, 146, 226]"
2,128,S4,453184,64,64,max_iter,5.186000262862249,"[9, 11, 6, 8, 4, 13, 10, 16, 5, 22, 19, 12, 25, 15, 40, 30, 41, 14, 0, 24, 28, 243, 44, 94, 163, 26, 43, 34, 21, 27, 7, 2, 42, 23, 54, 39, 46, 55, 48, 51, 18, 29, 62, 37, 32, 33, 59, 45, 20, 17, 50, 47, 53, 61, 52, 31, 58, 70, 81, 103, 131, 231, 114, 130]"
2,128,S4,472000,64,64,max_iter,4.9943975702126835,"[5, 23, 18, 17, 9, 24, 47, 14, 12, 33, 13, 11, 10, 6, 4, 16, 32, 8, 1, 15, 246, 46, 154, 228, 157, 29, 41, 0, 22, 81, 225, 31, 2, 64, 34, 123, 146, 19, 20, 43, 44, 45, 3, 30, 40, 35, 21, 48, 7, 27, 201, 38, 55, 65, 222, 60, 63, 36, 67, 182, 54, 105, 42, 28]"
2,128,S4,490816,64,64,max_iter,6.6549526051136425,"[14, 5, 9, 20, 18, 11, 12, 21, 17, 4, 7, 22, 19, 33, 6, 16, 53, 30, 31, 34, 25, 26, 3, 47, 60, 201, 35, 10, 15, 45, 29, 186, 28, 24, 39, 13, 58, 41, 36, 44, 59, 32, 38, 207, 27, 49, 84, 46, 56, 40, 52, 168, 8, 23, 43, 48, 68, 67, 157, 233, 189, 128, 62, 55]"
2,128,S4,509760,64,64,max_iter,5.695860216677162,"[11, 9, 22, 6, 10, 2, 19, 0, 30, 8, 1, 33, 31, 21, 27, 39, 38, 34, 17, 24, 5, 37, 23, 14, 15, 18, 25, 74, 83, 12, 3, 36, 13, 42, 16, 29, 7, 46, 43, 47, 58, 26, 28, 55, 75, 52, 45, 20, 49, 48, 44, 50, 56, 66, 88, 113, 89, 35, 51, 171, 181, 117, 107, 41]"
2,128,S4,528576,64,64,max_iter,5.718175560150101,"[12, 18, 8, 26, 4, 6, 2, 10, 16, 11, 20, 7, 25, 13, 30, 3, 31, 9, 21, 19, 15, 14, 39, 27, 29, 38, 0, 1, 44, 36, 23, 40, 52, 32, 5, 47, 51, 33, 22, 37, 24, 28, 48, 50, 43, 46, 35, 45, 42, 54, 55, 58, 59, 65, 41, 64, 136, 53, 63, 56, 72, 17, 60, 211]"
2,128,S4,547520,64,64,max_iter,5.39458952620406,"[15, 9, 12, 8, 5, 6, 16, 13, 2, 10, 17, 24, 11, 34, 20, 7, 19, 37, 33, 36, 31, 30, 27, 23, 22, 21, 35, 28, 4, 38, 75, 48, 40, 3, 26, 164, 1, 14, 41, 57, 45, 172, 69, 121, 44, 29, 211, 65, 113, 133, 118, 249, 229, 51, 49, 52, 18, 98, 54, 89, 237, 223, 204, 60]"
2,128,S4,566336,64,64,max_iter,5.396763800913328,"[3, 1, 9, 2, 4, 17, 11, 8, 7, 14, 20, 25, 0, 30, 10, 22, 18, 16, 5, 19, 28, 23, 60, 15, 31, 6, 62, 21, 24, 39, 41, 29, 53, 32, 33, 59, 119, 36, 35, 50, 58, 43, 38, 180, 117, 174, 186, 37, 96, 71, 151, 232, 82, 231, 83, 55, 184, 68, 244, 121, 12, 54, 72, 100]"
2,128,S4,585280,64,64,max_iter,5.026927521404397,"[13, 6, 10, 7, 12, 9, 5, 20, 11, 14, 16, 8, 26, 21, 40, 39, 32, 44, 87, 34, 15, 33, 42, 4, 2, 38, 18, 17, 25, 3, 47, 37, 35, 41, 24, 46, 36, 65, 48, 43, 54, 31, 52, 22, 63, 28, 115, 75, 49, 72, 102, 0, 136, 138, 232, 84, 67, 185, 190, 177, 64, 151, 194, 30]"
2,128,S5,320,64,64,max_iter,6.829034977752662,"[12, 7, 13, 8, 6, 26, 14, 22, 10, 24, 5, 15, 28, 4, 19, 2, 23, 11, 21, 39, 0, 3, 29, 32, 16, 1, 44, 36, 17, 30, 37, 38, 40, 18, 45, 51, 35, 41, 31, 58, 9, 63, 110, 171, 53, 254, 67, 144, 158, 95, 27, 94, 55, 25, 50, 172, 61, 54, 46, 42, 49, 48, 60, 56]"
2,128,S5,19392,64,64,max_iter,5.267084555896185,"[14, 12, 8, 26, 16, 25, 13, 27, 24, 2, 5, 6, 21, 18, 4, 23, 40, 3, 11, 10, 0, 9, 31, 39, 44, 41, 57, 38, 50, 225, 35, 20, 34, 17, 1, 22, 7, 29, 30, 19, 61, 15, 42, 52, 36, 32, 63, 187, 49, 147, 118, 56, 104, 210, 134, 59, 70, 77, 196, 60, 201, 113, 72, 122]"
2,128,S5,38592,64,64,max_iter,5.379697964589826,"[12, 10, 14, 24, 13, 26, 25, 8, 37, 7, 4, 9, 11, 2, 15, 38, 6, 16, 34, 39, 29, 30, 32, 28, 3, 0, 1, 23, 27, 22, 35, 50, 19, 51, 44, 48, 42, 68, 255, 18, 57, 83, 210, 202, 5, 193, 41, 49, 135, 208, 74, 66, 232, 203, 197, 148, 207, 88, 179, 154, 47, 75, 132, 205]"
2,128,S5,57792,64,64,max_iter,4.949340406275564,"[13, 7, 12, 8, 5, 18, 15, 11, 22, 14, 26, 17, 3, 28, 6, 35, 1, 4, 39, 20, 10, 21, 19, 163, 30, 0, 32, 44, 40, 48, 94, 2, 37, 27, 29, 41, 23, 9, 47, 38, 43, 55, 59, 34, 45, 65, 31, 51, 54, 160, 101, 50, 49, 100, 149, 25, 16, 180, 135, 187, 237, 84, 228, 144]"
2,128,S5,76992,64,64,max_iter,5.380470949591845,"[15, 7, 5, 8, 20, 21, 22, 12, 17, 24, 18, 23, 4, 46, 13, 16, 37, 0, 1, 25, 29, 14, 60, 40, 9, 6, 3, 45, 44, 27, 2, 28, 31, 26, 19, 10, 38, 48, 32, 11, 33, 50, 34, 42, 35, 71, 43, 61, 67, 47, 51, 54, 53, 236, 64, 30, 59, 194, 120, 58, 52, 187, 107, 56]"
2,128,S5,96192,64,64,max_iter,5.222500431300454,"[8, 6, 9, 3, 18, 17, 7, 5, 4, 19, 15, 14, 22, 1, 21, 10, 16, 11, 31, 12, 38, 41, 2, 20, 28, 0, 27, 23, 24, 44, 40, 35, 25, 37, 33, 32, 26, 34, 36, 39, 47, 51, 56, 30, 57, 46, 59, 66, 174, 126, 102, 72, 136, 54, 119, 234, 157, 121, 224, 45, 251, 189, 216, 55]"
2,128,S5,115392,64,64,max_iter,5.441325857917661,"[19, 2, 36, 17, 38, 6, 1, 37, 0, 21, 11, 20, 7, 18, 3, 13, 23, 39, 9, 5, 34, 27, 42, 52, 40, 32, 64, 16, 8, 44, 46, 25, 204, 252, 178, 88, 131, 45, 28, 161, 144, 228, 30, 14, 237, 107, 253, 54, 97, 24, 120, 35, 175, 15, 85, 29, 101, 76, 158, 150, 181, 168, 250, 211]"
2,128,S5,134592,64,64,max_iter,5.138785743928884,"[19, 20, 18, 8, 39, 38, 22, 16, 37, 6, 41, 13, 11, 44, 35, 9, 10, 23, 7, 29, 24, 33, 21, 42, 36, 27, 25, 40, 157, 0, 26, 34, 12, 15, 2, 1, 4, 31, 43, 48, 46, 3, 58, 64, 54, 14, 250, 49, 66, 50, 119, 204, 32, 215, 62, 47, 55, 52, 65, 242, 195, 113, 219, 177]"
2,128,S5,153792,64,64,max_iter,5.066771088177939,"[22, 6, 10, 14, 8, 21, 23, 7, 28, 29, 11, 4, 16, 44, 9, 39, 19, 2, 35, 45, 46, 24, 0, 17, 32, 20, 18, 40, 3, 15, 25, 37, 33, 38, 1, 34, 12, 66, 54, 59, 13, 161, 56, 60, 57, 252, 131, 58, 193, 175, 245, 98, 126, 79, 65, 143, 49, 170, 188, 30, 215, 194, 219, 192]"
2,128,S5,172992,64,64,max_iter,5.206381027104306,"[8, 9, 17, 12, 7, 5, 20, 19, 13, 3, 41, 2, 10, 11, 21, 24, 18, 4, 15, 23, 22, 43, 42, 33, 32, 14, 34, 26, 25, 30, 36, 55, 39, 0, 45, 6, 1, 51, 44, 29, 48, 31, 40, 37, 46, 16, 64, 65, 38, 35, 47, 54, 59, 27, 28, 66, 67, 72, 50, 53, 74, 63, 49, 250]"
2,128,S5,192192,64,64,max_iter,5.578156943616432,"[11, 13, 7, 14, 8, 17, 5, 18, 2, 16, 9, 15, 22, 33, 10, 26, 35, 32, 27, 0, 12, 31, 4, 29, 1, 28, 6, 50, 20, 38, 49, 241, 60, 44, 48, 39, 199, 23, 36, 204, 3, 40, 25, 24, 47, 30, 34, 37, 61, 66, 46, 19, 52, 54, 74, 41, 237, 53, 91, 86, 192, 72, 205, 63]"
2,128,S5,211392,64,64,max_iter,5.3622061805198475,"[31, 16, 14, 15, 8, 28, 2, 17, 11, 1, 19, 5, 12, 22, 4, 25, 30, 0, 24, 46, 10, 20, 29, 18, 21, 7, 26, 60, 34, 169, 35, 3, 9, 38, 33, 32, 100, 27, 41, 49, 6, 40, 42, 43, 36, 47, 51, 108, 53, 180, 210, 50, 153, 13, 44, 121, 58, 132, 88, 82, 84, 128, 162, 237]"
2,128,S5,230592,64,64,max_iter,5.574832711474521,"[13, 33, 7, 9, 15, 8, 16, 5, 11, 19, 26, 31, 20, 17, 192, 32, 12, 3, 37, 28, 23, 14, 27, 6, 49, 46, 41, 50, 61, 0, 36, 24, 48, 30, 25, 34, 18, 21, 44, 43, 2, 39, 42, 54, 63, 45, 52, 1, 47, 22, 66, 51, 59, 72, 29, 58, 217, 101, 55, 95, 106, 4, 163, 230]"
2,128,S5,249792,64,64,max_iter,4.903922560201627,"[7, 9, 21, 6, 20, 15, 8, 14, 29, 5, 11, 228, 34, 1, 13, 32, 19, 75, 191, 41, 134, 2, 65, 35, 122, 30, 31, 154, 12, 33, 39, 3, 54, 201, 108, 48, 188, 62, 25, 26, 46, 38, 42, 23, 57, 18, 53, 44, 170, 51, 22, 17, 50, 76, 16, 132, 47, 215, 236, 67, 185, 4, 68, 52]"
2,128,S5,268992,64,64,max_iter,5.4782351447580675,"[8, 15, 4, 13, 18, 3, 20, 25, 29, 19, 249, 12, 24, 39, 11, 21, 9, 5, 30, 0, 16, 7, 17, 46, 2, 23, 14, 28, 35, 33, 31, 22, 27, 10, 36, 26, 43, 32, 42, 57, 53, 1, 38, 40, 48, 41, 60, 47, 34, 50, 6, 37, 67, 44, 63, 61, 56, 64, 58, 51, 54, 45, 52, 80]"
2,128,S5,288192,64,64,max_iter,5.8735317110560805,"[7, 12, 11, 19, 8, 10, 13, 3, 2, 14, 28, 22, 20, 9, 29, 166, 34, 0, 23, 1, 36, 32, 38, 204, 37, 26, 25, 21, 5, 17, 6, 18, 27, 35, 48, 24, 16, 4, 33, 45, 40, 47, 43, 245, 229, 51, 95, 57, 42, 88, 52, 46, 71, 69, 135, 15, 120, 192, 154, 236, 64, 41, 173, 186]"
2,128,S5,307264,64,64,max_iter,5.451256634772109,"[3, 6, 10, 5, 12, 4, 17, 20, 18, 15, 8, 16, 9, 11, 25, 21, 19, 30, 35, 48, 37, 42, 29, 2, 23, 41, 31, 13, 22, 27, 26, 45, 36, 40, 47, 7, 33, 14, 39, 38, 44, 28, 51, 148, 46, 0, 43, 34, 32, 64, 49, 53, 61, 58, 66, 50, 54, 65, 24, 68, 59, 70, 52, 67]"
2,128,S5,326464,64,64,max_iter,5.778530456363471,"[15, 29, 17, 6, 14, 19, 11, 1, 43, 23, 46, 40, 30, 177, 13, 56, 10, 3, 9, 25, 7, 4, 21, 28, 34, 12, 27, 220, 48, 22, 72, 113, 42, 50, 5, 239, 37, 111, 248, 41, 62, 39, 45, 68, 31, 26, 58, 18, 223, 24, 100, 59, 16, 8, 151, 33, 164, 2, 44, 0, 181, 108, 20, 36]"
2,128,S5,345664,64,64,max_iter,5.170374920183833,"[6, 14, 9, 10, 29, 2, 21, 5, 3, 11, 13, 12, 20, 0, 30, 16, 8, 22, 28, 1, 43, 24, 33, 27, 26, 34, 45, 44, 42, 15, 35, 4, 7, 25, 57, 39, 36, 46, 38, 23, 32, 48, 18, 19, 51, 53, 251, 136, 52, 155, 40, 148, 77, 50, 47, 56, 63, 17, 31, 113, 37, 218, 128, 103]"
2,128,S5,364864,64,64,max_iter,5.503044573399905,"[4, 5, 2, 6, 7, 10, 13, 17, 3, 18, 16, 1, 20, 19, 9, 24, 0, 25, 36, 28, 15, 21, 31, 23, 39, 34, 22, 35, 37, 30, 78, 38, 26, 32, 29, 41, 27, 33, 14, 44, 11, 40, 48, 45, 97, 42, 59, 92, 76, 57, 8, 119, 104, 12, 176, 112, 211, 68, 72, 62, 155, 208, 46, 107]"
2,128,S5,384064,64,64,max_iter,5.340252276465721,"[15, 30, 16, 32, 12, 14, 17, 8, 46, 38, 28, 19, 36, 34, 13, 11, 7, 27, 31, 1, 29, 0, 9, 18, 149, 195, 23, 135, 179, 86, 22, 231, 93, 53, 20, 254, 202, 25, 136, 122, 155, 42, 124, 40, 127, 44, 87, 248, 148, 137, 247, 196, 214, 89, 105, 180, 131, 37, 57, 108, 104, 125, 62, 161]"
2,128,S5,403264,64,64,max_iter,5.326403262408734,"[8, 4, 14, 17, 5, 12, 10, 11, 6, 31, 16, 1, 22, 9, 18, 19, 0, 46, 2, 20, 43, 7, 13, 24, 30, 15, 3, 36, 25, 223, 35, 33, 27, 23, 34, 32, 38, 49, 28, 167, 61, 47, 40, 26, 157, 51, 45, 58, 39, 37, 63, 21, 48, 64, 42, 65, 44, 41, 52, 59, 62, 29, 136, 73]"
2,128,S5,422464,64,64,max_iter,5.315948967331559,"[8, 7, 10, 9, 5, 13, 24, 12, 3, 11, 6, 29, 27, 21, 1, 17, 23, 18, 33, 4, 30, 34, 15, 31, 26, 93, 43, 39, 28, 59, 19, 25, 38, 16, 47, 20, 35, 37, 40, 2, 22, 46, 53, 41, 64, 44, 57, 32, 65, 174, 72, 188, 56, 48, 58, 50, 231, 189, 191, 0, 128, 103, 92, 205]"
2,128,S5,441664,64,64,max_iter,6.033408175828939,"[10, 4, 19, 8, 6, 21, 5, 9, 16, 11, 13, 23, 15, 7, 2, 17, 29, 22, 20, 34, 32, 24, 3, 25, 12, 0, 31, 35, 26, 38, 151, 30, 36, 18, 44, 37, 28, 91, 41, 251, 137, 53, 201, 180, 222, 45, 214, 89, 66, 59, 42, 217, 1, 57, 43, 61, 51, 178, 58, 46, 219, 129, 74, 60]"
2,128,S5,460864,64,64,max_iter,5.430898644861828,"[19, 6, 12, 8, 21, 16, 13, 30, 25, 29, 24, 26, 15, 36, 14, 20, 7, 10, 32, 56, 5, 27, 1, 44, 33, 31, 9, 47, 28, 41, 3, 37, 38, 17, 45, 23, 22, 46, 34, 51, 64, 191, 115, 200, 119, 0, 210, 103, 164, 83, 245, 237, 2, 54, 35, 18, 43, 61, 68, 53, 40, 224, 72, 183]"
2,128,S5,480064,64,64,max_iter,5.685167055424376,"[16, 9, 10, 33, 12, 11, 15, 8, 31, 4, 20, 7, 29, 6, 24, 26, 21, 17, 2, 32, 23, 22, 48, 3, 14, 0, 50, 39, 42, 25, 35, 1, 41, 30, 38, 43, 44, 52, 56, 46, 19, 36, 64, 18, 65, 61, 37, 27, 28, 59, 51, 47, 63, 34, 66, 54, 185, 60, 79, 160, 77, 57, 74, 119]"
2,128,S5,499264,64,64,max_iter,5.806452284778194,"[15, 30, 2, 8, 7, 9, 36, 20, 12, 14, 25, 32, 142, 27, 6, 4, 34, 1, 5, 11, 0, 35, 16, 40, 31, 26, 3, 21, 44, 19, 10, 18, 29, 24, 28, 46, 33, 38, 17, 22, 49, 45, 52, 250, 37, 58, 221, 64, 51, 199, 113, 249, 39, 76, 60, 53, 228, 70, 127, 59, 192, 54, 134, 115]"
2,128,S5,518464,64,64,max_iter,5.682928444991552,"[15, 8, 14, 30, 18, 6, 7, 17, 2, 16, 12, 26, 13, 9, 32, 4, 45, 5, 19, 0, 11, 1, 34, 31, 23, 25, 27, 44, 28, 10, 3, 40, 41, 33, 29, 64, 143, 51, 38, 50, 37, 42, 35, 24, 62, 65, 20, 49, 53, 186, 57, 36, 55, 54, 74, 22, 72, 46, 187, 139, 83, 135, 73, 59]"
2,128,S5,537664,64,64,max_iter,5.367848306580143,"[7, 8, 10, 5, 19, 4, 17, 25, 2, 30, 11, 16, 33, 12, 14, 9, 15, 29, 32, 22, 28, 1, 0, 23, 26, 37, 13, 21, 46, 38, 18, 6, 49, 83, 3, 34, 39, 36, 45, 27, 24, 31, 69, 42, 52, 20, 60, 40, 91, 232, 58, 57, 231, 92, 118, 189, 127, 78, 35, 44, 163, 76, 116, 190]"
2,128,S5,556864,64,64,max_iter,5.881280137261004,"[7, 9, 17, 21, 5, 4, 18, 8, 14, 147, 12, 28, 16, 11, 3, 22, 15, 1, 20, 26, 2, 29, 13, 34, 42, 32, 19, 0, 35, 31, 41, 30, 23, 6, 39, 37, 51, 25, 10, 52, 27, 44, 24, 43, 49, 64, 58, 59, 63, 69, 38, 57, 68, 67, 53, 50, 56, 65, 71, 119, 81, 66, 120, 250]"
2,128,S5,576064,64,64,max_iter,4.822188792496015,"[8, 7, 6, 5, 14, 12, 10, 15, 21, 20, 24, 13, 11, 9, 17, 25, 2, 1, 3, 26, 28, 0, 16, 23, 40, 39, 41, 42, 37, 18, 35, 29, 27, 22, 30, 51, 31, 48, 38, 33, 34, 4, 50, 47, 43, 210, 204, 139, 125, 249, 113, 46, 32, 183, 173, 68, 72, 111, 135, 58, 77, 82, 241, 189]"
2,128,S5,595264,64,64,max_iter,4.994319843553503,"[17, 33, 15, 2, 16, 1, 3, 19, 18, 4, 6, 13, 0, 23, 8, 31, 5, 34, 20, 21, 29, 24, 14, 32, 9, 11, 49, 25, 27, 57, 30, 7, 35, 50, 22, 10, 37, 44, 12, 36, 43, 26, 52, 64, 47, 48, 51, 54, 53, 179, 215, 46, 134, 117, 169, 128, 40, 115, 212, 62, 42, 39, 74, 177]"
2,128,S6,320,64,64,max_iter,5.272868546456866,"[14, 29, 15, 12, 10, 19, 17, 8, 24, 16, 13, 25, 28, 44, 27, 11, 3, 21, 166, 32, 34, 45, 1, 9, 30, 39, 22, 0, 4, 23, 40, 58, 43, 5, 18, 35, 6, 56, 37, 57, 33, 26, 59, 204, 20, 42, 46, 147, 117, 199, 73, 51, 63, 96, 124, 52, 99, 194, 75, 225, 216, 236, 164, 92]"
2,128,S6,11072,64,64,max_iter,5.465192047039196,"[11, 12, 24, 22, 8, 9, 13, 10, 23, 20, 4, 3, 6, 2, 19, 15, 0, 26, 5, 14, 34, 28, 36, 1, 7, 46, 38, 17, 35, 21, 30, 18, 40, 42, 64, 54, 39, 27, 52, 51, 57, 48, 58, 37, 66, 16, 44, 31, 88, 25, 56, 63, 117, 251, 103, 250, 72, 68, 50, 193, 253, 78, 187, 47]"
2,128,S6,21952,64,64,max_iter,5.601163131383319,"[11, 13, 12, 9, 23, 24, 17, 1, 7, 3, 22, 15, 14, 10, 4, 21, 35, 29, 6, 202, 5, 26, 25, 34, 46, 27, 36, 8, 47, 31, 2, 19, 40, 32, 38, 39, 18, 43, 20, 30, 54, 49, 28, 44, 41, 59, 60, 48, 45, 50, 56, 61, 118, 64, 63, 115, 163, 70, 0, 88, 222, 42, 101, 184]"
2,128,S6,32704,64,64,max_iter,5.506348854728454,"[11, 12, 9, 13, 24, 23, 28, 26, 15, 5, 22, 7, 20, 30, 14, 17, 25, 34, 18, 36, 19, 46, 21, 32, 3, 35, 31, 1, 16, 8, 4, 29, 47, 40, 2, 10, 37, 43, 39, 41, 59, 0, 33, 38, 27, 44, 48, 58, 42, 54, 51, 6, 57, 70, 236, 50, 61, 69, 56, 53, 101, 160, 63, 66]"
2,128,S6,43584,64,64,max_iter,5.171658396180032,"[11, 9, 10, 20, 5, 12, 21, 7, 1, 13, 3, 6, 30, 8, 16, 19, 4, 15, 23, 17, 27, 25, 31, 2, 22, 41, 68, 40, 169, 146, 48, 51, 44, 43, 34, 26, 32, 29, 37, 56, 33, 38, 49, 50, 61, 113, 204, 28, 249, 240, 104, 35, 237, 66, 210, 76, 161, 18, 167, 191, 246, 98, 112, 194]"
2,128,S6,54336,64,64,max_iter,5.688825289781196,"[11, 13, 20, 10, 14, 3, 5, 30, 7, 24, 18, 16, 19, 12, 91, 41, 32, 6, 38, 21, 22, 45, 17, 44, 28, 40, 9, 39, 25, 2, 4, 34, 36, 1, 0, 15, 33, 37, 58, 26, 47, 65, 75, 64, 29, 46, 35, 27, 23, 57, 59, 109, 179, 196, 42, 133, 60, 221, 181, 233, 139, 195, 172, 73]"
2,128,S6,65216,64,64,max_iter,5.233124492136054,"[22, 20, 10, 4, 24, 7, 8, 11, 17, 13, 15, 3, 34, 12, 37, 30, 1, 64, 165, 43, 33, 36, 204, 42, 18, 75, 16, 5, 6, 29, 25, 35, 9, 19, 14, 45, 53, 2, 48, 46, 32, 47, 49, 127, 40, 83, 185, 231, 21, 51, 170, 131, 54, 38, 132, 192, 136, 81, 90, 52, 234, 213, 44, 237]"
2,128,S6,75968,64,64,max_iter,5.543102337119525,"[6, 8, 22, 7, 14, 17, 5, 13, 2, 15, 23, 18, 27, 43, 53, 0, 11, 1, 16, 204, 12, 29, 45, 44, 56, 66, 10, 28, 21, 4, 9, 24, 32, 37, 20, 25, 30, 26, 33, 40, 34, 49, 42, 59, 61, 41, 47, 186, 19, 46, 3, 67, 35, 54, 77, 38, 57, 99, 117, 150, 64, 71, 250, 68]"
2,128,S6,86848,64,64,max_iter,5.362597214909137,"[18, 8, 17, 19, 11, 37, 5, 15, 9, 14, 33, 25, 57, 41, 12, 244, 26, 2, 60, 42, 21, 16, 35, 194, 43, 34, 13, 97, 36, 4, 55, 31, 44, 23, 49, 40, 22, 168, 61, 30, 38, 6, 71, 50, 54, 70, 241, 64, 63, 27, 94, 105, 46, 65, 47, 119, 186, 135, 251, 153, 58, 125, 0, 128]"
2,128,S6,97600,64,64,max_iter,5.1414176074909985,"[8, 10, 5, 19, 16, 13, 15, 6, 7, 2, 9, 17, 22, 11, 3, 37, 24, 18, 34, 1, 39, 42, 12, 0, 28, 68, 62, 44, 228, 57, 4, 27, 31, 30, 60, 47, 236, 164, 186, 23, 45, 64, 25, 215, 205, 234, 59, 181, 191, 51, 138, 154, 189, 152, 122, 54, 82, 147, 187, 247, 84, 86, 190, 67]"
2,128,S6,108480,64,64,max_iter,5.503084657338947,"[18, 14, 7, 16, 35, 9, 20, 3, 10, 24, 17, 34, 36, 15, 11, 5, 49, 22, 8, 6, 4, 37, 1, 13, 26, 19, 25, 27, 43, 28, 21, 38, 33, 48, 45, 52, 40, 47, 2, 54, 147, 166, 100, 42, 30, 56, 23, 185, 173, 32, 223, 59, 50, 106, 78, 69, 149, 12, 136, 210, 131, 107, 198, 194]"
2,128,S6,119232,64,64,max_iter,4.746072753564181,"[17, 8, 16, 14, 23, 33, 6, 34, 24, 5, 29, 26, 35, 12, 11, 51, 38, 36, 30, 13, 43, 40, 41, 28, 37, 47, 1, 39, 32, 15, 22, 45, 44, 25, 31, 19, 18, 20, 27, 21, 60, 53, 9, 54, 103, 4, 46, 49, 48, 0, 67, 63, 160, 150, 187, 196, 226, 161, 68, 190, 169, 64, 84, 212]"
2,128,S6,130112,64,64,max_iter,5.136616223917757,"[5, 6, 15, 9, 12, 8, 16, 2, 13, 10, 22, 4, 14, 3, 18, 7, 21, 0, 1, 29, 17, 35, 23, 41, 37, 31, 33, 26, 25, 32, 28, 44, 42, 49, 39, 30, 19, 47, 43, 27, 51, 66, 62, 54, 56, 58, 64, 250, 113, 92, 228, 46, 70, 24, 157, 103, 242, 55, 255, 232, 120, 79, 104, 38]"
2,128,S6,140864,64,64,max_iter,6.755373274053707,"[16, 8, 18, 6, 7, 36, 33, 194, 32, 29, 30, 14, 37, 35, 38, 21, 40, 5, 15, 20, 44, 42, 1, 25, 34, 22, 17, 45, 3, 0, 9, 31, 4, 28, 51, 66, 49, 19, 12, 221, 210, 52, 75, 113, 39, 2, 23, 24, 26, 50, 41, 243, 250, 13, 131, 249, 27, 53, 61, 10, 129, 46, 245, 156]"
2,128,S6,151744,64,64,max_iter,5.112851933022249,"[3, 24, 23, 25, 248, 6, 5, 7, 1, 4, 13, 27, 8, 19, 2, 18, 26, 28, 29, 40, 38, 22, 12, 11, 39, 0, 35, 20, 30, 31, 53, 17, 33, 45, 44, 9, 61, 59, 42, 97, 161, 49, 172, 239, 56, 250, 48, 41, 54, 148, 104, 214, 113, 249, 57, 64, 184, 79, 58, 253, 193, 219, 134, 89]"
2,128,S6,162496,64,64,max_iter,5.587165004598304,"[19, 11, 10, 18, 12, 17, 5, 21, 16, 3, 15, 20, 36, 14, 33, 6, 9, 4, 7, 26, 38, 34, 27, 29, 28, 2, 43, 41, 30, 35, 13, 32, 22, 25, 24, 54, 23, 57, 46, 39, 49, 31, 40, 55, 190, 132, 115, 163, 130, 83, 87, 52, 187, 175, 100, 193, 37, 196, 58, 64, 8, 44, 248, 50]"
2,128,S6,173376,64,64,max_iter,5.259077833429809,"[4, 20, 22, 10, 18, 21, 24, 11, 26, 43, 12, 41, 6, 30, 13, 47, 32, 15, 31, 45, 29, 27, 17, 9, 19, 14, 28, 16, 44, 46, 34, 142, 23, 37, 40, 25, 35, 3, 36, 42, 2, 38, 0, 64, 51, 65, 61, 33, 77, 184, 63, 197, 67, 232, 243, 144, 50, 72, 68, 57, 136, 62, 198, 181]"
2,128,S6,184128,64,64,max_iter,5.244695924162322,"[23, 5, 11, 4, 6, 9, 2, 28, 19, 16, 31, 0, 7, 26, 10, 218, 45, 48, 205, 47, 40, 123, 17, 43, 14, 1, 8, 62, 210, 29, 3, 41, 24, 39, 37, 25, 33, 21, 35, 15, 46, 36, 30, 22, 38, 34, 52, 61, 53, 12, 20, 49, 13, 44, 64, 51, 27, 68, 55, 59, 42, 237, 66, 32]"
2,128,S6,195008,64,64,max_iter,5.419514278102625,"[5, 22, 13, 16, 18, 19, 17, 12, 38, 10, 7, 11, 24, 29, 33, 4, 40, 27, 26, 57, 14, 6, 34, 23, 15, 39, 3, 30, 21, 36, 20, 41, 28, 44, 2, 32, 43, 0, 49, 75, 52, 37, 59, 50, 58, 9, 46, 51, 204, 76, 115, 93, 74, 48, 196, 8, 1, 72, 45, 171, 25, 224, 199, 157]"
2,128,S6,205760,64,64,max_iter,6.452115916535419,"[15, 20, 4, 12, 3, 18, 5, 19, 24, 10, 11, 16, 21, 8, 17, 36, 27, 14, 25, 2, 9, 22, 28, 7, 29, 23, 34, 13, 26, 43, 46, 39, 32, 47, 60, 37, 51, 194, 41, 38, 56, 50, 40, 42, 127, 31, 49, 6, 1, 53, 0, 57, 35, 59, 45, 229, 72, 70, 55, 147, 30, 58, 48, 33]"
2,128,S6,216640,64,64,max_iter,6.097307801258167,"[4, 17, 3, 18, 11, 7, 8, 15, 16, 6, 20, 19, 10, 35, 5, 37, 13, 38, 25, 2, 39, 47, 32, 56, 27, 31, 33, 44, 24, 36, 1, 0, 23, 134, 42, 26, 249, 54, 12, 9, 28, 14, 34, 29, 57, 60, 51, 94, 46, 71, 252, 213, 244, 40, 169, 78, 221, 52, 74, 250, 178, 65, 182, 43]"
2,128,S6,227392,64,64,max_iter,5.943598728099004,"[16, 7, 4, 10, 220, 11, 9, 18, 25, 2, 27, 30, 33, 14, 8, 15, 17, 28, 21, 43, 42, 0, 26, 23, 34, 20, 13, 31, 29, 44, 5, 35, 38, 48, 37, 40, 24, 6, 36, 1, 47, 50, 39, 22, 12, 59, 154, 52, 46, 67, 57, 66, 45, 70, 104, 51, 77, 56, 32, 58, 64, 88, 61, 55]"
2,128,S6,238272,64,64,max_iter,5.293372613556029,"[16, 18, 14, 8, 11, 13, 12, 7, 33, 32, 19, 35, 36, 26, 34, 44, 31, 3, 22, 130, 155, 20, 6, 28, 25, 0, 30, 1, 9, 2, 17, 21, 10, 43, 24, 29, 42, 4, 51, 39, 41, 50, 47, 37, 64, 49, 15, 48, 221, 184, 45, 79, 218, 172, 52, 40, 5, 115, 113, 38, 61, 116, 80, 251]"
2,128,S6,249024,64,64,max_iter,5.5672346451941745,"[16, 7, 15, 33, 31, 13, 11, 14, 32, 30, 6, 8, 3, 10, 17, 80, 21, 51, 5, 44, 35, 1, 48, 18, 25, 38, 47, 41, 164, 27, 22, 9, 20, 26, 49, 36, 4, 46, 12, 39, 52, 63, 66, 24, 23, 40, 43, 58, 28, 53, 65, 19, 42, 0, 60, 29, 211, 50, 54, 34, 179, 69, 146, 73]"
2,128,S6,259904,64,64,max_iter,6.043887248688807,"[16, 17, 7, 8, 5, 14, 3, 24, 33, 4, 1, 18, 31, 45, 30, 11, 12, 36, 6, 44, 39, 21, 10, 2, 23, 9, 50, 47, 43, 51, 126, 19, 129, 203, 29, 161, 98, 169, 40, 168, 86, 253, 46, 59, 41, 20, 25, 248, 152, 210, 35, 58, 15, 22, 27, 34, 163, 115, 61, 49, 143, 125, 57, 214]"
2,128,S6,270656,64,64,max_iter,5.617001496671225,"[12, 11, 24, 15, 5, 8, 13, 26, 17, 19, 9, 30, 2, 32, 1, 20, 29, 14, 35, 27, 6, 3, 25, 0, 33, 28, 18, 31, 38, 34, 4, 21, 52, 48, 57, 39, 46, 50, 44, 43, 45, 10, 23, 93, 128, 22, 223, 70, 194, 241, 158, 144, 105, 142, 200, 218, 41, 202, 137, 231, 108, 136, 107, 83]"
2,128,S6,281536,64,64,max_iter,5.410420277196148,"[8, 5, 16, 2, 17, 6, 18, 11, 3, 15, 32, 19, 23, 21, 20, 24, 123, 29, 0, 46, 1, 34, 31, 13, 25, 9, 27, 33, 22, 42, 26, 44, 47, 40, 14, 10, 36, 48, 7, 38, 41, 45, 4, 37, 39, 12, 43, 35, 250, 52, 56, 30, 62, 28, 204, 51, 59, 184, 215, 54, 119, 74, 90, 67]"
2,128,S6,292288,64,64,max_iter,4.914038638921849,"[14, 13, 15, 28, 3, 1, 4, 2, 8, 9, 26, 30, 27, 227, 116, 5, 124, 223, 29, 10, 19, 17, 243, 7, 67, 41, 33, 125, 192, 18, 190, 210, 86, 32, 63, 182, 40, 25, 93, 157, 209, 196, 149, 91, 208, 79, 42, 6, 222, 71, 201, 225, 247, 154, 114, 24, 224, 205, 194, 160, 139, 34, 112, 236]"
2,128,S6,303168,64,64,max_iter,5.674584629390336,"[15, 5, 16, 4, 14, 30, 6, 29, 10, 2, 17, 3, 7, 9, 13, 11, 18, 22, 26, 33, 44, 1, 46, 20, 39, 24, 60, 58, 50, 25, 75, 12, 23, 31, 99, 49, 41, 48, 28, 37, 47, 35, 27, 38, 8, 239, 34, 115, 42, 51, 59, 53, 36, 64, 120, 63, 111, 67, 144, 232, 21, 113, 19, 65]"
2,128,S6,313920,64,64,max_iter,5.4097300230007646,"[6, 5, 10, 9, 8, 7, 14, 4, 3, 2, 23, 33, 17, 19, 11, 27, 147, 30, 13, 146, 22, 29, 26, 15, 12, 0, 16, 1, 32, 18, 24, 39, 57, 20, 44, 159, 42, 36, 204, 66, 28, 56, 21, 52, 136, 31, 43, 40, 25, 61, 102, 115, 248, 62, 63, 241, 47, 182, 213, 197, 217, 85, 35, 59]"
2,128,S6,324800,64,64,max_iter,5.213573424017357,"[12, 13, 8, 24, 11, 26, 14, 4, 27, 10, 15, 9, 3, 2, 23, 6, 28, 30, 22, 19, 5, 38, 37, 25, 20, 16, 0, 32, 29, 33, 7, 34, 55, 31, 18, 49, 66, 1, 43, 21, 35, 47, 48, 53, 50, 41, 36, 54, 63, 242, 68, 46, 59, 52, 136, 160, 185, 107, 143, 40, 236, 74, 51, 195]"
2,128,S6,335680,64,64,max_iter,5.057463096472211,"[12, 11, 5, 15, 6, 3, 1, 7, 22, 24, 13, 17, 2, 4, 23, 34, 14, 37, 10, 31, 26, 8, 46, 20, 32, 18, 0, 27, 28, 33, 93, 43, 9, 29, 35, 25, 40, 49, 249, 41, 160, 47, 30, 184, 113, 89, 50, 21, 45, 54, 51, 57, 63, 107, 59, 79, 69, 141, 16, 117, 39, 68, 146, 103]"
3,51,S7,320,8,8,max_iter,2.1433662718317854,"[7, 11, 153, 8, 17, 9, 10, 5]"
3,51,S7,19520,8,8,max_iter,1.6318865064524521,"[8, 6, 12, 10, 13, 95, 132, 228]"
3,51,S7,38848,8,8,max_iter,1.8022855935082684,"[8, 7, 27, 69, 10, 15, 6, 16]"
3,51,S7,58048,8,8,max_iter,1.668908345143637,"[7, 15, 13, 209, 8, 144, 189, 53]"
3,51,S7,77376,8,8,max_iter,1.5545490271339113,"[8, 14, 17, 15, 12, 29, 156, 25]"
3,51,S7,96576,8,8,max_iter,1.8109516262300536,"[13, 178, 15, 25, 87, 3, 28, 242]"
3,51,S7,115904,8,8,max_iter,1.9014919038653213,"[20, 137, 45, 7, 14, 17, 199, 18]"
3,51,S7,135104,8,8,max_iter,1.8628650285243362,"[13, 26, 12, 24, 37, 22, 234, 123]"
3,51,S7,154432,8,8,max_iter,1.8590510688869097,"[5, 15, 7, 8, 131, 86, 191, 47]"
3,51,S7,173632,8,8,max_iter,1.6932659750941221,"[7, 14, 26, 9, 47, 238, 176, 177]"
3,51,S7,192960,8,8,max_iter,1.9220829990583823,"[14, 13, 15, 12, 8, 24, 137, 109]"
3,51,S7,212288,8,8,max_iter,1.6244101198454282,"[15, 12, 222, 211, 5, 76, 198, 188]"
3,51,S7,231488,8,8,max_iter,1.8560790141877594,"[9, 8, 19, 17, 5, 10, 69, 50]"
3,51,S7,250816,8,8,max_iter,1.94610401942938,"[10, 21, 19, 11, 137, 228, 184, 29]"
3,51,S7,270016,8,8,max_iter,1.9589255904555698,"[11, 13, 6, 248, 20, 230, 24, 235]"
3,51,S7,289344,8,8,max_iter,1.9298270620862645,"[239, 18, 153, 30, 93, 217, 81, 189]"
3,51,S7,308544,8,8,max_iter,1.8341017787684908,"[11, 31, 32, 44, 234, 222, 42, 149]"
3,51,S7,327872,8,8,max_iter,1.6569249885378676,"[13, 8, 17, 27, 12, 1, 15, 30]"
3,51,S7,347072,8,8,max_iter,1.679105223030266,"[9, 11, 19, 13, 0, 15, 21, 5]"
3,51,S7,366400,8,8,max_iter,1.678303494106226,"[9, 18, 20, 8, 10, 211, 7, 143]"
3,51,S7,385600,8,8,max_iter,1.9491401183036168,"[5, 11, 15, 7, 9, 10, 8, 6]"
3,51,S7,404928,8,8,max_iter,1.6443720777924855,"[11, 6, 23, 36, 25, 42, 214, 220]"
3,51,S7,424256,8,8,max_iter,1.909150472458171,"[9, 17, 51, 6, 11, 10, 0, 183]"
3,51,S7,443456,8,8,max_iter,1.7971390247435262,"[11, 22, 8, 28, 13, 199, 6, 33]"
3,51,S7,462784,8,8,max_iter,2.0674666972186855,"[5, 14, 8, 4, 10, 62, 16, 27]"
3,51,S7,481984,8,8,max_iter,1.6582006128893771,"[15, 8, 30, 29, 14, 22, 5, 172]"
3,51,S7,501312,8,8,max_iter,1.6635643114749337,"[13, 12, 211, 19, 4, 6, 20, 25]"
3,51,S7,520512,8,8,max_iter,1.8180106760304187,"[11, 9, 21, 7, 50, 191, 188, 239]"
3,51,S7,539840,8,8,max_iter,1.9007930990476318,"[10, 8, 7, 3, 19, 1, 64, 123]"
3,51,S7,559040,8,8,max_iter,1.75982698228245,"[10, 211, 6, 21, 12, 5, 8, 13]"
3,51,S7,578368,8,8,max_iter,1.7152886013698667,"[9, 21, 185, 3, 135, 8, 7, 202]"
3,51,S7,597696,8,8,max_iter,1.7214224726447278,"[9, 7, 10, 3, 19, 8, 1, 17]"
3,51,S8,320,8,8,max_iter,1.9993271994373931,"[4, 9, 3, 2, 6, 8, 1, 5]"
3,51,S8,16960,8,8,max_iter,1.733473800682387,"[8, 9, 5, 6, 12, 14, 13, 210]"
3,51,S8,33600,8,8,max_iter,1.8273195259831108,"[4, 6, 250, 161, 103, 85, 3, 13]"
3,51,S8,50240,8,8,max_iter,1.926823689062744,"[15, 9, 12, 13, 3, 10, 6, 56]"
3,51,S8,66880,8,8,max_iter,2.1911292241311155,"[7, 14, 65, 153, 0, 54, 12, 4]"
3,51,S8,83520,8,8,max_iter,2.079298488528001,"[16, 9, 95, 14, 20, 15, 29, 6]"
3,51,S8,100160,8,8,max_iter,1.6600627326412334,"[9, 227, 231, 4, 17, 218, 92, 184]"
3,51,S8,116928,8,8,max_iter,1.4992029685536727,"[9, 19, 153, 10, 6, 119, 121, 11]"
3,51,S8,133568,8,8,max_iter,2.0840813825261733,"[14, 22, 200, 8, 153, 138, 28, 134]"
3,51,S8,150208,8,8,max_iter,1.7672950365425912,"[15, 6, 7, 12, 9, 130, 11, 189]"
3,51,S8,166848,8,8,max_iter,1.8278563541291288,"[7, 15, 5, 11, 214, 132, 204, 81]"
3,51,S8,183488,8,8,max_iter,1.6730882138027674,"[9, 6, 10, 13, 97, 120, 36, 106]"
3,51,S8,200128,8,8,max_iter,1.9467068075968919,"[17, 12, 43, 22, 31, 11, 211, 120]"
3,51,S8,216896,8,8,max_iter,1.486238920976093,"[14, 17, 6, 11, 12, 70, 7, 15]"
3,51,S8,233536,8,8,max_iter,1.9273838453045737,"[6, 8, 14, 50, 10, 27, 5, 103]"
3,51,S8,250176,8,8,max_iter,1.8154374247136456,"[8, 7, 17, 15, 19, 219, 1, 125]"
3,51,S8,266816,8,8,max_iter,1.8988208775337692,"[7, 45, 15, 9, 30, 5, 245, 13]"
3,51,S8,283456,8,8,max_iter,1.7547084414828646,"[28, 9, 15, 19, 21, 24, 10, 177]"
3,51,S8,300096,8,8,max_iter,1.7312603198643723,"[9, 31, 25, 0, 11, 4, 43, 105]"
3,51,S8,316864,8,8,max_iter,2.016389603935577,"[5, 3, 7, 4, 12, 10, 15, 2]"
3,51,S8,333504,8,8,max_iter,1.993647674801898,"[9, 7, 4, 5, 28, 10, 19, 6]"
3,51,S8,350144,8,8,max_iter,1.8156435483375872,"[10, 7, 73, 20, 245, 38, 81, 227]"
3,51,S8,366784,8,8,max_iter,1.8027195383030081,"[14, 3, 238, 31, 15, 18, 76, 23]"
3,51,S8,383424,8,8,max_iter,1.7641294519300819,"[7, 59, 14, 63, 39, 239, 242, 0]"
3,51,S8,400064,8,8,max_iter,1.7968986465113597,"[7, 14, 254, 122, 2, 166, 233, 92]"
3,51,S8,416832,8,8,max_iter,1.7452251895758344,"[15, 7, 8, 9, 13, 12, 114, 190]"
3,51,S8,433472,8,8,max_iter,1.7108403116629378,"[8, 16, 6, 70, 5, 163, 121, 124]"
3,51,S8,450112,8,8,max_iter,1.6783043658125258,"[27, 8, 9, 10, 19, 50, 103, 200]"
3,51,S8,466752,8,8,max_iter,2.0590695173360287,"[8, 15, 9, 7, 14, 5, 11, 16]"
3,51,S8,483392,8,8,max_iter,1.6717234957899014,"[8, 10, 15, 11, 23, 14, 229, 59]"
3,51,S8,500032,8,8,max_iter,1.878837871122007,"[8, 0, 16, 10, 7, 199, 15, 229]"
3,51,S8,516800,8,8,max_iter,1.9635108619529322,"[15, 3, 14, 8, 4, 2, 21, 18]"
3,51,S9,320,8,8,max_iter,1.963826667355072,"[9, 6, 10, 19, 3, 49, 125, 103]"
3,51,S9,17856,8,8,max_iter,1.6715862006024687,"[7, 15, 9, 211, 42, 121, 19, 3]"
3,51,S9,35520,8,8,max_iter,1.710771076950491,"[7, 8, 2, 122, 29, 11, 189, 214]"
3,51,S9,53184,8,8,max_iter,1.9771816239912434,"[10, 1, 18, 3, 222, 13, 20, 85]"
3,51,S9,70848,8,8,max_iter,1.7108407053711672,"[14, 8, 7, 69, 27, 114, 221, 167]"
3,51,S9,88512,8,8,max_iter,1.965983408116348,"[10, 6, 7, 15, 11, 5, 4, 3]"
3,51,S9,106176,8,8,max_iter,1.615129743606671,"[9, 7, 8, 25, 11, 18, 214, 212]"
3,51,S9,123840,8,8,max_iter,1.9919091080534106,"[7, 48, 10, 37, 200, 143, 190, 240]"
3,51,S9,141504,8,8,max_iter,1.862810599878431,"[3, 27, 29, 22, 4, 13, 252, 12]"
3,51,S9,159168,8,8,max_iter,1.7265321439748988,"[12, 6, 15, 14, 9, 16, 3, 134]"
3,51,S9,176832,8,8,max_iter,1.8329102157764257,"[10, 9, 239, 169, 13, 8, 137, 4]"
3,51,S9,194368,8,8,max_iter,1.8342826350196837,"[8, 10, 180, 137, 222, 93, 244, 134]"
3,51,S9,212032,8,8,max_iter,2.1549249641648864,"[4, 3, 2, 6, 17, 69, 8, 5]"
3,51,S9,229696,8,8,max_iter,1.8283569995911677,"[8, 10, 14, 9, 5, 6, 15, 229]"
3,51,S9,247360,8,8,max_iter,1.9185550519122154,"[8, 7, 3, 20, 10, 12, 190, 1]"
3,51,S9,265024,8,8,max_iter,1.7466640399011526,"[16, 27, 48, 24, 67, 164, 12, 234]"
3,51,S9,282688,8,8,max_iter,1.8597410965500396,"[6, 27, 228, 46, 164, 54, 194, 244]"
3,51,S9,300352,8,8,max_iter,1.8766493633354282,"[9, 14, 29, 12, 10, 7, 27, 8]"
3,51,S9,318016,8,8,max_iter,1.4578961937343349,"[13, 48, 135, 89, 3, 22, 88, 224]"
3,51,S9,335680,8,8,max_iter,1.6590315418023134,"[12, 3, 5, 13, 45, 189, 22, 6]"
3,51,S9,353344,8,8,max_iter,1.6281958118014837,"[4, 7, 209, 11, 139, 173, 105, 164]"
3,51,S9,370880,8,8,max_iter,1.8860735864588665,"[5, 9, 4, 18, 10, 78, 14, 15]"
3,51,S9,388544,8,8,max_iter,1.8009201344505907,"[2, 74, 111, 234, 32, 39, 80, 190]"
3,51,S9,406208,8,8,max_iter,1.6281824163206968,"[122, 15, 61, 160, 41, 82, 113, 108]"
3,51,S9,423872,8,8,max_iter,1.6430136812215597,"[7, 26, 93, 13, 18, 156, 2, 145]"
3,51,S9,441536,8,8,max_iter,1.738555321313937,"[17, 7, 24, 28, 56, 141, 59, 222]"
3,51,S9,459200,8,8,max_iter,1.9037431538538834,"[9, 16, 5, 21, 10, 239, 11, 93]"
3,51,S9,476864,8,8,max_iter,1.6919354317295234,"[1, 2, 24, 3, 22, 111, 11, 0]"
3,51,S9,494528,8,8,max_iter,1.687137498574404,"[10, 8, 4, 25, 6, 22, 45, 87]"
3,51,S9,512192,8,8,max_iter,1.5505730270171967,"[7, 13, 9, 15, 145, 8, 174, 233]"
3,51,S9,529856,8,8,max_iter,1.7857836822172464,"[229, 116, 211, 35, 155, 19, 74, 95]"
3,51,S9,547520,8,8,max_iter,1.4862411931090005,"[6, 7, 8, 27, 10, 50, 101, 200]"
3,77,S7,320,16,16,max_iter,2.233826293675569,"[7, 10, 11, 5, 8, 9, 17, 14, 16, 6, 15, 13, 2, 4, 0, 18]"
3,77,S7,19520,16,16,max_iter,2.1686504575445724,"[8, 6, 12, 10, 13, 15, 29, 20, 9, 21, 34, 202, 239, 32, 33, 105]"
3,77,S7,38848,16,16,max_iter,2.134568110485864,"[8, 7, 6, 10, 27, 22, 15, 24, 2, 12, 9, 4, 173, 159, 131, 215]"
3,77,S7,58048,16,16,max_iter,2.0385201368534855,"[15, 13, 7, 209, 33, 8, 6, 75, 244, 12, 10, 163, 119, 30, 21, 101]"
3,77,S7,77376,16,16,max_iter,2.0776573299435666,"[8, 15, 17, 14, 29, 12, 23, 33, 10, 7, 25, 24, 105, 247, 241, 21]"
3,77,S7,96576,16,16,max_iter,2.4848020645334743,"[13, 3, 15, 25, 11, 9, 21, 8, 207, 7, 12, 24, 17, 139, 16, 37]"
3,77,S7,115904,16,16,max_iter,2.0670701732687746,"[20, 199, 14, 135, 252, 18, 178, 82, 90, 106, 19, 241, 91, 21, 5, 86]"
3,77,S7,135104,16,16,max_iter,2.2603188090752058,"[13, 26, 24, 12, 22, 37, 15, 123, 11, 29, 16, 149, 174, 143, 157, 138]"
3,77,S7,154432,16,16,max_iter,2.5386249122471733,"[5, 15, 7, 8, 30, 10, 67, 214, 14, 11, 18, 16, 4, 32, 17, 36]"
3,77,S7,173632,16,16,max_iter,2.250641418722382,"[7, 14, 15, 9, 137, 47, 121, 110, 99, 6, 4, 33, 34, 152, 16, 244]"
3,77,S7,192960,16,16,max_iter,2.334590067859679,"[14, 13, 15, 52, 12, 234, 133, 224, 7, 26, 175, 42, 163, 44, 6, 202]"
3,77,S7,212288,16,16,max_iter,2.257321505913874,"[12, 11, 5, 15, 29, 36, 173, 121, 13, 104, 196, 24, 57, 66, 148, 245]"
3,77,S7,231488,16,16,max_iter,2.4055232547373304,"[9, 19, 8, 91, 166, 50, 11, 100, 12, 4, 16, 154, 96, 207, 41, 224]"
3,77,S7,250816,16,16,max_iter,2.281036160380505,"[10, 21, 11, 19, 95, 22, 229, 30, 59, 27, 6, 90, 222, 170, 41, 174]"
3,77,S7,270016,16,16,max_iter,2.391991532421598,"[11, 13, 24, 20, 9, 8, 6, 18, 10, 14, 22, 34, 0, 245, 12, 7]"
3,77,S7,289344,16,16,max_iter,2.347855133386964,"[239, 15, 5, 34, 248, 29, 25, 7, 13, 16, 18, 14, 179, 12, 57, 240]"
3,77,S7,308544,16,16,max_iter,2.3556717264268414,"[11, 10, 8, 22, 12, 3, 21, 32, 137, 4, 9, 2, 44, 26, 14, 20]"
3,77,S7,327872,16,16,max_iter,2.782319892427714,"[13, 8, 17, 27, 1, 12, 15, 24, 29, 25, 22, 6, 11, 128, 5, 4]"
3,77,S7,347072,16,16,max_iter,2.2820866753055467,"[9, 11, 13, 19, 21, 5, 234, 15, 0, 23, 6, 8, 119, 33, 31, 14]"
3,77,S7,366400,16,16,max_iter,2.4741724488169856,"[9, 18, 10, 8, 20, 28, 7, 143, 19, 238, 22, 11, 30, 6, 29, 5]"
3,77,S7,385600,16,16,max_iter,2.131943603583328,"[11, 5, 9, 7, 8, 6, 22, 10, 12, 2, 33, 15, 13, 25, 201, 176]"
3,77,S7,404928,16,16,max_iter,2.065302910304451,"[11, 6, 23, 4, 21, 25, 229, 15, 94, 235, 42, 5, 51, 14, 246, 154]"
3,77,S7,424256,16,16,max_iter,2.09728164538574,"[9, 11, 17, 23, 19, 169, 6, 10, 51, 86, 22, 221, 233, 140, 198, 8]"
3,77,S7,443456,16,16,max_iter,2.4102800077256576,"[11, 8, 22, 10, 12, 6, 32, 13, 28, 192, 40, 27, 2, 204, 56, 224]"
3,77,S7,462784,16,16,max_iter,2.237191261202439,"[14, 5, 4, 8, 2, 3, 27, 16, 10, 20, 53, 42, 7, 149, 92, 25]"
3,77,S7,481984,16,16,max_iter,2.2241400304300454,"[15, 8, 30, 22, 29, 14, 6, 7, 45, 16, 17, 13, 9, 2, 10, 4]"
3,77,S7,501312,16,16,max_iter,2.4579536786995244,"[13, 12, 6, 24, 23, 9, 7, 10, 11, 25, 20, 142, 158, 68, 223, 8]"
3,77,S7,520512,16,16,max_iter,2.2079719659714,"[11, 9, 21, 5, 7, 12, 13, 20, 188, 10, 22, 227, 41, 142, 128, 67]"
3,77,S7,539840,16,16,max_iter,2.1446590793764226,"[10, 19, 21, 9, 7, 63, 5, 3, 220, 125, 24, 1, 248, 169, 18, 13]"
3,77,S7,559040,16,16,max_iter,2.3096801816856822,"[10, 6, 21, 12, 11, 5, 8, 9, 3, 15, 13, 22, 17, 4, 20, 2]"
3,77,S7,578368,16,16,max_iter,2.453785693750887,"[9, 11, 13, 21, 12, 22, 7, 16, 6, 1, 19, 179, 90, 27, 15, 188]"
3,77,S7,597696,16,16,max_iter,2.6601491309151646,"[7, 10, 9, 3, 8, 19, 11, 20, 28, 5, 17, 22, 16, 15, 21, 1]"
3,77,S8,320,16,16,max_iter,2.362722410880505,"[4, 2, 9, 3, 5, 8, 1, 6, 7, 0, 30, 26, 12, 16, 20, 18]"
3,77,S8,16960,16,16,max_iter,2.545591534974724,"[9, 5, 8, 6, 13, 14, 12, 4, 17, 22, 25, 21, 42, 15, 2, 19]"
3,77,S8,33600,16,16,max_iter,2.2458839296420443,"[4, 6, 16, 3, 13, 8, 26, 5, 2, 12, 214, 1, 85, 17, 14, 40]"
3,77,S8,50240,16,16,max_iter,2.48196655148913,"[15, 9, 13, 10, 12, 6, 16, 7, 11, 8, 25, 28, 14, 4, 157, 17]"
3,77,S8,66880,16,16,max_iter,2.3305539919754055,"[7, 14, 9, 16, 12, 5, 3, 24, 23, 1, 202, 21, 101, 13, 25, 238]"
3,77,S8,83520,16,16,max_iter,2.1998015395397466,"[16, 9, 14, 15, 6, 19, 21, 24, 10, 108, 234, 0, 148, 18, 244, 51]"
3,77,S8,100160,16,16,max_iter,2.259836458596637,"[9, 11, 12, 6, 20, 13, 14, 15, 4, 130, 175, 26, 16, 62, 7, 110]"
3,77,S8,116928,16,16,max_iter,2.4553139332261193,"[9, 6, 19, 7, 16, 5, 15, 17, 32, 10, 11, 12, 34, 44, 3, 14]"
3,77,S8,133568,16,16,max_iter,2.047436389104703,"[14, 22, 12, 8, 18, 7, 13, 21, 20, 9, 15, 10, 25, 4, 17, 24]"
3,77,S8,150208,16,16,max_iter,2.3821067043683506,"[6, 15, 7, 12, 9, 14, 13, 16, 30, 2, 11, 28, 19, 22, 21, 100]"
3,77,S8,166848,16,16,max_iter,2.625083289260201,"[7, 15, 5, 11, 24, 19, 53, 13, 10, 4, 180, 26, 202, 207, 116, 232]"
3,77,S8,183488,16,16,max_iter,2.2552393170180456,"[9, 10, 13, 11, 166, 6, 19, 15, 3, 30, 5, 17, 12, 45, 8, 170]"
3,77,S8,200128,16,16,max_iter,2.379845874756367,"[17, 11, 16, 12, 22, 10, 15, 18, 24, 200, 33, 61, 90, 76, 21, 137]"
3,77,S8,216896,16,16,max_iter,2.739333565918312,"[15, 9, 11, 12, 14, 6, 17, 7, 8, 16, 22, 239, 3, 25, 4, 19]"
3,77,S8,233536,16,16,max_iter,2.3551706624745568,"[6, 5, 14, 8, 13, 27, 11, 219, 90, 89, 10, 237, 188, 220, 213, 23]"
3,77,S8,250176,16,16,max_iter,2.307357353072087,"[8, 7, 17, 15, 19, 10, 11, 21, 26, 9, 45, 14, 245, 191, 157, 230]"
3,77,S8,266816,16,16,max_iter,2.256949595513403,"[7, 9, 15, 30, 10, 5, 8, 16, 20, 13, 23, 12, 245, 22, 31, 3]"
3,77,S8,283456,16,16,max_iter,2.4154907160818717,"[15, 9, 19, 21, 10, 24, 28, 106, 16, 17, 36, 51, 203, 208, 239, 1]"
3,77,S8,300096,16,16,max_iter,2.2820701547045497,"[9, 10, 4, 8, 2, 28, 7, 22, 18, 0, 11, 5, 6, 21, 19, 15]"
3,77,S8,316864,16,16,max_iter,2.3471138854747013,"[5, 12, 3, 4, 7, 10, 6, 15, 2, 227, 16, 22, 40, 127, 252, 218]"
3,77,S8,333504,16,16,max_iter,2.3151327746119317,"[9, 7, 4, 5, 28, 10, 12, 11, 6, 32, 19, 171, 193, 55, 163, 185]"
3,77,S8,350144,16,16,max_iter,1.99265071463342,"[10, 7, 3, 17, 82, 14, 20, 98, 122, 68, 241, 16, 107, 134, 8, 24]"
3,77,S8,366784,16,16,max_iter,2.2509093411600842,"[14, 3, 31, 17, 15, 18, 16, 10, 24, 112, 123, 193, 19, 1, 57, 243]"
3,77,S8,383424,16,16,max_iter,2.0174491577068783,"[7, 18, 14, 33, 27, 192, 8, 41, 230, 52, 139, 231, 32, 184, 251, 3]"
3,77,S8,400064,16,16,max_iter,2.482606529867356,"[7, 14, 254, 2, 8, 113, 20, 9, 15, 41, 192, 239, 133, 56, 197, 6]"
3,77,S8,416832,16,16,max_iter,2.1576053817369685,"[15, 7, 8, 14, 9, 13, 12, 29, 5, 11, 6, 23, 100, 244, 89, 19]"
3,77,S8,433472,16,16,max_iter,2.4906240044456975,"[8, 16, 24, 10, 2, 7, 5, 4, 9, 23, 12, 6, 31, 193, 149, 112]"
3,77,S8,450112,16,16,max_iter,2.1076601816714895,"[27, 10, 8, 4, 5, 9, 6, 19, 12, 2, 112, 15, 65, 22, 18, 21]"
3,77,S8,466752,16,16,max_iter,2.3869781162272123,"[8, 15, 7, 9, 14, 6, 5, 3, 19, 17, 21, 23, 45, 93, 26, 11]"
3,77,S8,483392,16,16,max_iter,2.3137174740060855,"[8, 10, 11, 15, 14, 23, 22, 5, 21, 24, 20, 12, 255, 16, 38, 29]"
3,77,S8,500032,16,16,max_iter,2.5226940274957386,"[8, 0, 9, 17, 4, 16, 10, 18, 5, 25, 7, 14, 6, 12, 2, 33]"
3,77,S8,516800,16,16,max_iter,2.0800675273000326,"[3, 14, 2, 15, 8, 4, 21, 12, 18, 19, 145, 144, 93, 231, 35, 26]"
3,77,S9,320,16,16,max_iter,2.433036004483134,"[9, 10, 6, 3, 18, 19, 11, 8, 14, 4, 2, 7, 25, 22, 110, 12]"
3,77,S9,17856,16,16,max_iter,2.0901719245191313,"[7, 15, 9, 3, 8, 17, 12, 121, 154, 124, 163, 28, 19, 30, 39, 11]"
3,77,S9,35520,16,16,max_iter,2.5254531450293904,"[7, 8, 6, 14, 16, 9, 5, 4, 2, 11, 86, 15, 22, 239, 198, 106]"
3,77,S9,53184,16,16,max_iter,2.4585160352870767,"[6, 3, 7, 1, 10, 20, 103, 139, 12, 56, 13, 188, 181, 89, 23, 161]"
3,77,S9,70848,16,16,max_iter,2.3546674722910907,"[14, 8, 7, 22, 21, 28, 27, 19, 33, 192, 235, 5, 30, 141, 20, 213]"
3,77,S9,88512,16,16,max_iter,2.340682799394977,"[10, 15, 11, 5, 6, 4, 7, 3, 12, 22, 18, 16, 9, 8, 21, 62]"
3,77,S9,106176,16,16,max_iter,2.1918541316961746,"[9, 7, 18, 31, 0, 8, 20, 14, 12, 15, 5, 25, 214, 33, 154, 161]"
3,77,S9,123840,16,16,max_iter,2.3132250320253194,"[5, 3, 106, 16, 10, 199, 48, 57, 71, 19, 126, 9, 7, 15, 167, 243]"
3,77,S9,141504,16,16,max_iter,2.050012586924935,"[22, 5, 12, 13, 24, 3, 27, 110, 108, 10, 6, 55, 225, 16, 85, 173]"
3,77,S9,159168,16,16,max_iter,2.2044542482558875,"[6, 12, 11, 15, 14, 9, 8, 28, 94, 19, 159, 207, 222, 237, 130, 146]"
3,77,S9,176832,16,16,max_iter,2.7420832814960217,"[10, 9, 239, 13, 8, 12, 4, 16, 7, 146, 5, 14, 19, 55, 24, 207]"
3,77,S9,194368,16,16,max_iter,2.1668854698211386,"[8, 12, 16, 10, 68, 178, 18, 14, 46, 121, 34, 4, 99, 58, 20, 3]"
3,77,S9,212032,16,16,max_iter,2.5754360665359277,"[4, 3, 2, 5, 6, 1, 8, 0, 20, 17, 10, 7, 22, 23, 27, 34]"
3,77,S9,229696,16,16,max_iter,2.180676477773571,"[8, 137, 5, 9, 14, 6, 10, 15, 13, 19, 12, 18, 255, 150, 23, 37]"
3,77,S9,247360,16,16,max_iter,2.0471535789960185,"[8, 10, 7, 3, 20, 12, 1, 33, 27, 192, 41, 17, 25, 245, 37, 140]"
3,77,S9,265024,16,16,max_iter,2.067909823210713,"[16, 11, 14, 41, 12, 27, 72, 246, 171, 132, 91, 148, 38, 5, 185, 212]"
3,77,S9,282688,16,16,max_iter,2.1721158860122216,"[6, 27, 135, 22, 46, 16, 224, 182, 41, 12, 171, 4, 25, 21, 94, 38]"
3,77,S9,300352,16,16,max_iter,2.298423727657953,"[9, 12, 27, 10, 7, 169, 14, 30, 248, 47, 29, 6, 8, 172, 127, 34]"
3,77,S9,318016,16,16,max_iter,2.3594439411896597,"[14, 9, 8, 13, 7, 11, 20, 15, 6, 40, 149, 76, 10, 246, 23, 104]"
3,77,S9,335680,16,16,max_iter,2.261116097034428,"[12, 11, 24, 5, 3, 13, 20, 22, 6, 4, 2, 1, 16, 0, 32, 15]"
3,77,S9,353344,16,16,max_iter,2.288930778618233,"[12, 7, 4, 11, 6, 16, 17, 9, 18, 5, 180, 22, 46, 103, 32, 8]"
3,77,S9,370880,16,16,max_iter,2.3690995612821197,"[5, 9, 4, 18, 10, 19, 223, 13, 11, 2, 15, 25, 14, 6, 26, 31]"
3,77,S9,388544,16,16,max_iter,2.299696702479481,"[10, 9, 16, 19, 5, 6, 22, 24, 7, 23, 18, 26, 126, 101, 123, 79]"
3,77,S9,406208,16,16,max_iter,2.282188579461113,"[15, 10, 5, 2, 18, 203, 9, 116, 8, 93, 23, 4, 14, 11, 13, 27]"
3,77,S9,423872,16,16,max_iter,2.226480713389067,"[7, 22, 2, 4, 13, 15, 65, 6, 8, 30, 225, 20, 9, 17, 45, 14]"
3,77,S9,441536,16,16,max_iter,2.325349991635177,"[24, 7, 17, 28, 9, 13, 38, 15, 12, 21, 142, 29, 26, 10, 5, 14]"
3,77,S9,459200,16,16,max_iter,1.8785671700686328,"[10, 5, 11, 9, 21, 7, 13, 23, 19, 1, 12, 179, 201, 251, 64, 68]"
3,77,S9,476864,16,16,max_iter,2.2367688652893554,"[1, 2, 22, 0, 24, 19, 18, 16, 44, 234, 88, 190, 23, 233, 67, 17]"
3,77,S9,494528,16,16,max_iter,2.162140309486929,"[10, 9, 8, 4, 15, 25, 2, 12, 6, 22, 185, 23, 30, 146, 28, 0]"
3,77,S9,512192,16,16,max_iter,2.376575058711808,"[7, 15, 18, 8, 9, 13, 5, 22, 16, 0, 133, 79, 239, 30, 190, 118]"
3,77,S9,529856,16,16,max_iter,2.3808065570917805,"[6, 15, 13, 17, 7, 20, 5, 79, 43, 16, 19, 10, 21, 27, 8, 3]"
3,77,S9,547520,16,16,max_iter,2.405944056370702,"[6, 7, 27, 13, 8, 12, 32, 11, 5, 214, 17, 4, 28, 34, 23, 199]"
3,128,S7,320,64,64,max_iter,5.529923428975195,"[7, 10, 11, 5, 9, 8, 13, 14, 17, 6, 4, 15, 16, 2, 0, 19, 18, 22, 25, 20, 21, 34, 30, 1, 26, 28, 24, 12, 45, 37, 82, 32, 171, 42, 38, 33, 3, 48, 31, 47, 35, 29, 23, 27, 36, 44, 46, 53, 49, 136, 39, 55, 40, 58, 104, 83, 52, 59, 94, 72, 162, 50, 139, 103]"
3,128,S7,19520,64,64,max_iter,5.276690331430537,"[8, 6, 12, 10, 9, 13, 16, 21, 29, 5, 20, 25, 19, 28, 14, 15, 32, 1, 45, 38, 27, 7, 3, 17, 36, 40, 47, 2, 18, 43, 11, 33, 35, 24, 4, 22, 44, 37, 0, 48, 26, 50, 31, 34, 41, 39, 52, 57, 49, 23, 64, 51, 60, 62, 54, 55, 53, 56, 30, 58, 113, 42, 67, 72]"
3,128,S7,38848,64,64,max_iter,5.233005020662608,"[7, 8, 10, 6, 15, 248, 27, 156, 4, 2, 5, 19, 16, 12, 17, 22, 38, 9, 24, 21, 31, 26, 0, 23, 13, 30, 14, 45, 29, 41, 28, 11, 34, 35, 48, 51, 3, 1, 18, 25, 42, 33, 49, 60, 37, 56, 20, 53, 46, 39, 52, 47, 59, 43, 44, 68, 36, 139, 64, 40, 76, 63, 178, 154]"
3,128,S7,58048,64,64,max_iter,5.382940969521307,"[13, 15, 7, 33, 6, 17, 10, 5, 21, 12, 9, 23, 20, 28, 1, 24, 25, 14, 35, 32, 34, 8, 31, 16, 26, 29, 19, 18, 30, 11, 51, 44, 40, 38, 27, 39, 3, 36, 37, 49, 41, 54, 61, 47, 87, 113, 50, 43, 59, 22, 66, 53, 160, 202, 63, 205, 46, 119, 236, 77, 57, 62, 65, 45]"
3,128,S7,77376,64,64,max_iter,5.023857627118402,"[8, 17, 15, 14, 12, 23, 10, 33, 29, 25, 24, 18, 21, 7, 2, 26, 22, 28, 20, 16, 36, 5, 31, 46, 0, 9, 44, 6, 3, 32, 19, 4, 43, 13, 38, 30, 34, 41, 35, 55, 53, 54, 27, 45, 69, 40, 1, 71, 48, 37, 101, 111, 163, 66, 73, 93, 184, 135, 153, 113, 244, 144, 68, 202]"
3,128,S7,96576,64,64,max_iter,6.666182989588213,"[13, 11, 25, 15, 3, 9, 24, 17, 21, 12, 37, 2, 14, 5, 26, 8, 6, 7, 30, 23, 36, 38, 29, 28, 16, 10, 31, 39, 20, 221, 0, 225, 49, 51, 35, 34, 69, 43, 47, 168, 216, 78, 62, 27, 18, 22, 33, 19, 48, 217, 228, 50, 46, 236, 61, 53, 40, 41, 44, 54, 42, 45, 64, 60]"
3,128,S7,115904,64,64,max_iter,5.423314005084362,"[20, 11, 14, 7, 4, 12, 17, 2, 18, 21, 5, 19, 23, 8, 25, 29, 24, 0, 27, 37, 28, 1, 44, 43, 13, 241, 40, 35, 87, 45, 33, 30, 224, 225, 240, 100, 46, 98, 135, 216, 148, 66, 250, 151, 157, 16, 131, 146, 169, 41, 220, 193, 120, 31, 9, 48, 51, 103, 54, 201, 138, 136, 196, 177]"
3,128,S7,135104,64,64,max_iter,5.855577055764835,"[13, 24, 12, 15, 26, 22, 25, 14, 27, 11, 3, 5, 28, 9, 34, 8, 23, 38, 31, 39, 29, 180, 18, 6, 20, 1, 10, 37, 40, 4, 2, 16, 30, 32, 41, 35, 33, 49, 7, 43, 42, 50, 51, 210, 0, 17, 44, 52, 19, 186, 63, 83, 240, 140, 250, 178, 64, 48, 21, 68, 66, 189, 53, 126]"
3,128,S7,154432,64,64,max_iter,5.326179791994896,"[15, 5, 7, 30, 14, 8, 18, 11, 16, 17, 4, 10, 32, 46, 3, 190, 178, 37, 34, 2, 158, 21, 6, 24, 35, 12, 26, 19, 48, 36, 1, 45, 44, 0, 22, 33, 9, 25, 13, 40, 20, 23, 60, 29, 53, 41, 27, 47, 54, 43, 50, 49, 58, 31, 38, 28, 75, 52, 51, 180, 39, 195, 242, 68]"
3,128,S7,173632,64,64,max_iter,5.543566356503044,"[14, 7, 15, 9, 28, 26, 3, 16, 6, 4, 30, 32, 20, 41, 10, 8, 24, 43, 19, 17, 12, 23, 78, 21, 42, 37, 27, 38, 18, 11, 34, 25, 36, 5, 47, 46, 44, 31, 0, 155, 71, 1, 22, 2, 53, 48, 45, 54, 39, 40, 58, 49, 60, 13, 59, 55, 56, 63, 64, 74, 174, 160, 236, 101]"
3,128,S7,192960,64,64,max_iter,5.210684531922613,"[14, 13, 8, 24, 15, 11, 12, 7, 26, 30, 17, 29, 27, 20, 19, 5, 28, 22, 21, 3, 192, 1, 149, 144, 98, 224, 36, 4, 2, 31, 16, 6, 43, 23, 42, 37, 18, 33, 49, 45, 25, 0, 40, 87, 38, 71, 41, 32, 99, 9, 83, 46, 231, 61, 110, 100, 180, 105, 67, 167, 107, 243, 103, 101]"
3,128,S7,212288,64,64,max_iter,5.166686450635066,"[12, 15, 11, 7, 24, 6, 5, 10, 27, 13, 36, 29, 37, 3, 23, 18, 4, 28, 26, 21, 8, 38, 17, 30, 43, 2, 35, 39, 19, 1, 33, 14, 44, 9, 25, 46, 32, 42, 49, 57, 0, 20, 45, 22, 51, 47, 34, 58, 63, 48, 67, 61, 41, 59, 16, 60, 54, 202, 110, 152, 81, 195, 212, 119]"
3,128,S7,231488,64,64,max_iter,5.779432464046455,"[9, 8, 19, 17, 12, 10, 91, 4, 11, 27, 13, 2, 21, 7, 14, 18, 164, 46, 1, 0, 29, 3, 5, 37, 45, 24, 35, 15, 16, 31, 22, 33, 30, 34, 20, 56, 38, 48, 25, 28, 23, 44, 41, 47, 36, 42, 40, 39, 54, 161, 104, 70, 52, 105, 83, 106, 249, 113, 195, 218, 135, 49, 253, 210]"
3,128,S7,250816,64,64,max_iter,5.589815045513875,"[10, 11, 21, 19, 22, 30, 23, 20, 29, 177, 14, 27, 7, 6, 25, 28, 1, 31, 18, 32, 33, 41, 2, 4, 13, 17, 15, 48, 42, 171, 0, 16, 9, 39, 3, 12, 40, 50, 47, 5, 8, 38, 26, 146, 36, 35, 46, 24, 53, 43, 37, 61, 62, 55, 58, 49, 45, 56, 51, 44, 67, 34, 65, 63]"
3,128,S7,270016,64,64,max_iter,5.237003810691227,"[11, 13, 24, 20, 9, 6, 18, 10, 14, 22, 7, 8, 34, 19, 39, 2, 23, 27, 26, 28, 85, 35, 0, 17, 21, 45, 44, 33, 32, 29, 25, 16, 12, 5, 94, 43, 4, 36, 30, 48, 49, 15, 41, 31, 42, 1, 46, 92, 84, 40, 54, 190, 214, 64, 136, 51, 185, 87, 66, 97, 186, 62, 69, 181]"
3,128,S7,289344,64,64,max_iter,5.630996028923459,"[7, 16, 14, 13, 5, 18, 29, 15, 20, 8, 11, 30, 21, 26, 17, 43, 22, 9, 31, 1, 28, 44, 0, 19, 40, 41, 57, 3, 23, 25, 2, 51, 50, 39, 42, 12, 35, 38, 37, 46, 49, 45, 27, 61, 24, 53, 169, 92, 186, 126, 87, 190, 6, 55, 4, 208, 36, 210, 171, 56, 99, 71, 59, 77]"
3,128,S7,308544,64,64,max_iter,5.847618125951693,"[11, 10, 22, 21, 3, 12, 23, 9, 32, 8, 5, 34, 194, 26, 14, 2, 30, 20, 17, 142, 44, 15, 54, 6, 19, 7, 31, 1, 4, 46, 60, 13, 29, 210, 35, 42, 43, 25, 40, 38, 36, 39, 27, 122, 48, 174, 37, 45, 28, 0, 49, 58, 50, 52, 138, 24, 88, 242, 33, 18, 148, 62, 249, 209]"
3,128,S7,327872,64,64,max_iter,5.504972644534213,"[13, 8, 17, 27, 1, 12, 6, 25, 5, 4, 29, 15, 22, 18, 30, 24, 11, 41, 23, 9, 3, 31, 108, 32, 19, 14, 39, 10, 28, 37, 51, 46, 0, 44, 35, 36, 220, 54, 43, 16, 38, 62, 158, 40, 64, 21, 63, 47, 49, 20, 185, 129, 26, 226, 59, 66, 73, 254, 229, 248, 236, 123, 144, 131]"
3,128,S7,347072,64,64,max_iter,6.380440329110512,"[11, 9, 13, 19, 15, 5, 21, 8, 6, 33, 14, 31, 4, 7, 23, 2, 34, 24, 17, 25, 3, 18, 0, 26, 20, 35, 40, 29, 44, 61, 39, 159, 27, 22, 41, 42, 30, 45, 54, 43, 50, 57, 179, 106, 55, 59, 37, 167, 241, 156, 16, 10, 1, 36, 38, 87, 48, 51, 46, 113, 28, 32, 56, 53]"
3,128,S7,366400,64,64,max_iter,5.184988232667141,"[9, 10, 8, 18, 20, 28, 11, 7, 29, 27, 6, 19, 5, 15, 22, 13, 1, 37, 30, 47, 3, 39, 16, 31, 14, 21, 34, 41, 32, 23, 4, 0, 48, 2, 51, 12, 45, 26, 52, 49, 136, 17, 175, 157, 98, 123, 162, 80, 129, 53, 46, 108, 179, 230, 102, 203, 60, 178, 183, 241, 64, 119, 55, 43]"
3,128,S7,385600,64,64,max_iter,5.324842546678013,"[11, 9, 5, 8, 7, 10, 15, 6, 12, 22, 2, 4, 0, 17, 25, 19, 33, 21, 27, 23, 34, 20, 14, 28, 16, 26, 43, 37, 32, 30, 39, 46, 36, 41, 45, 35, 24, 47, 42, 48, 29, 3, 31, 44, 55, 38, 51, 64, 1, 71, 236, 72, 203, 59, 67, 56, 95, 120, 69, 91, 87, 53, 70, 94]"
3,128,S7,404928,64,64,max_iter,5.119021768750941,"[11, 6, 23, 21, 4, 25, 17, 15, 5, 7, 22, 33, 42, 14, 8, 29, 32, 90, 39, 26, 37, 43, 47, 10, 27, 18, 35, 36, 45, 38, 34, 20, 1, 13, 19, 31, 51, 16, 30, 24, 56, 55, 40, 58, 2, 0, 49, 48, 46, 67, 28, 63, 165, 59, 9, 101, 74, 12, 252, 68, 66, 163, 69, 245]"
3,128,S7,424256,64,64,max_iter,5.396573866938519,"[9, 11, 19, 17, 23, 6, 10, 169, 29, 13, 22, 8, 21, 15, 16, 5, 18, 12, 2, 32, 3, 20, 27, 0, 38, 7, 28, 35, 41, 48, 26, 4, 36, 45, 49, 39, 30, 47, 40, 33, 1, 51, 25, 24, 34, 37, 31, 50, 61, 46, 59, 65, 66, 60, 52, 215, 136, 134, 179, 43, 58, 113, 228, 253]"
3,128,S7,443456,64,64,max_iter,5.131358509042187,"[11, 8, 22, 12, 10, 6, 13, 32, 46, 4, 7, 21, 9, 14, 43, 17, 34, 23, 3, 0, 1, 35, 33, 5, 18, 254, 2, 15, 31, 47, 250, 51, 40, 241, 100, 19, 24, 50, 236, 133, 27, 215, 41, 30, 221, 83, 166, 249, 145, 45, 77, 224, 179, 251, 155, 227, 149, 113, 242, 210, 87, 89, 75, 165]"
3,128,S7,462784,64,64,max_iter,6.260436613623455,"[14, 5, 4, 8, 16, 27, 2, 3, 7, 10, 25, 26, 15, 20, 13, 21, 28, 17, 23, 42, 18, 12, 78, 35, 1, 29, 19, 54, 142, 245, 38, 48, 173, 6, 9, 39, 24, 11, 40, 236, 143, 56, 51, 0, 31, 45, 33, 34, 41, 156, 64, 52, 154, 71, 96, 118, 66, 58, 238, 43, 172, 168, 198, 109]"
3,128,S7,481984,64,64,max_iter,5.832786629187692,"[15, 8, 22, 30, 29, 14, 6, 7, 1, 3, 13, 2, 9, 16, 17, 4, 27, 42, 45, 10, 37, 0, 11, 20, 41, 19, 35, 117, 51, 23, 223, 18, 28, 31, 43, 32, 44, 25, 56, 26, 5, 12, 24, 47, 38, 39, 249, 52, 66, 36, 34, 55, 49, 40, 48, 60, 58, 50, 59, 46, 62, 61, 54, 70]"
3,128,S7,501312,64,64,max_iter,5.854321334892239,"[13, 12, 16, 23, 7, 11, 6, 10, 9, 24, 25, 15, 20, 37, 26, 18, 8, 19, 22, 38, 27, 31, 35, 3, 1, 40, 49, 36, 34, 30, 42, 21, 54, 33, 46, 5, 50, 230, 28, 14, 47, 32, 45, 59, 2, 41, 29, 39, 55, 135, 64, 203, 72, 178, 126, 151, 17, 52, 62, 51, 58, 43, 53, 44]"
3,128,S7,520512,64,64,max_iter,5.063255926060104,"[11, 5, 21, 9, 7, 20, 12, 13, 1, 8, 22, 4, 29, 33, 10, 32, 23, 30, 31, 17, 14, 71, 41, 15, 18, 3, 39, 19, 42, 49, 27, 255, 37, 0, 51, 43, 6, 40, 38, 24, 47, 57, 2, 56, 59, 25, 35, 28, 61, 236, 234, 191, 101, 224, 135, 166, 77, 50, 52, 44, 62, 119, 48, 87]"
3,128,S7,539840,64,64,max_iter,6.464887130498754,"[10, 9, 19, 5, 3, 1, 8, 7, 13, 2, 6, 22, 15, 18, 12, 4, 27, 24, 28, 30, 11, 0, 17, 21, 31, 38, 34, 26, 36, 23, 20, 47, 29, 14, 33, 39, 16, 55, 46, 44, 45, 37, 57, 56, 48, 73, 35, 215, 210, 222, 228, 49, 74, 109, 245, 204, 128, 150, 214, 166, 234, 32, 58, 113]"
3,128,S7,559040,64,64,max_iter,5.401956808645564,"[10, 6, 21, 8, 11, 12, 5, 9, 13, 3, 15, 22, 4, 17, 20, 18, 24, 0, 16, 31, 26, 2, 32, 29, 43, 33, 19, 25, 40, 41, 44, 34, 23, 35, 30, 14, 39, 38, 135, 51, 46, 48, 47, 107, 37, 28, 27, 54, 42, 52, 61, 1, 45, 66, 59, 36, 56, 53, 7, 50, 63, 89, 68, 113]"
3,128,S7,578368,64,64,max_iter,5.119596930380403,"[9, 11, 13, 12, 21, 22, 19, 20, 4, 0, 15, 24, 16, 10, 2, 6, 8, 7, 27, 23, 14, 25, 34, 44, 31, 18, 1, 3, 32, 26, 30, 5, 37, 43, 33, 53, 47, 57, 191, 41, 51, 40, 49, 42, 46, 29, 64, 36, 66, 38, 48, 70, 35, 39, 63, 163, 117, 179, 68, 54, 224, 91, 184, 232]"
3,128,S7,597696,64,64,max_iter,5.602238434854318,"[10, 8, 11, 20, 9, 7, 3, 5, 19, 17, 22, 21, 15, 1, 29, 26, 16, 6, 33, 31, 41, 28, 13, 18, 30, 23, 25, 12, 37, 42, 44, 2, 43, 32, 24, 38, 36, 4, 47, 0, 204, 40, 34, 14, 46, 49, 45, 52, 39, 51, 35, 50, 250, 61, 64, 53, 27, 60, 57, 236, 119, 68, 160, 56]"
3,128,S8,320,64,64,max_iter,5.276037622302012,"[4, 3, 9, 2, 5, 8, 1, 6, 7, 0, 30, 26, 12, 10, 16, 14, 18, 20, 15, 21, 11, 43, 23, 32, 33, 25, 28, 29, 42, 13, 46, 36, 37, 44, 31, 60, 22, 45, 24, 62, 56, 182, 27, 39, 35, 34, 53, 38, 40, 52, 155, 47, 48, 70, 89, 63, 81, 132, 51, 196, 163, 245, 162, 237]"
3,128,S8,16960,64,64,max_iter,5.2727455185614405,"[9, 5, 8, 14, 13, 6, 12, 4, 17, 22, 15, 25, 21, 2, 30, 20, 16, 19, 33, 7, 3, 42, 38, 10, 0, 1, 24, 26, 36, 29, 44, 46, 18, 31, 32, 59, 50, 28, 177, 111, 119, 161, 47, 136, 230, 39, 60, 41, 57, 40, 43, 157, 53, 27, 76, 139, 101, 114, 51, 37, 218, 11, 72, 102]"
3,128,S8,33600,64,64,max_iter,5.692110910908731,"[4, 6, 8, 16, 13, 3, 26, 5, 2, 12, 25, 24, 20, 33, 31, 14, 1, 11, 23, 9, 18, 17, 36, 19, 7, 28, 15, 0, 10, 30, 35, 40, 43, 29, 27, 34, 38, 41, 22, 39, 45, 50, 191, 61, 37, 55, 42, 49, 21, 53, 67, 51, 58, 63, 56, 48, 46, 44, 100, 83, 149, 66, 57, 65]"
3,128,S8,50240,64,64,max_iter,5.5591856098426025,"[15, 9, 13, 10, 6, 16, 7, 12, 8, 11, 31, 14, 28, 30, 23, 4, 21, 22, 25, 26, 17, 19, 146, 5, 0, 41, 18, 37, 34, 1, 20, 2, 46, 63, 251, 45, 36, 38, 35, 110, 71, 40, 51, 27, 44, 33, 39, 52, 47, 29, 250, 42, 48, 218, 32, 53, 66, 55, 54, 58, 50, 126, 70, 3]"
3,128,S8,66880,64,64,max_iter,5.113848512417892,"[7, 14, 5, 9, 11, 12, 16, 3, 1, 25, 23, 20, 26, 17, 13, 8, 22, 15, 37, 18, 10, 35, 41, 39, 34, 31, 30, 54, 44, 154, 38, 46, 29, 27, 51, 24, 32, 28, 19, 36, 4, 69, 43, 50, 45, 2, 40, 107, 42, 135, 184, 113, 249, 169, 126, 47, 127, 57, 103, 156, 233, 157, 92, 86]"
3,128,S8,83520,64,64,max_iter,5.155699799644664,"[16, 9, 15, 6, 14, 19, 10, 21, 24, 2, 8, 12, 34, 20, 22, 18, 5, 4, 28, 25, 31, 26, 0, 11, 29, 23, 43, 7, 1, 30, 27, 35, 38, 17, 49, 33, 48, 59, 45, 46, 13, 32, 42, 47, 52, 72, 83, 61, 51, 100, 68, 39, 101, 63, 62, 78, 64, 141, 149, 160, 37, 199, 60, 41]"
3,128,S8,100160,64,64,max_iter,4.866376066258811,"[9, 11, 12, 6, 20, 15, 14, 13, 7, 16, 4, 26, 8, 10, 23, 17, 110, 21, 32, 29, 35, 27, 36, 45, 62, 2, 42, 33, 3, 19, 30, 31, 38, 126, 18, 40, 41, 39, 37, 28, 0, 1, 5, 47, 70, 25, 44, 50, 57, 129, 135, 144, 54, 98, 104, 52, 165, 43, 250, 215, 48, 89, 153, 238]"
3,128,S8,116928,64,64,max_iter,5.8719864375594115,"[9, 7, 16, 5, 6, 17, 14, 19, 10, 15, 11, 12, 3, 28, 32, 18, 2, 4, 21, 27, 30, 1, 41, 40, 45, 29, 8, 46, 13, 0, 38, 75, 50, 43, 31, 34, 178, 23, 48, 26, 25, 218, 20, 37, 35, 33, 39, 22, 57, 61, 54, 56, 51, 42, 49, 36, 63, 60, 66, 70, 64, 72, 55, 74]"
3,128,S8,133568,64,64,max_iter,5.924384049317196,"[14, 8, 12, 7, 18, 22, 4, 21, 9, 17, 10, 20, 15, 24, 13, 25, 43, 16, 19, 23, 46, 3, 26, 51, 84, 29, 28, 30, 36, 78, 31, 2, 186, 33, 37, 39, 11, 1, 70, 50, 42, 187, 34, 35, 0, 94, 44, 6, 63, 54, 73, 143, 52, 56, 5, 27, 181, 71, 41, 119, 140, 99, 72, 69]"
3,128,S8,150208,64,64,max_iter,5.557535629765662,"[6, 15, 16, 12, 13, 14, 7, 30, 11, 18, 4, 2, 9, 29, 19, 5, 21, 22, 45, 32, 20, 26, 3, 31, 27, 0, 36, 28, 44, 59, 34, 241, 94, 84, 46, 168, 40, 250, 48, 55, 51, 38, 71, 24, 25, 17, 23, 35, 95, 146, 238, 242, 219, 187, 67, 88, 74, 188, 37, 234, 101, 162, 79, 249]"
3,128,S8,166848,64,64,max_iter,7.359098330352299,"[7, 15, 5, 11, 10, 13, 19, 24, 4, 26, 28, 159, 17, 2, 35, 14, 9, 25, 78, 74, 18, 31, 39, 8, 207, 51, 82, 64, 46, 21, 38, 3, 40, 41, 27, 37, 54, 148, 58, 33, 188, 16, 6, 36, 22, 30, 42, 20, 45, 169, 92, 0, 43, 116, 226, 32, 23, 47, 57, 34, 70, 102, 52, 123]"
3,128,S8,183488,64,64,max_iter,6.072115668623984,"[9, 10, 13, 5, 19, 11, 15, 8, 6, 7, 3, 30, 4, 17, 12, 20, 43, 45, 1, 28, 156, 2, 31, 37, 29, 25, 16, 36, 38, 22, 32, 39, 44, 46, 24, 21, 40, 33, 47, 41, 250, 176, 48, 194, 18, 49, 34, 35, 27, 26, 60, 148, 61, 42, 23, 50, 58, 107, 14, 67, 181, 62, 64, 0]"
3,128,S8,200128,64,64,max_iter,5.384899344832761,"[16, 17, 11, 12, 15, 10, 24, 18, 5, 9, 22, 33, 36, 23, 7, 19, 6, 21, 14, 25, 3, 32, 4, 44, 28, 34, 35, 30, 29, 31, 45, 202, 43, 40, 48, 27, 39, 49, 8, 50, 46, 38, 42, 1, 41, 54, 51, 55, 2, 13, 53, 20, 58, 59, 0, 60, 26, 47, 52, 65, 56, 67, 66, 102]"
3,128,S8,216896,64,64,max_iter,5.205927090740775,"[11, 9, 14, 17, 12, 7, 6, 8, 15, 19, 24, 20, 22, 4, 16, 5, 3, 25, 27, 23, 30, 21, 13, 29, 18, 28, 34, 44, 35, 33, 32, 10, 26, 2, 37, 31, 40, 48, 0, 45, 46, 39, 42, 55, 1, 62, 50, 60, 53, 52, 79, 244, 56, 238, 178, 64, 219, 89, 210, 202, 106, 51, 147, 36]"
3,128,S8,233536,64,64,max_iter,5.779536977739656,"[6, 14, 5, 23, 22, 13, 35, 21, 20, 53, 27, 220, 32, 25, 215, 93, 24, 34, 28, 10, 17, 15, 7, 49, 26, 8, 4, 18, 31, 2, 42, 19, 12, 57, 1, 54, 58, 37, 3, 0, 33, 16, 45, 41, 44, 9, 38, 196, 62, 85, 132, 115, 102, 59, 208, 30, 11, 181, 167, 117, 190, 47, 50, 40]"
3,128,S8,250176,64,64,max_iter,4.89686576315514,"[8, 7, 17, 15, 19, 10, 11, 21, 9, 26, 13, 20, 169, 3, 2, 18, 47, 49, 43, 16, 240, 31, 25, 1, 28, 154, 14, 29, 42, 95, 40, 59, 12, 41, 66, 123, 30, 0, 6, 243, 165, 111, 68, 54, 39, 83, 32, 163, 191, 161, 176, 82, 38, 231, 227, 190, 34, 128, 23, 53, 116, 248, 155, 164]"
3,128,S8,266816,64,64,max_iter,5.840984868729074,"[7, 9, 15, 10, 30, 8, 5, 16, 23, 20, 13, 1, 43, 22, 12, 31, 3, 14, 46, 18, 37, 21, 39, 85, 4, 41, 33, 11, 60, 135, 53, 32, 17, 35, 45, 24, 26, 28, 6, 34, 48, 25, 40, 44, 29, 19, 50, 54, 62, 236, 47, 148, 237, 73, 100, 109, 227, 134, 36, 57, 83, 82, 131, 27]"
3,128,S8,283456,64,64,max_iter,5.794421007456229,"[9, 15, 24, 19, 10, 21, 18, 28, 16, 23, 4, 22, 29, 14, 17, 12, 27, 7, 30, 26, 13, 49, 36, 34, 96, 44, 2, 32, 8, 51, 41, 250, 64, 42, 140, 194, 154, 20, 103, 59, 56, 0, 3, 11, 25, 5, 40, 1, 43, 57, 65, 251, 45, 39, 60, 33, 46, 76, 69, 109, 68, 139, 113, 199]"
3,128,S8,300096,64,64,max_iter,5.375384431626579,"[9, 10, 8, 4, 2, 28, 7, 18, 22, 11, 0, 5, 15, 21, 6, 20, 31, 19, 25, 1, 24, 16, 17, 14, 12, 40, 27, 44, 3, 13, 33, 36, 29, 49, 32, 30, 35, 42, 48, 55, 51, 37, 53, 62, 45, 47, 41, 39, 67, 38, 66, 64, 50, 46, 34, 83, 100, 132, 74, 157, 52, 63, 56, 77]"
3,128,S8,316864,64,64,max_iter,4.918672251414553,"[5, 4, 12, 3, 10, 7, 16, 6, 14, 15, 13, 29, 8, 11, 2, 1, 22, 28, 9, 31, 30, 44, 40, 0, 26, 25, 24, 18, 23, 34, 36, 33, 42, 41, 27, 38, 49, 20, 43, 46, 35, 48, 21, 50, 45, 62, 136, 51, 54, 66, 61, 235, 52, 143, 236, 71, 120, 187, 65, 132, 91, 231, 222, 122]"
3,128,S8,333504,64,64,max_iter,5.230177453932092,"[9, 4, 7, 5, 10, 28, 12, 6, 14, 20, 11, 32, 30, 22, 13, 16, 1, 31, 19, 2, 26, 34, 25, 8, 27, 54, 21, 48, 33, 36, 29, 42, 0, 15, 46, 204, 102, 136, 61, 66, 40, 52, 18, 39, 17, 75, 53, 38, 50, 44, 169, 68, 59, 51, 202, 41, 83, 140, 161, 57, 139, 82, 90, 224]"
3,128,S8,350144,64,64,max_iter,5.492215928238992,"[10, 7, 3, 16, 19, 4, 33, 17, 14, 26, 1, 11, 8, 23, 9, 21, 5, 130, 39, 63, 20, 30, 18, 15, 0, 38, 31, 2, 92, 32, 6, 12, 36, 37, 28, 13, 24, 250, 110, 49, 61, 35, 44, 194, 126, 77, 134, 52, 22, 170, 226, 89, 233, 248, 122, 40, 51, 85, 192, 65, 182, 229, 60, 41]"
3,128,S8,366784,64,64,max_iter,5.784524631356977,"[16, 14, 3, 15, 18, 17, 10, 19, 1, 26, 24, 23, 11, 4, 13, 9, 2, 22, 5, 25, 31, 30, 37, 41, 8, 40, 33, 21, 12, 39, 43, 32, 0, 35, 34, 29, 42, 7, 38, 49, 50, 47, 27, 51, 20, 6, 55, 74, 216, 231, 186, 64, 48, 57, 52, 54, 61, 46, 53, 73, 59, 72, 44, 77]"
3,128,S8,383424,64,64,max_iter,5.243723577516753,"[7, 18, 14, 32, 13, 30, 4, 24, 3, 16, 27, 9, 21, 28, 8, 6, 23, 17, 19, 10, 33, 15, 5, 22, 2, 26, 37, 1, 25, 46, 54, 58, 51, 0, 12, 47, 45, 44, 41, 34, 39, 31, 56, 203, 73, 83, 66, 53, 50, 67, 100, 69, 40, 42, 142, 72, 57, 137, 127, 125, 43, 221, 232, 175]"
3,128,S8,400064,64,64,max_iter,4.798095356754605,"[7, 14, 23, 19, 21, 6, 16, 15, 8, 41, 25, 24, 44, 9, 2, 42, 34, 22, 39, 12, 30, 28, 20, 4, 0, 5, 32, 18, 33, 1, 3, 52, 45, 38, 40, 17, 36, 47, 29, 54, 37, 35, 64, 250, 193, 232, 51, 83, 160, 184, 72, 115, 227, 199, 100, 76, 221, 150, 171, 226, 103, 225, 191, 203]"
3,128,S8,416832,64,64,max_iter,4.820639087236816,"[15, 7, 8, 11, 9, 29, 13, 12, 14, 5, 6, 17, 19, 4, 23, 37, 16, 3, 36, 30, 194, 225, 26, 42, 1, 21, 44, 27, 39, 38, 32, 22, 40, 10, 25, 33, 51, 45, 50, 47, 0, 61, 2, 54, 31, 35, 246, 52, 41, 65, 49, 46, 57, 179, 75, 101, 28, 217, 77, 117, 211, 78, 90, 249]"
3,128,S8,433472,64,64,max_iter,5.701202492112063,"[8, 16, 24, 7, 10, 5, 4, 2, 6, 31, 23, 11, 9, 1, 38, 18, 14, 15, 3, 20, 37, 39, 22, 13, 26, 0, 46, 32, 12, 48, 28, 42, 34, 44, 40, 50, 29, 45, 49, 33, 52, 30, 65, 63, 55, 25, 27, 59, 53, 57, 36, 43, 61, 56, 60, 210, 35, 211, 115, 175, 51, 75, 176, 116]"
3,128,S8,450112,64,64,max_iter,5.501077435945985,"[4, 5, 8, 10, 9, 12, 19, 15, 11, 6, 21, 20, 27, 18, 2, 22, 0, 3, 1, 17, 16, 25, 29, 49, 26, 34, 40, 7, 41, 46, 31, 244, 66, 36, 47, 13, 44, 161, 59, 33, 67, 63, 69, 28, 52, 221, 71, 39, 231, 121, 85, 157, 90, 97, 105, 187, 93, 75, 235, 30, 92, 133, 220, 177]"
3,128,S8,466752,64,64,max_iter,5.1448852067364585,"[8, 15, 7, 5, 11, 9, 3, 19, 17, 6, 26, 14, 25, 21, 23, 12, 20, 13, 24, 22, 31, 29, 42, 1, 44, 30, 28, 0, 34, 38, 40, 2, 49, 16, 18, 37, 45, 55, 27, 36, 41, 47, 223, 76, 43, 78, 10, 52, 128, 4, 63, 99, 97, 71, 62, 249, 33, 221, 154, 64, 150, 126, 66, 65]"
3,128,S8,483392,64,64,max_iter,6.467772848146704,"[8, 11, 10, 15, 14, 21, 20, 23, 22, 5, 31, 24, 17, 12, 2, 13, 41, 4, 6, 16, 38, 29, 0, 28, 7, 30, 32, 27, 39, 19, 35, 25, 46, 53, 47, 42, 139, 18, 44, 252, 45, 34, 235, 71, 1, 161, 174, 48, 178, 26, 49, 133, 33, 9, 54, 55, 43, 50, 62, 67, 52, 60, 63, 187]"
3,128,S8,500032,64,64,max_iter,5.830892041207737,"[8, 9, 10, 25, 18, 17, 16, 4, 7, 0, 6, 5, 14, 12, 2, 33, 3, 27, 34, 24, 31, 43, 1, 11, 13, 20, 42, 41, 23, 29, 51, 22, 59, 36, 15, 19, 47, 50, 26, 128, 32, 35, 52, 38, 165, 192, 58, 53, 54, 213, 66, 60, 30, 48, 49, 237, 178, 142, 56, 37, 45, 69, 68, 44]"
3,128,S8,516800,64,64,max_iter,5.793894992837836,"[15, 3, 14, 2, 8, 4, 25, 18, 16, 21, 19, 13, 5, 6, 12, 29, 26, 36, 22, 10, 1, 23, 196, 57, 24, 46, 65, 32, 221, 33, 0, 47, 28, 34, 11, 9, 228, 168, 35, 27, 17, 7, 30, 37, 51, 52, 31, 48, 53, 44, 20, 72, 43, 45, 250, 38, 54, 73, 50, 64, 74, 77, 61, 66]"
3,128,S9,320,64,64,max_iter,5.2886559325191715,"[9, 10, 11, 18, 6, 3, 8, 19, 14, 2, 4, 177, 12, 5, 7, 22, 25, 29, 26, 43, 37, 46, 15, 48, 16, 13, 0, 34, 39, 27, 17, 45, 23, 44, 57, 49, 31, 42, 51, 35, 30, 164, 36, 38, 1, 28, 47, 24, 53, 74, 33, 88, 151, 20, 40, 225, 203, 108, 63, 109, 150, 61, 64, 32]"
3,128,S9,17856,64,64,max_iter,5.08835325538579,"[7, 15, 9, 3, 32, 17, 11, 5, 21, 31, 19, 26, 20, 12, 39, 119, 30, 22, 8, 43, 1, 6, 24, 57, 4, 16, 42, 14, 28, 18, 50, 58, 148, 201, 33, 64, 236, 102, 51, 89, 218, 79, 34, 68, 168, 207, 48, 204, 72, 41, 29, 241, 44, 60, 130, 27, 166, 45, 67, 174, 190, 247, 77, 184]"
3,128,S9,35520,64,64,max_iter,5.067291205476241,"[7, 8, 5, 6, 14, 4, 2, 16, 9, 24, 15, 22, 11, 0, 17, 12, 1, 3, 38, 26, 31, 43, 29, 23, 46, 30, 42, 41, 19, 27, 69, 84, 56, 39, 119, 47, 25, 57, 249, 83, 36, 37, 55, 183, 85, 161, 68, 99, 181, 203, 218, 226, 104, 240, 34, 224, 212, 125, 185, 244, 228, 128, 113, 74]"
3,128,S9,53184,64,64,max_iter,5.3152129922890605,"[6, 3, 5, 2, 13, 14, 18, 7, 10, 1, 12, 19, 15, 20, 11, 157, 17, 21, 0, 9, 31, 30, 28, 40, 25, 37, 43, 16, 38, 8, 4, 48, 34, 23, 47, 26, 46, 33, 39, 52, 29, 44, 27, 45, 53, 51, 61, 66, 42, 59, 35, 56, 32, 22, 49, 41, 60, 115, 133, 195, 88, 139, 163, 224]"
3,128,S9,70848,64,64,max_iter,5.712693399190119,"[14, 8, 7, 21, 28, 22, 27, 33, 5, 19, 30, 68, 20, 38, 36, 9, 25, 17, 10, 35, 64, 41, 12, 44, 108, 29, 24, 45, 37, 16, 1, 192, 49, 23, 18, 3, 39, 116, 94, 42, 47, 13, 48, 228, 155, 43, 59, 81, 236, 53, 183, 0, 230, 168, 106, 254, 32, 60, 67, 11, 249, 239, 227, 247]"
3,128,S9,88512,64,64,max_iter,6.227140330992417,"[10, 5, 6, 4, 15, 11, 7, 3, 12, 16, 9, 18, 22, 27, 8, 30, 29, 28, 17, 171, 34, 24, 35, 43, 26, 21, 33, 41, 40, 23, 19, 32, 2, 31, 14, 39, 36, 37, 49, 252, 51, 20, 92, 59, 46, 45, 114, 76, 47, 13, 0, 44, 54, 55, 42, 58, 124, 117, 1, 25, 60, 50, 61, 103]"
3,128,S9,106176,64,64,max_iter,5.186904175716328,"[9, 7, 8, 18, 14, 25, 20, 3, 16, 22, 37, 15, 31, 139, 35, 38, 108, 1, 17, 21, 28, 4, 12, 10, 36, 46, 43, 39, 51, 24, 30, 44, 34, 11, 23, 134, 45, 19, 73, 27, 0, 29, 41, 6, 42, 5, 68, 64, 49, 229, 59, 53, 130, 135, 2, 50, 26, 223, 178, 54, 78, 181, 116, 209]"
3,128,S9,123840,64,64,max_iter,5.769250364121246,"[7, 3, 10, 5, 9, 14, 4, 12, 2, 25, 8, 29, 16, 40, 37, 39, 23, 15, 165, 43, 32, 26, 156, 13, 20, 11, 6, 0, 19, 38, 1, 44, 22, 41, 36, 33, 18, 35, 30, 52, 28, 17, 53, 49, 210, 46, 63, 62, 21, 34, 220, 111, 27, 202, 196, 75, 66, 54, 65, 203, 31, 135, 77, 60]"
3,128,S9,141504,64,64,max_iter,5.367101267736537,"[22, 5, 12, 13, 24, 21, 43, 8, 31, 16, 11, 27, 6, 3, 42, 55, 29, 44, 37, 28, 40, 25, 39, 33, 7, 52, 10, 63, 26, 36, 56, 51, 32, 38, 20, 58, 41, 104, 180, 19, 184, 245, 15, 74, 59, 107, 152, 133, 84, 165, 89, 72, 249, 30, 69, 2, 46, 223, 102, 238, 228, 130, 202, 158]"
3,128,S9,159168,64,64,max_iter,5.271824556470873,"[12, 11, 6, 14, 15, 9, 8, 28, 4, 43, 5, 32, 21, 83, 130, 30, 19, 18, 16, 13, 10, 42, 62, 27, 24, 33, 169, 45, 108, 172, 207, 76, 157, 46, 243, 67, 81, 240, 174, 51, 97, 175, 36, 0, 103, 53, 203, 158, 64, 127, 173, 204, 66, 126, 236, 221, 150, 17, 79, 191, 22, 178, 205, 123]"
3,128,S9,176832,64,64,max_iter,5.548523122499165,"[10, 9, 7, 13, 19, 16, 14, 24, 12, 20, 8, 37, 29, 26, 11, 5, 4, 40, 22, 6, 23, 32, 21, 33, 34, 2, 18, 15, 44, 41, 30, 31, 47, 1, 43, 0, 35, 54, 17, 57, 45, 142, 3, 62, 39, 119, 69, 74, 42, 56, 67, 38, 46, 231, 50, 59, 51, 25, 28, 216, 64, 60, 186, 52]"
3,128,S9,194368,64,64,max_iter,5.176137365513092,"[18, 12, 8, 10, 16, 14, 21, 27, 3, 20, 34, 31, 7, 19, 22, 1, 11, 28, 24, 9, 6, 39, 30, 0, 57, 155, 29, 178, 52, 225, 5, 4, 32, 42, 2, 229, 56, 167, 43, 50, 15, 119, 148, 41, 44, 37, 25, 106, 38, 46, 23, 198, 145, 129, 253, 109, 239, 183, 89, 223, 13, 121, 170, 49]"
3,128,S9,212032,64,64,max_iter,5.037517648526861,"[4, 3, 5, 2, 6, 20, 8, 0, 1, 17, 10, 7, 22, 23, 37, 27, 9, 18, 16, 25, 28, 34, 13, 30, 15, 29, 12, 36, 14, 24, 251, 51, 69, 39, 26, 178, 54, 44, 182, 124, 43, 45, 32, 11, 66, 46, 240, 61, 212, 140, 50, 41, 88, 53, 77, 151, 155, 206, 73, 72, 129, 68, 213, 120]"
3,128,S9,229696,64,64,max_iter,4.903257372919343,"[8, 10, 5, 6, 9, 13, 14, 15, 19, 12, 18, 16, 17, 23, 24, 2, 30, 25, 21, 37, 35, 34, 22, 4, 20, 44, 43, 36, 40, 11, 0, 3, 1, 53, 27, 41, 29, 32, 51, 42, 48, 39, 58, 64, 49, 33, 52, 66, 69, 72, 59, 47, 65, 26, 218, 70, 124, 222, 131, 158, 182, 76, 137, 144]"
3,128,S9,247360,64,64,max_iter,6.068061714792946,"[8, 10, 7, 3, 12, 1, 20, 33, 27, 17, 5, 41, 25, 22, 21, 2, 13, 6, 29, 43, 14, 16, 28, 0, 9, 11, 44, 23, 32, 39, 31, 50, 102, 40, 37, 236, 225, 49, 18, 35, 54, 42, 61, 15, 78, 119, 48, 19, 64, 218, 55, 59, 47, 185, 46, 4, 60, 52, 204, 45, 58, 26, 34, 67]"
3,128,S9,265024,64,64,max_iter,5.5699849327849025,"[16, 11, 7, 12, 27, 23, 41, 3, 19, 4, 220, 15, 26, 5, 14, 40, 18, 39, 42, 20, 10, 9, 17, 6, 22, 29, 24, 1, 38, 43, 46, 34, 25, 21, 0, 37, 31, 49, 48, 47, 30, 35, 36, 13, 44, 50, 2, 45, 28, 52, 55, 51, 71, 32, 56, 250, 33, 53, 8, 180, 99, 244, 242, 174]"
3,128,S9,282688,64,64,max_iter,6.076185831192375,"[6, 27, 12, 1, 19, 17, 22, 10, 14, 16, 21, 140, 20, 3, 9, 4, 11, 5, 25, 41, 13, 23, 53, 18, 39, 35, 40, 8, 83, 228, 48, 250, 31, 24, 28, 7, 29, 50, 2, 15, 64, 201, 0, 43, 72, 241, 46, 32, 30, 36, 44, 51, 33, 55, 47, 37, 45, 59, 54, 61, 52, 63, 112, 97]"
3,128,S9,300352,64,64,max_iter,5.3911664738496015,"[9, 12, 10, 29, 14, 7, 8, 6, 27, 30, 17, 21, 15, 26, 22, 37, 31, 33, 84, 5, 2, 4, 47, 112, 13, 34, 0, 11, 23, 25, 118, 20, 18, 1, 43, 32, 46, 35, 3, 54, 44, 28, 19, 36, 56, 41, 55, 53, 40, 60, 51, 16, 67, 136, 190, 72, 236, 79, 117, 187, 38, 126, 203, 45]"
3,128,S9,318016,64,64,max_iter,5.3795202098379304,"[9, 11, 8, 7, 13, 20, 14, 15, 6, 40, 10, 23, 18, 5, 22, 3, 30, 34, 43, 1, 42, 246, 147, 27, 39, 12, 38, 24, 28, 2, 35, 37, 19, 44, 29, 4, 68, 17, 16, 0, 49, 50, 64, 46, 58, 63, 48, 62, 32, 31, 25, 59, 125, 67, 47, 56, 41, 181, 228, 250, 180, 21, 126, 117]"
3,128,S9,335680,64,64,max_iter,5.452149309035955,"[11, 12, 3, 24, 4, 5, 6, 22, 13, 2, 20, 16, 1, 8, 0, 14, 7, 15, 19, 30, 26, 25, 35, 34, 38, 44, 18, 47, 10, 32, 252, 33, 50, 21, 40, 46, 43, 36, 37, 27, 210, 31, 41, 42, 56, 175, 28, 166, 243, 45, 127, 9, 161, 60, 49, 115, 174, 55, 191, 63, 215, 170, 132, 53]"
3,128,S9,353344,64,64,max_iter,5.32221158914503,"[7, 4, 11, 12, 6, 9, 17, 16, 18, 5, 8, 22, 19, 2, 3, 24, 33, 32, 0, 26, 1, 38, 10, 25, 23, 39, 45, 40, 35, 14, 29, 27, 30, 21, 48, 50, 20, 51, 60, 46, 34, 41, 58, 42, 13, 28, 65, 44, 64, 52, 31, 63, 36, 47, 215, 49, 15, 66, 59, 62, 61, 226, 43, 81]"
3,128,S9,370880,64,64,max_iter,5.7635118062425805,"[5, 4, 9, 10, 18, 19, 14, 11, 13, 15, 2, 25, 31, 6, 223, 26, 3, 21, 32, 22, 12, 8, 39, 20, 17, 30, 33, 16, 34, 23, 38, 27, 0, 37, 36, 35, 49, 178, 44, 186, 47, 1, 43, 40, 7, 50, 41, 45, 29, 54, 58, 52, 24, 53, 60, 56, 63, 57, 67, 66, 61, 28, 76, 51]"
3,128,S9,388544,64,64,max_iter,5.5646005765201645,"[9, 6, 5, 7, 16, 19, 24, 18, 26, 4, 2, 10, 23, 15, 3, 8, 1, 34, 32, 12, 20, 27, 0, 47, 14, 31, 21, 25, 48, 40, 17, 57, 22, 39, 33, 28, 13, 38, 50, 44, 61, 35, 11, 52, 55, 54, 53, 41, 37, 45, 60, 46, 29, 43, 51, 65, 36, 182, 67, 237, 191, 124, 113, 92]"
3,128,S9,406208,64,64,max_iter,5.650967778203332,"[15, 10, 4, 16, 14, 5, 9, 2, 18, 21, 27, 13, 6, 11, 23, 156, 8, 17, 25, 7, 19, 31, 0, 39, 43, 3, 47, 12, 193, 87, 24, 28, 38, 33, 46, 20, 30, 26, 22, 45, 83, 37, 41, 59, 63, 223, 180, 29, 154, 40, 133, 67, 54, 35, 97, 250, 44, 53, 1, 49, 36, 32, 34, 55]"
3,128,S9,423872,64,64,max_iter,5.259107637774572,"[7, 17, 22, 4, 2, 9, 16, 8, 12, 14, 21, 6, 20, 31, 5, 27, 45, 24, 23, 0, 15, 30, 43, 40, 38, 35, 42, 44, 71, 1, 19, 28, 46, 47, 37, 26, 52, 36, 39, 197, 155, 101, 10, 124, 105, 104, 67, 74, 11, 109, 66, 205, 89, 180, 214, 32, 234, 107, 129, 90, 113, 223, 81, 254]"
3,128,S9,441536,64,64,max_iter,7.174850377063104,"[24, 17, 7, 13, 9, 12, 5, 10, 15, 26, 28, 8, 21, 22, 41, 27, 44, 189, 38, 30, 20, 71, 1, 56, 127, 136, 87, 3, 99, 4, 153, 171, 29, 225, 222, 219, 18, 6, 201, 33, 31, 16, 2, 34, 36, 39, 19, 32, 141, 45, 51, 57, 48, 62, 14, 0, 37, 43, 187, 40, 42, 241, 240, 231]"
3,128,S9,459200,64,64,max_iter,5.221975315195582,"[5, 10, 13, 11, 9, 7, 21, 26, 14, 19, 8, 1, 12, 18, 15, 4, 46, 29, 20, 23, 25, 17, 16, 3, 43, 6, 35, 41, 34, 22, 28, 0, 38, 47, 42, 75, 2, 39, 40, 52, 44, 30, 31, 64, 27, 32, 59, 24, 53, 58, 49, 48, 174, 115, 36, 63, 51, 65, 157, 217, 216, 151, 67, 102]"
3,128,S9,476864,64,64,max_iter,5.293343723908693,"[1, 2, 0, 11, 18, 19, 24, 3, 22, 6, 17, 16, 10, 15, 21, 7, 20, 23, 14, 8, 31, 4, 30, 25, 27, 26, 13, 44, 40, 56, 103, 46, 49, 59, 12, 57, 233, 66, 35, 48, 61, 37, 45, 204, 232, 54, 9, 28, 39, 5, 47, 115, 72, 88, 104, 101, 234, 155, 42, 34, 53, 65, 68, 96]"
3,128,S9,494528,64,64,max_iter,5.334192113856879,"[10, 8, 25, 9, 22, 192, 2, 12, 6, 4, 28, 15, 5, 23, 30, 1, 0, 19, 26, 18, 21, 38, 20, 36, 3, 27, 39, 37, 40, 46, 31, 17, 16, 44, 32, 13, 35, 41, 11, 34, 24, 57, 177, 42, 155, 33, 56, 78, 62, 29, 127, 7, 102, 126, 253, 132, 213, 58, 171, 208, 49, 66, 47, 188]"
3,128,S9,512192,64,64,max_iter,5.661962231603854,"[7, 18, 8, 22, 13, 5, 15, 16, 9, 33, 27, 2, 24, 14, 12, 47, 26, 38, 0, 19, 29, 20, 43, 36, 31, 23, 34, 52, 28, 46, 63, 41, 42, 60, 30, 204, 44, 32, 6, 10, 17, 3, 21, 40, 11, 4, 45, 48, 39, 62, 37, 25, 1, 68, 136, 49, 54, 51, 120, 56, 212, 242, 99, 50]"
3,128,S9,529856,64,64,max_iter,5.618021423944572,"[13, 6, 10, 15, 5, 7, 8, 17, 20, 16, 19, 3, 25, 18, 23, 22, 21, 12, 31, 24, 33, 0, 34, 29, 27, 14, 30, 2, 11, 35, 1, 44, 36, 9, 32, 43, 46, 4, 26, 42, 39, 38, 49, 48, 50, 41, 51, 52, 45, 40, 57, 28, 56, 70, 63, 97, 250, 72, 66, 47, 37, 67, 58, 69]"
3,128,S9,547520,64,64,max_iter,5.009354424177975,"[6, 5, 12, 27, 11, 13, 8, 7, 4, 32, 14, 17, 3, 29, 24, 10, 21, 18, 22, 23, 19, 33, 16, 34, 28, 26, 15, 43, 38, 37, 31, 44, 47, 42, 25, 2, 39, 52, 57, 49, 0, 72, 118, 204, 46, 101, 1, 48, 9, 20, 50, 51, 201, 139, 236, 45, 179, 41, 35, 75, 219, 64, 67, 73]"
4,51,S10,320,8,8,max_iter,1.7156870965691289,"[11, 6, 5, 8, 15, 3, 13, 49]"
4,51,S10,22208,8,8,max_iter,1.9165999945895031,"[9, 10, 5, 8, 74, 7, 28, 11]"
4,51,S10,44224,8,8,max_iter,1.9227351135066786,"[7, 8, 9, 16, 3, 101, 209, 87]"
4,51,S10,66112,8,8,max_iter,2.0222051429117545,"[8, 7, 9, 16, 5, 3, 23, 15]"
4,51,S10,88128,8,8,max_iter,1.6779453807112459,"[17, 3, 25, 35, 31, 84, 5, 20]"
4,51,S10,110016,8,8,max_iter,2.0506609506733757,"[26, 8, 143, 14, 42, 24, 91, 225]"
4,51,S10,132032,8,8,max_iter,1.7902329711124205,"[11, 5, 13, 8, 21, 7, 12, 15]"
4,51,S10,154048,8,8,max_iter,1.8742791869757387,"[7, 8, 25, 9, 50, 24, 32, 229]"
4,51,S10,175936,8,8,max_iter,1.920181846233319,"[12, 6, 11, 4, 9, 19, 103, 129]"
4,51,S10,197952,8,8,max_iter,1.7121656586737684,"[8, 16, 10, 14, 138, 36, 33, 20]"
4,51,S10,219840,8,8,max_iter,1.7860524200820267,"[15, 8, 7, 13, 16, 54, 101, 28]"
4,51,S10,241856,8,8,max_iter,1.864966617684993,"[27, 9, 12, 234, 77, 21, 161, 195]"
4,51,S10,263744,8,8,max_iter,1.8689500649922626,"[7, 8, 11, 6, 5, 236, 13, 3]"
4,51,S10,285760,8,8,max_iter,2.0141987228500544,"[11, 234, 12, 10, 219, 79, 22, 8]"
4,51,S10,307776,8,8,max_iter,1.7840169598445013,"[12, 8, 13, 24, 23, 5, 25, 11]"
4,51,S10,329664,8,8,max_iter,1.7514758675942967,"[15, 8, 167, 32, 4, 10, 192, 33]"
4,51,S10,351680,8,8,max_iter,1.704099715831415,"[13, 5, 21, 11, 6, 49, 234, 212]"
4,51,S10,373568,8,8,max_iter,1.4485912947156248,"[12, 13, 249, 20, 9, 192, 155, 75]"
4,51,S10,395584,8,8,max_iter,1.7794905654587945,"[24, 10, 14, 5, 15, 12, 17, 173]"
4,51,S10,417600,8,8,max_iter,2.100241789615854,"[11, 10, 12, 22, 1, 3, 33, 20]"
4,51,S10,439488,8,8,max_iter,1.7442401251628827,"[9, 11, 5, 7, 15, 209, 6, 194]"
4,51,S10,461504,8,8,max_iter,1.72389499338361,"[9, 3, 10, 7, 1, 28, 26, 209]"
4,51,S10,483392,8,8,max_iter,1.633764495247852,"[9, 10, 7, 143, 251, 202, 3, 20]"
4,51,S10,505408,8,8,max_iter,1.9308460358487887,"[16, 7, 10, 29, 9, 25, 11, 37]"
4,51,S10,527296,8,8,max_iter,1.5998076616727583,"[11, 5, 14, 24, 0, 250, 125, 150]"
4,51,S10,549312,8,8,max_iter,1.636538425595446,"[13, 19, 4, 79, 42, 254, 37, 60]"
4,51,S10,571328,8,8,max_iter,1.5738202169172195,"[6, 15, 252, 51, 53, 143, 8, 3]"
4,51,S10,593216,8,8,max_iter,1.776023709178395,"[20, 21, 2, 51, 115, 10, 41, 161]"
4,51,S10,615232,8,8,max_iter,1.8691400213414269,"[10, 8, 11, 22, 14, 13, 74, 6]"
4,51,S10,637120,8,8,max_iter,1.6305119446591818,"[11, 9, 21, 7, 234, 191, 70, 98]"
4,51,S10,659136,8,8,max_iter,1.7496294838145163,"[229, 1, 9, 13, 18, 7, 3, 181]"
4,51,S10,681152,8,8,max_iter,1.9029801348620143,"[5, 11, 18, 3, 56, 24, 13, 215]"
4,51,S11,320,8,8,max_iter,1.7529001049733641,"[5, 118, 73, 7, 209, 132, 56, 11]"
4,51,S11,18880,8,8,max_iter,2.056194839935167,"[8, 7, 11, 5, 205, 29, 57, 16]"
4,51,S11,37568,8,8,max_iter,1.6236294884002982,"[8, 9, 11, 48, 188, 200, 160, 119]"
4,51,S11,56256,8,8,max_iter,1.8493024827357618,"[19, 4, 12, 18, 73, 9, 209, 157]"
4,51,S11,74944,8,8,max_iter,1.6282870334709718,"[8, 6, 36, 16, 19, 5, 1, 37]"
4,51,S11,93504,8,8,max_iter,1.6343458419496557,"[11, 17, 7, 8, 150, 15, 103, 134]"
4,51,S11,112192,8,8,max_iter,2.1093275081517473,"[12, 6, 13, 30, 16, 7, 15, 8]"
4,51,S11,130880,8,8,max_iter,1.5639359235666268,"[15, 12, 7, 4, 79, 202, 33, 125]"
4,51,S11,149568,8,8,max_iter,1.5402336080530448,"[7, 6, 20, 220, 211, 108, 13, 176]"
4,51,S11,168128,8,8,max_iter,1.67785391532945,"[22, 45, 7, 114, 46, 233, 25, 131]"
4,51,S11,186816,8,8,max_iter,1.6508449094892559,"[8, 15, 9, 10, 11, 139, 142, 154]"
4,51,S11,205504,8,8,max_iter,2.858549477500044,"[13, 15, 8, 7, 1, 82, 28, 14]"
4,51,S11,224192,8,8,max_iter,1.8738711331854943,"[12, 14, 24, 10, 27, 6, 220, 26]"
4,51,S11,242880,8,8,max_iter,2.1449805381930407,"[28, 12, 14, 16, 13, 33, 50, 202]"
4,51,S11,261440,8,8,max_iter,1.7403132512281443,"[15, 5, 8, 6, 32, 42, 230, 1]"
4,51,S11,280128,8,8,max_iter,1.76965807201141,"[15, 7, 56, 41, 113, 251, 85, 23]"
4,51,S11,298816,8,8,max_iter,1.8132215030275802,"[14, 10, 29, 15, 6, 17, 96, 169]"
4,51,S11,317504,8,8,max_iter,2.197872306688409,"[12, 14, 10, 27, 25, 23, 2, 185]"
4,51,S11,336064,8,8,max_iter,1.5981458367709518,"[6, 13, 49, 196, 12, 5, 48, 149]"
4,51,S11,354752,8,8,max_iter,2.0584208193220226,"[9, 10, 1, 12, 8, 4, 21, 16]"
4,51,S11,373440,8,8,max_iter,1.8759759906050721,"[12, 23, 35, 227, 87, 175, 15, 51]"
4,51,S11,392128,8,8,max_iter,1.8751392622027196,"[13, 12, 11, 26, 251, 3, 199, 50]"
4,51,S11,410816,8,8,max_iter,1.5931771796497993,"[20, 141, 10, 213, 3, 25, 168, 216]"
4,51,S11,429376,8,8,max_iter,1.7653597844187028,"[11, 12, 10, 190, 9, 22, 3, 24]"
4,51,S11,448064,8,8,max_iter,1.578614991722404,"[15, 30, 14, 17, 139, 209, 220, 11]"
4,51,S11,466752,8,8,max_iter,2.108000125720037,"[7, 8, 3, 4, 32, 5, 1, 19]"
4,51,S11,485440,8,8,max_iter,1.7256819468384135,"[5, 8, 17, 10, 18, 12, 202, 196]"
4,51,S11,504000,8,8,max_iter,1.7230402092875838,"[9, 10, 8, 7, 20, 143, 27, 18]"
4,51,S11,522688,8,8,max_iter,1.9385914092553593,"[11, 9, 49, 59, 12, 10, 15, 4]"
4,51,S11,541376,8,8,max_iter,2.06870861148644,"[9, 8, 26, 18, 229, 161, 15, 45]"
4,51,S11,560064,8,8,max_iter,1.6423213673885053,"[8, 19, 13, 6, 10, 4, 3, 17]"
4,51,S11,578752,8,8,max_iter,2.0362154794467795,"[16, 153, 9, 114, 11, 105, 202, 250]"
4,51,S12,320,8,8,max_iter,1.691988575629776,"[7, 15, 8, 17, 32, 118, 131, 142]"
4,51,S12,16576,8,8,max_iter,1.844053611785774,"[7, 5, 17, 14, 9, 11, 22, 6]"
4,51,S12,32832,8,8,max_iter,1.7233799743097666,"[5, 3, 1, 227, 172, 200, 10, 187]"
4,51,S12,49216,8,8,max_iter,1.7051421613115145,"[7, 15, 8, 14, 12, 9, 6, 4]"
4,51,S12,65472,8,8,max_iter,2.0334795223872355,"[6, 7, 8, 235, 208, 15, 9, 135]"
4,51,S12,81856,8,8,max_iter,1.792785848929288,"[97, 9, 11, 116, 163, 26, 86, 96]"
4,51,S12,98112,8,8,max_iter,1.772304390685222,"[8, 7, 21, 10, 13, 15, 45, 69]"
4,51,S12,114496,8,8,max_iter,1.6815919247834166,"[4, 42, 30, 70, 108, 45, 167, 250]"
4,51,S12,130752,8,8,max_iter,1.6885920604953226,"[29, 6, 16, 45, 183, 4, 38, 235]"
4,51,S12,147136,8,8,max_iter,1.829517895322506,"[12, 8, 202, 121, 14, 18, 42, 146]"
4,51,S12,163392,8,8,max_iter,1.8131864437633578,"[15, 11, 1, 17, 186, 230, 89, 32]"
4,51,S12,179776,8,8,max_iter,1.7102888007707382,"[14, 8, 15, 50, 4, 244, 223, 231]"
4,51,S12,196032,8,8,max_iter,2.1042648826695545,"[8, 114, 17, 11, 9, 16, 167, 175]"
4,51,S12,212416,8,8,max_iter,1.4332074423796353,"[7, 9, 13, 15, 196, 2, 39, 68]"
4,51,S12,228672,8,8,max_iter,1.7764036621512866,"[8, 6, 7, 10, 9, 13, 12, 17]"
4,51,S12,245056,8,8,max_iter,1.9334156435434169,"[11, 13, 246, 3, 1, 8, 17, 7]"
4,51,S12,261312,8,8,max_iter,1.595933824860899,"[8, 3, 1, 15, 7, 19, 202, 6]"
4,51,S12,277696,8,8,max_iter,1.8058462516129128,"[9, 7, 10, 15, 3, 17, 4, 22]"
4,51,S12,293952,8,8,max_iter,1.5244241920367263,"[220, 248, 32, 47, 254, 118, 100, 64]"
4,51,S12,310336,8,8,max_iter,1.8239233182281342,"[10, 6, 8, 4, 12, 101, 211, 54]"
4,51,S12,326592,8,8,max_iter,1.5841097564088078,"[9, 5, 10, 18, 11, 19, 35, 28]"
4,51,S12,342976,8,8,max_iter,1.903232885178211,"[8, 17, 0, 219, 223, 36, 171, 56]"
4,51,S12,359232,8,8,max_iter,1.903024661997543,"[8, 6, 3, 9, 10, 31, 27, 15]"
4,51,S12,375616,8,8,max_iter,1.8506246113853064,"[9, 7, 5, 31, 26, 193, 247, 28]"
4,51,S12,391872,8,8,max_iter,1.9469666995287567,"[8, 9, 10, 6, 21, 4, 16, 128]"
4,51,S12,408256,8,8,max_iter,2.131524586508979,"[6, 8, 12, 9, 7, 11, 21, 159]"
4,51,S12,424512,8,8,max_iter,1.9083729260104898,"[6, 245, 1, 7, 9, 17, 8, 14]"
4,51,S12,440896,8,8,max_iter,1.6354168570151981,"[7, 8, 15, 13, 143, 165, 118, 9]"
4,51,S12,457152,8,8,max_iter,1.6931645828222155,"[11, 12, 6, 8, 5, 13, 156, 3]"
4,51,S12,473536,8,8,max_iter,1.6062661787035335,"[3, 15, 9, 8, 13, 143, 202, 12]"
4,51,S12,489792,8,8,max_iter,1.8670068479137685,"[8, 14, 29, 9, 3, 7, 150, 4]"
4,51,S12,506176,8,8,max_iter,1.5531013054957976,"[3, 6, 56, 21, 185, 77, 189, 70]"
4,77,S10,320,16,16,max_iter,2.20353602337193,"[6, 11, 5, 8, 3, 15, 13, 10, 4, 16, 20, 18, 9, 19, 12, 22]"
4,77,S10,22208,16,16,max_iter,2.261949393772684,"[5, 10, 8, 9, 6, 7, 11, 3, 28, 15, 1, 23, 209, 0, 19, 22]"
4,77,S10,44224,16,16,max_iter,2.1857966718821595,"[7, 8, 9, 16, 79, 87, 3, 224, 142, 6, 150, 242, 207, 73, 62, 5]"
4,77,S10,66112,16,16,max_iter,2.5711270380347275,"[8, 7, 9, 16, 5, 3, 6, 11, 15, 23, 24, 1, 31, 209, 13, 10]"
4,77,S10,88128,16,16,max_iter,2.3153378399052817,"[17, 25, 31, 3, 5, 84, 20, 110, 175, 159, 240, 55, 34, 138, 58, 120]"
4,77,S10,110016,16,16,max_iter,2.1982702086926444,"[26, 14, 20, 17, 22, 13, 15, 30, 36, 6, 38, 164, 2, 24, 110, 32]"
4,77,S10,132032,16,16,max_iter,2.1298153094031913,"[11, 13, 7, 8, 21, 12, 5, 15, 24, 14, 18, 9, 173, 69, 27, 78]"
4,77,S10,154048,16,16,max_iter,2.324995293596983,"[8, 7, 25, 9, 252, 50, 13, 10, 24, 17, 18, 192, 187, 143, 37, 148]"
4,77,S10,175936,16,16,max_iter,2.383897133159447,"[12, 6, 11, 4, 15, 14, 13, 7, 8, 205, 138, 53, 58, 211, 233, 176]"
4,77,S10,197952,16,16,max_iter,2.3758380703357656,"[8, 16, 10, 14, 1, 32, 9, 143, 202, 60, 95, 23, 18, 21, 116, 20]"
4,77,S10,219840,16,16,max_iter,2.112991706482074,"[15, 8, 13, 7, 11, 3, 17, 19, 12, 16, 29, 38, 6, 57, 45, 54]"
4,77,S10,241856,16,16,max_iter,2.214884968501136,"[27, 19, 8, 12, 51, 221, 34, 69, 181, 24, 38, 15, 139, 11, 197, 9]"
4,77,S10,263744,16,16,max_iter,2.280766776534097,"[11, 7, 8, 6, 5, 13, 3, 22, 9, 4, 23, 14, 16, 25, 179, 98]"
4,77,S10,285760,16,16,max_iter,2.160619309728834,"[11, 10, 12, 22, 18, 24, 3, 19, 8, 13, 15, 30, 33, 29, 0, 25]"
4,77,S10,307776,16,16,max_iter,2.4259728084402576,"[12, 8, 24, 13, 23, 5, 14, 7, 25, 30, 0, 11, 249, 17, 35, 20]"
4,77,S10,329664,16,16,max_iter,2.2950565783748087,"[22, 8, 15, 17, 7, 6, 20, 53, 29, 23, 13, 38, 19, 62, 197, 74]"
4,77,S10,351680,16,16,max_iter,2.7569275579563293,"[13, 21, 5, 11, 4, 192, 15, 30, 255, 32, 22, 35, 28, 19, 25, 7]"
4,77,S10,373568,16,16,max_iter,2.0563083827971997,"[13, 12, 9, 10, 20, 23, 24, 14, 16, 21, 19, 98, 25, 4, 18, 82]"
4,77,S10,395584,16,16,max_iter,2.711245320131252,"[6, 12, 24, 14, 5, 15, 10, 57, 11, 7, 20, 25, 9, 18, 2, 3]"
4,77,S10,417600,16,16,max_iter,2.4734659036841746,"[11, 10, 22, 12, 1, 3, 33, 2, 20, 23, 0, 6, 194, 25, 32, 4]"
4,77,S10,439488,16,16,max_iter,2.2210997930935013,"[9, 11, 5, 15, 20, 7, 4, 6, 19, 13, 30, 22, 0, 31, 169, 10]"
4,77,S10,461504,16,16,max_iter,2.269883634952766,"[9, 7, 1, 110, 3, 10, 8, 5, 11, 20, 15, 13, 18, 19, 28, 158]"
4,77,S10,483392,16,16,max_iter,2.3869747847501848,"[9, 10, 7, 143, 20, 238, 8, 29, 15, 202, 6, 3, 12, 170, 1, 90]"
4,77,S10,505408,16,16,max_iter,2.427790271537597,"[7, 10, 9, 24, 16, 29, 11, 2, 12, 34, 23, 19, 13, 3, 25, 47]"
4,77,S10,527296,16,16,max_iter,2.4138584217893433,"[11, 5, 14, 0, 24, 2, 8, 23, 7, 12, 37, 30, 79, 114, 220, 111]"
4,77,S10,549312,16,16,max_iter,2.326650990036853,"[13, 19, 21, 12, 4, 11, 3, 6, 7, 10, 24, 22, 15, 9, 0, 41]"
4,77,S10,571328,16,16,max_iter,2.159233289180973,"[6, 15, 252, 25, 7, 16, 8, 17, 181, 148, 20, 157, 185, 180, 30, 155]"
4,77,S10,593216,16,16,max_iter,2.114446533100302,"[10, 20, 21, 2, 12, 80, 51, 28, 188, 15, 11, 153, 9, 86, 67, 5]"
4,77,S10,615232,16,16,max_iter,2.586862862854498,"[10, 8, 11, 22, 14, 6, 0, 12, 4, 13, 24, 2, 30, 7, 32, 20]"
4,77,S10,637120,16,16,max_iter,2.210369030186601,"[11, 9, 21, 5, 8, 13, 19, 1, 22, 15, 3, 20, 7, 31, 17, 32]"
4,77,S10,659136,16,16,max_iter,2.4848957246527497,"[17, 7, 14, 26, 28, 4, 9, 24, 5, 12, 16, 0, 103, 22, 2, 74]"
4,77,S10,681152,16,16,max_iter,2.0873034360376943,"[5, 11, 18, 3, 9, 13, 24, 215, 22, 8, 44, 35, 131, 144, 104, 177]"
4,77,S11,320,16,16,max_iter,2.2882248012538438,"[4, 11, 5, 13, 8, 6, 9, 12, 46, 77, 7, 20, 188, 137, 3, 31]"
4,77,S11,18880,16,16,max_iter,2.3535047403876357,"[8, 16, 11, 7, 9, 23, 10, 29, 15, 5, 14, 25, 27, 176, 22, 40]"
4,77,S11,37568,16,16,max_iter,2.7992949812214656,"[8, 9, 11, 23, 22, 18, 24, 7, 3, 188, 21, 158, 10, 36, 149, 163]"
4,77,S11,56256,16,16,max_iter,2.2393512435357565,"[19, 4, 12, 6, 8, 5, 17, 0, 18, 9, 2, 90, 239, 232, 33, 55]"
4,77,S11,74944,16,16,max_iter,2.2920494252290684,"[8, 6, 19, 36, 5, 20, 16, 15, 1, 9, 17, 30, 44, 11, 158, 25]"
4,77,S11,93504,16,16,max_iter,2.269815894799495,"[17, 11, 12, 10, 7, 27, 6, 8, 23, 36, 16, 43, 15, 173, 13, 239]"
4,77,S11,112192,16,16,max_iter,2.34959822410369,"[12, 6, 13, 30, 7, 16, 15, 5, 23, 8, 18, 1, 10, 22, 21, 134]"
4,77,S11,130880,16,16,max_iter,2.283015903552583,"[15, 12, 7, 4, 33, 13, 14, 31, 150, 29, 110, 3, 149, 19, 55, 75]"
4,77,S11,149568,16,16,max_iter,2.5805955609813305,"[7, 6, 20, 19, 17, 15, 11, 12, 23, 16, 163, 10, 8, 9, 3, 27]"
4,77,S11,168128,16,16,max_iter,2.26787818335246,"[22, 45, 7, 43, 203, 19, 114, 46, 39, 214, 9, 25, 44, 21, 142, 23]"
4,77,S11,186816,16,16,max_iter,2.1395084371598085,"[8, 10, 9, 15, 11, 21, 13, 18, 20, 139, 19, 199, 26, 176, 156, 122]"
4,77,S11,205504,16,16,max_iter,2.2888204726479486,"[13, 15, 14, 28, 8, 7, 23, 17, 210, 41, 94, 46, 51, 74, 45, 29]"
4,77,S11,224192,16,16,max_iter,2.478822295498465,"[12, 10, 14, 6, 25, 2, 27, 248, 4, 15, 13, 20, 43, 172, 8, 29]"
4,77,S11,242880,16,16,max_iter,2.442046493538794,"[28, 14, 12, 16, 13, 36, 202, 37, 159, 218, 251, 158, 73, 39, 106, 104]"
4,77,S11,261440,16,16,max_iter,2.3916596159930137,"[15, 5, 35, 218, 32, 42, 8, 6, 29, 1, 231, 230, 233, 245, 53, 3]"
4,77,S11,280128,16,16,max_iter,2.486488412000118,"[15, 7, 17, 8, 11, 32, 113, 28, 4, 16, 9, 39, 19, 29, 33, 5]"
4,77,S11,298816,16,16,max_iter,2.19600925539283,"[14, 29, 10, 15, 6, 16, 12, 20, 171, 18, 180, 23, 17, 9, 5, 123]"
4,77,S11,317504,16,16,max_iter,2.238613760233191,"[14, 12, 10, 27, 25, 6, 23, 2, 18, 3, 60, 144, 254, 91, 134, 20]"
4,77,S11,336064,16,16,max_iter,2.204623642799291,"[6, 13, 12, 11, 10, 5, 14, 22, 15, 9, 36, 3, 19, 157, 40, 25]"
4,77,S11,354752,16,16,max_iter,2.3092864848668198,"[10, 9, 12, 1, 192, 8, 21, 30, 11, 22, 23, 239, 14, 2, 20, 201]"
4,77,S11,373440,16,16,max_iter,2.5110129934451066,"[12, 23, 13, 35, 202, 37, 39, 24, 9, 56, 11, 16, 27, 30, 2, 255]"
4,77,S11,392128,16,16,max_iter,2.2587322094829867,"[11, 13, 12, 26, 3, 2, 5, 4, 8, 25, 1, 14, 199, 6, 46, 29]"
4,77,S11,410816,16,16,max_iter,2.3267999973421243,"[14, 19, 10, 18, 7, 13, 45, 3, 122, 57, 129, 1, 56, 6, 8, 4]"
4,77,S11,429376,16,16,max_iter,2.548761504293549,"[12, 11, 10, 22, 25, 5, 24, 3, 8, 227, 9, 224, 106, 26, 16, 44]"
4,77,S11,448064,16,16,max_iter,2.1754156659213955,"[15, 30, 6, 9, 13, 14, 10, 17, 31, 26, 19, 36, 173, 68, 178, 128]"
4,77,S11,466752,16,16,max_iter,2.0792633504382185,"[7, 8, 3, 32, 19, 252, 2, 18, 21, 27, 16, 57, 9, 225, 102, 12]"
4,77,S11,485440,16,16,max_iter,2.1147036488936792,"[5, 8, 17, 10, 18, 12, 11, 36, 19, 37, 113, 216, 47, 51, 100, 172]"
4,77,S11,504000,16,16,max_iter,2.2954953596654364,"[9, 10, 8, 7, 27, 11, 18, 5, 15, 20, 21, 17, 3, 13, 93, 12]"
4,77,S11,522688,16,16,max_iter,2.1926846743322526,"[11, 10, 12, 9, 4, 15, 199, 214, 20, 101, 3, 18, 7, 54, 30, 32]"
4,77,S11,541376,16,16,max_iter,2.3946019350602095,"[9, 8, 10, 18, 26, 15, 11, 19, 17, 241, 30, 107, 159, 29, 61, 68]"
4,77,S11,560064,16,16,max_iter,2.4030701149268574,"[8, 19, 4, 20, 13, 6, 3, 239, 10, 14, 50, 25, 22, 23, 9, 1]"
4,77,S11,578752,16,16,max_iter,2.299210596367253,"[7, 10, 9, 5, 26, 3, 41, 23, 2, 16, 204, 1, 11, 19, 202, 13]"
4,77,S12,320,16,16,max_iter,2.617600993035534,"[7, 15, 8, 11, 1, 138, 17, 10, 3, 142, 21, 13, 23, 35, 190, 31]"
4,77,S12,16576,16,16,max_iter,2.4366381128601122,"[7, 5, 9, 14, 17, 8, 4, 22, 11, 21, 18, 19, 26, 20, 24, 27]"
4,77,S12,32832,16,16,max_iter,2.546694863693074,"[5, 3, 1, 12, 10, 17, 4, 20, 23, 90, 103, 22, 24, 249, 7, 16]"
4,77,S12,49216,16,16,max_iter,2.2431638840479216,"[7, 15, 8, 12, 14, 9, 6, 24, 13, 4, 21, 22, 16, 29, 11, 26]"
4,77,S12,65472,16,16,max_iter,2.377653760203654,"[6, 7, 9, 15, 8, 17, 12, 91, 16, 14, 11, 13, 27, 176, 19, 20]"
4,77,S12,81856,16,16,max_iter,2.0536456039548314,"[9, 12, 15, 23, 123, 7, 11, 137, 188, 134, 70, 149, 76, 36, 20, 83]"
4,77,S12,98112,16,16,max_iter,2.288100982449176,"[7, 8, 6, 15, 14, 10, 12, 9, 11, 20, 123, 18, 2, 4, 159, 13]"
4,77,S12,114496,16,16,max_iter,2.267513139884632,"[4, 15, 7, 9, 11, 12, 13, 8, 21, 23, 0, 20, 5, 22, 163, 75]"
4,77,S12,130752,16,16,max_iter,2.1092900594381847,"[29, 192, 184, 144, 135, 252, 9, 8, 199, 21, 10, 74, 222, 122, 231, 68]"
4,77,S12,147136,16,16,max_iter,2.3702549647871796,"[12, 8, 14, 46, 9, 26, 20, 6, 2, 4, 7, 25, 24, 29, 91, 28]"
4,77,S12,163392,16,16,max_iter,2.0929772295166287,"[11, 15, 12, 135, 10, 16, 18, 58, 194, 39, 21, 3, 27, 103, 48, 246]"
4,77,S12,179776,16,16,max_iter,2.261431228099785,"[14, 8, 13, 18, 9, 3, 239, 23, 30, 15, 10, 6, 22, 134, 69, 201]"
4,77,S12,196032,16,16,max_iter,2.268293732261371,"[8, 11, 9, 6, 16, 114, 155, 41, 125, 17, 18, 3, 42, 14, 163, 198]"
4,77,S12,212416,16,16,max_iter,2.4997733456131606,"[7, 9, 13, 6, 15, 11, 46, 18, 20, 56, 152, 2, 123, 183, 19, 12]"
4,77,S12,228672,16,16,max_iter,2.9621436385157702,"[8, 7, 6, 9, 12, 10, 19, 204, 166, 4, 45, 17, 13, 5, 3, 23]"
4,77,S12,245056,16,16,max_iter,2.2741109443972043,"[13, 11, 1, 3, 8, 10, 246, 46, 16, 15, 247, 7, 9, 12, 18, 28]"
4,77,S12,261312,16,16,max_iter,2.312301180649681,"[8, 14, 15, 16, 41, 6, 13, 17, 202, 1, 19, 3, 20, 239, 86, 65]"
4,77,S12,277696,16,16,max_iter,2.489458935843974,"[9, 7, 10, 15, 17, 3, 4, 22, 1, 14, 13, 20, 11, 84, 134, 19]"
4,77,S12,293952,16,16,max_iter,2.301179453576145,"[220, 43, 47, 6, 12, 239, 169, 7, 228, 24, 248, 32, 86, 251, 176, 139]"
4,77,S12,310336,16,16,max_iter,2.220527192502444,"[10, 6, 8, 12, 4, 11, 7, 13, 101, 18, 9, 1, 158, 115, 16, 214]"
4,77,S12,326592,16,16,max_iter,2.809687274454818,"[9, 10, 5, 11, 18, 96, 7, 88, 147, 0, 8, 6, 20, 29, 3, 174]"
4,77,S12,342976,16,16,max_iter,2.3034571359193587,"[8, 17, 12, 219, 6, 1, 164, 45, 156, 26, 220, 9, 3, 20, 5, 168]"
4,77,S12,359232,16,16,max_iter,2.589112713193281,"[10, 6, 8, 9, 4, 5, 31, 11, 15, 24, 22, 3, 27, 25, 23, 41]"
4,77,S12,375616,16,16,max_iter,2.5296143627929264,"[7, 8, 166, 9, 16, 15, 79, 5, 165, 193, 26, 20, 206, 31, 91, 108]"
4,77,S12,391872,16,16,max_iter,2.3317404842617804,"[8, 9, 10, 6, 21, 4, 3, 164, 16, 30, 12, 5, 32, 154, 166, 189]"
4,77,S12,408256,16,16,max_iter,2.218500632892257,"[6, 8, 9, 7, 2, 4, 11, 21, 22, 12, 34, 25, 10, 30, 0, 32]"
4,77,S12,424512,16,16,max_iter,2.611583620492325,"[9, 1, 17, 7, 8, 6, 18, 4, 190, 12, 14, 47, 5, 10, 15, 32]"
4,77,S12,440896,16,16,max_iter,2.3637518956059442,"[7, 8, 9, 15, 17, 14, 5, 3, 16, 23, 1, 24, 19, 31, 242, 2]"
4,77,S12,457152,16,16,max_iter,2.483767070043157,"[6, 11, 12, 8, 5, 13, 22, 18, 24, 3, 33, 21, 9, 199, 20, 7]"
4,77,S12,473536,16,16,max_iter,2.4383313735773227,"[8, 9, 15, 3, 14, 2, 16, 31, 7, 11, 23, 12, 5, 13, 1, 10]"
4,77,S12,489792,16,16,max_iter,2.410447532180723,"[8, 14, 9, 3, 7, 4, 21, 24, 12, 22, 15, 11, 17, 23, 19, 110]"
4,77,S12,506176,16,16,max_iter,2.5265966442120744,"[3, 6, 12, 10, 1, 11, 15, 13, 8, 21, 17, 5, 249, 16, 134, 7]"
4,128,S10,320,64,64,max_iter,6.490848724139339,"[8, 6, 11, 5, 10, 3, 4, 18, 13, 15, 16, 20, 9, 7, 22, 12, 14, 23, 2, 26, 1, 19, 29, 46, 28, 31, 32, 21, 27, 48, 33, 50, 0, 44, 24, 35, 34, 37, 36, 30, 38, 57, 17, 41, 39, 42, 25, 59, 58, 40, 49, 43, 51, 60, 126, 63, 55, 47, 61, 250, 66, 68, 62, 72]"
4,128,S10,22208,64,64,max_iter,5.412219319302057,"[5, 10, 8, 9, 7, 11, 6, 3, 28, 17, 19, 15, 23, 0, 13, 18, 14, 2, 22, 33, 4, 16, 1, 27, 30, 21, 25, 38, 31, 20, 34, 42, 48, 12, 41, 56, 51, 43, 29, 49, 60, 254, 24, 210, 64, 39, 45, 160, 36, 55, 139, 52, 57, 70, 32, 72, 115, 61, 50, 174, 236, 88, 234, 188]"
4,128,S10,44224,64,64,max_iter,5.379536586402389,"[7, 8, 9, 16, 14, 1, 3, 5, 11, 6, 18, 24, 31, 23, 15, 10, 13, 22, 26, 44, 2, 19, 4, 29, 17, 0, 20, 34, 27, 39, 49, 28, 33, 64, 43, 51, 52, 32, 25, 36, 160, 128, 108, 167, 149, 226, 127, 218, 211, 131, 113, 178, 230, 241, 72, 54, 203, 105, 57, 239, 144, 60, 110, 142]"
4,128,S10,66112,64,64,max_iter,5.481075193876061,"[7, 8, 9, 16, 5, 11, 15, 6, 3, 24, 1, 23, 31, 10, 13, 19, 17, 2, 25, 33, 18, 21, 28, 14, 12, 30, 4, 20, 29, 26, 73, 27, 38, 193, 117, 40, 48, 47, 119, 134, 204, 39, 168, 101, 136, 36, 44, 51, 22, 96, 41, 177, 118, 181, 226, 49, 46, 37, 128, 112, 210, 42, 75, 150]"
4,128,S10,88128,64,64,max_iter,5.297381089662182,"[17, 25, 3, 18, 5, 13, 35, 34, 19, 28, 46, 133, 166, 37, 1, 41, 6, 7, 22, 9, 14, 30, 31, 24, 47, 39, 196, 20, 33, 48, 91, 8, 45, 26, 36, 23, 43, 15, 185, 2, 70, 170, 99, 229, 168, 63, 98, 225, 190, 134, 181, 0, 58, 200, 194, 27, 74, 29, 12, 40, 198, 59, 163, 159]"
4,128,S10,110016,64,64,max_iter,5.523339078077703,"[14, 26, 20, 17, 13, 22, 30, 47, 15, 24, 38, 2, 18, 29, 4, 5, 6, 32, 23, 9, 27, 19, 7, 159, 0, 39, 35, 148, 12, 33, 41, 44, 49, 51, 210, 57, 66, 34, 10, 214, 171, 131, 203, 42, 53, 67, 75, 169, 21, 46, 25, 129, 215, 138, 144, 246, 3, 180, 153, 81, 120, 222, 77, 146]"
4,128,S10,132032,64,64,max_iter,5.7626254232963685,"[13, 11, 8, 7, 12, 15, 5, 21, 24, 14, 18, 9, 6, 27, 30, 17, 4, 26, 28, 33, 20, 31, 32, 10, 41, 45, 2, 22, 50, 38, 190, 16, 1, 3, 25, 42, 47, 46, 54, 43, 0, 37, 51, 62, 108, 52, 58, 236, 19, 187, 35, 55, 39, 53, 237, 66, 186, 67, 36, 72, 29, 63, 34, 71]"
4,128,S10,154048,64,64,max_iter,5.527916516066491,"[8, 10, 9, 17, 7, 25, 13, 18, 5, 24, 41, 3, 32, 16, 1, 11, 20, 40, 34, 49, 19, 14, 35, 50, 4, 42, 15, 58, 39, 54, 118, 45, 6, 31, 57, 30, 22, 59, 29, 28, 0, 47, 46, 23, 38, 44, 26, 2, 66, 12, 27, 36, 74, 33, 67, 63, 70, 161, 68, 141, 221, 37, 73, 56]"
4,128,S10,175936,64,64,max_iter,5.374457567353572,"[12, 11, 6, 4, 10, 7, 24, 19, 13, 14, 8, 5, 2, 23, 15, 9, 37, 36, 21, 22, 20, 32, 25, 0, 33, 29, 34, 16, 84, 31, 39, 26, 46, 48, 43, 49, 35, 100, 45, 30, 47, 38, 50, 17, 217, 63, 41, 238, 58, 57, 171, 83, 68, 62, 59, 40, 53, 44, 56, 71, 149, 64, 3, 1]"
4,128,S10,197952,64,64,max_iter,5.319965788863112,"[8, 16, 10, 14, 9, 20, 1, 44, 11, 33, 32, 192, 18, 25, 31, 6, 38, 7, 24, 40, 2, 42, 21, 22, 23, 43, 28, 17, 39, 19, 132, 52, 30, 0, 66, 48, 223, 138, 63, 34, 60, 51, 53, 12, 54, 41, 26, 62, 46, 36, 70, 231, 45, 61, 64, 128, 37, 5, 75, 94, 158, 74, 15, 232]"
4,128,S10,219840,64,64,max_iter,5.470558443895722,"[15, 8, 13, 7, 11, 3, 1, 19, 12, 17, 16, 29, 38, 5, 6, 21, 22, 43, 28, 47, 49, 10, 36, 61, 25, 31, 18, 27, 62, 60, 42, 35, 37, 54, 71, 26, 46, 24, 44, 59, 23, 20, 64, 2, 32, 40, 57, 63, 175, 178, 41, 87, 174, 236, 223, 89, 99, 115, 111, 113, 138, 129, 183, 163]"
4,128,S10,241856,64,64,max_iter,5.546087100095217,"[19, 27, 12, 8, 11, 5, 24, 13, 28, 18, 6, 207, 17, 15, 38, 164, 4, 197, 61, 154, 2, 221, 76, 30, 86, 53, 246, 44, 1, 21, 110, 31, 75, 22, 32, 60, 48, 243, 23, 161, 34, 116, 33, 29, 9, 171, 141, 191, 51, 251, 133, 10, 201, 252, 159, 115, 149, 69, 211, 135, 225, 139, 184, 122]"
4,128,S10,263744,64,64,max_iter,6.274329556845063,"[11, 8, 7, 6, 5, 4, 22, 9, 3, 23, 13, 14, 16, 20, 30, 2, 12, 47, 17, 87, 21, 10, 18, 34, 25, 159, 38, 1, 29, 26, 0, 28, 48, 46, 33, 236, 147, 166, 24, 37, 36, 27, 31, 35, 45, 39, 44, 127, 49, 19, 178, 40, 70, 98, 126, 51, 64, 74, 57, 73, 43, 251, 72, 90]"
4,128,S10,285760,64,64,max_iter,5.208980770869964,"[11, 12, 10, 22, 18, 24, 33, 19, 13, 15, 23, 3, 16, 29, 14, 30, 27, 21, 2, 4, 46, 26, 6, 7, 5, 49, 34, 8, 0, 20, 28, 25, 44, 35, 37, 43, 17, 40, 39, 56, 32, 184, 72, 45, 69, 111, 220, 113, 42, 53, 65, 81, 249, 127, 138, 68, 50, 63, 48, 1, 174, 70, 124, 99]"
4,128,S10,307776,64,64,max_iter,5.228640118609457,"[12, 8, 13, 24, 25, 11, 16, 23, 7, 17, 1, 4, 19, 5, 14, 36, 30, 9, 37, 3, 29, 15, 21, 10, 26, 20, 2, 27, 48, 34, 31, 44, 32, 18, 39, 6, 43, 41, 46, 35, 22, 42, 62, 28, 40, 0, 45, 64, 47, 54, 33, 65, 70, 228, 179, 88, 220, 61, 77, 67, 117, 104, 74, 81]"
4,128,S10,329664,64,64,max_iter,5.077689663524333,"[8, 15, 17, 32, 4, 29, 6, 20, 23, 7, 33, 16, 26, 9, 25, 38, 2, 11, 22, 13, 5, 18, 186, 21, 19, 53, 40, 31, 44, 30, 0, 47, 48, 14, 27, 10, 49, 37, 42, 57, 46, 50, 35, 164, 202, 66, 51, 12, 56, 39, 54, 63, 41, 52, 24, 65, 70, 36, 43, 234, 124, 3, 59, 64]"
4,128,S10,351680,64,64,max_iter,4.807036656318745,"[13, 5, 21, 4, 11, 15, 30, 25, 7, 19, 14, 22, 32, 23, 16, 8, 1, 31, 35, 10, 28, 29, 34, 24, 33, 20, 6, 12, 46, 42, 0, 45, 2, 52, 47, 36, 63, 41, 167, 157, 188, 169, 250, 38, 240, 73, 222, 162, 235, 172, 141, 173, 117, 69, 86, 130, 223, 165, 214, 113, 183, 54, 207, 181]"
4,128,S10,373568,64,64,max_iter,5.455763911792644,"[12, 13, 10, 16, 23, 18, 20, 24, 14, 21, 9, 19, 25, 4, 15, 57, 8, 26, 22, 7, 2, 36, 11, 0, 33, 31, 6, 17, 3, 5, 41, 107, 1, 34, 55, 37, 29, 46, 49, 32, 44, 47, 28, 39, 35, 126, 27, 63, 45, 116, 52, 50, 60, 43, 48, 58, 62, 56, 38, 69, 174, 125, 138, 208]"
4,128,S10,395584,64,64,max_iter,5.224157350915388,"[12, 11, 6, 10, 5, 24, 14, 15, 7, 25, 20, 3, 2, 9, 18, 4, 1, 0, 37, 27, 13, 36, 22, 17, 21, 16, 26, 34, 30, 23, 28, 51, 49, 48, 42, 8, 43, 41, 61, 38, 31, 46, 53, 40, 29, 33, 50, 55, 73, 60, 72, 176, 35, 52, 71, 47, 44, 19, 101, 63, 99, 135, 77, 103]"
4,128,S10,417600,64,64,max_iter,5.392809603528521,"[11, 10, 22, 12, 1, 3, 33, 2, 8, 20, 30, 6, 25, 0, 32, 23, 4, 19, 15, 14, 16, 18, 5, 17, 55, 13, 28, 47, 21, 48, 135, 34, 26, 24, 35, 37, 31, 27, 51, 7, 43, 41, 50, 49, 52, 45, 53, 29, 56, 58, 39, 63, 65, 61, 203, 207, 120, 76, 40, 59, 46, 206, 113, 180]"
4,128,S10,439488,64,64,max_iter,5.8153632528611165,"[9, 11, 5, 7, 15, 20, 6, 4, 19, 13, 30, 22, 10, 3, 2, 14, 18, 12, 16, 17, 26, 0, 31, 37, 24, 39, 50, 78, 132, 25, 47, 1, 41, 27, 8, 40, 29, 28, 44, 21, 32, 230, 46, 45, 33, 38, 49, 35, 23, 59, 34, 51, 60, 61, 52, 64, 70, 43, 55, 48, 67, 53, 74, 106]"
4,128,S10,461504,64,64,max_iter,5.206746840432524,"[9, 8, 10, 11, 20, 5, 18, 7, 3, 13, 1, 15, 19, 14, 17, 29, 28, 22, 16, 6, 26, 2, 30, 21, 24, 12, 37, 34, 0, 32, 27, 39, 35, 36, 40, 58, 38, 48, 31, 49, 33, 45, 23, 63, 131, 46, 43, 61, 75, 67, 47, 4, 71, 179, 101, 57, 148, 73, 236, 113, 135, 205, 234, 226]"
4,128,S10,483392,64,64,max_iter,5.1118389020837816,"[9, 10, 8, 7, 11, 15, 18, 20, 6, 3, 29, 5, 12, 1, 13, 32, 14, 2, 19, 16, 22, 4, 0, 34, 30, 26, 38, 24, 17, 28, 25, 42, 23, 39, 49, 21, 37, 31, 45, 52, 41, 44, 47, 64, 27, 108, 70, 182, 62, 54, 43, 87, 53, 245, 147, 163, 91, 248, 138, 68, 50, 61, 226, 215]"
4,128,S10,505408,64,64,max_iter,5.234344449902637,"[7, 10, 16, 9, 24, 11, 2, 29, 12, 23, 19, 25, 3, 44, 13, 30, 32, 22, 1, 0, 31, 85, 35, 34, 28, 5, 37, 8, 43, 27, 21, 47, 38, 26, 15, 48, 51, 50, 14, 4, 62, 254, 46, 41, 45, 52, 251, 210, 54, 59, 95, 249, 241, 219, 42, 109, 71, 223, 250, 111, 57, 53, 79, 192]"
4,128,S10,527296,64,64,max_iter,5.8608287849416065,"[11, 14, 5, 7, 2, 23, 8, 12, 24, 0, 6, 13, 18, 16, 38, 9, 35, 17, 196, 10, 26, 20, 15, 4, 19, 37, 40, 33, 30, 54, 42, 3, 44, 34, 1, 43, 29, 22, 27, 25, 21, 83, 47, 46, 52, 172, 64, 28, 39, 51, 63, 184, 62, 71, 186, 78, 59, 48, 49, 36, 58, 31, 72, 57]"
4,128,S10,549312,64,64,max_iter,5.586834268539109,"[13, 12, 11, 3, 7, 6, 19, 4, 24, 21, 15, 22, 20, 10, 1, 9, 5, 26, 35, 27, 30, 42, 23, 32, 25, 38, 34, 17, 0, 16, 44, 48, 2, 184, 40, 240, 135, 66, 191, 170, 76, 18, 47, 49, 87, 171, 117, 45, 60, 199, 59, 126, 113, 174, 80, 140, 110, 37, 198, 84, 63, 216, 61, 64]"
4,128,S10,571328,64,64,max_iter,5.335933572648115,"[6, 15, 7, 16, 11, 25, 5, 8, 17, 19, 14, 10, 26, 18, 21, 24, 28, 29, 22, 12, 4, 36, 30, 35, 13, 20, 2, 37, 23, 45, 49, 48, 32, 43, 27, 0, 41, 59, 58, 9, 184, 51, 251, 60, 70, 34, 33, 46, 40, 53, 47, 3, 44, 50, 117, 146, 42, 64, 131, 180, 208, 38, 62, 75]"
4,128,S10,593216,64,64,max_iter,5.187916659122683,"[10, 21, 20, 2, 12, 13, 11, 22, 18, 16, 5, 19, 4, 30, 39, 40, 44, 38, 29, 41, 0, 6, 17, 42, 46, 43, 26, 28, 15, 9, 23, 47, 24, 45, 1, 48, 8, 37, 27, 31, 70, 50, 59, 49, 33, 72, 202, 214, 237, 73, 52, 138, 193, 159, 236, 154, 177, 221, 64, 189, 134, 147, 176, 174]"
4,128,S10,615232,64,64,max_iter,5.422198997432702,"[10, 8, 11, 22, 14, 12, 4, 13, 24, 2, 6, 30, 0, 7, 32, 20, 27, 26, 23, 35, 5, 19, 44, 33, 18, 3, 36, 28, 48, 94, 54, 46, 39, 16, 43, 64, 1, 217, 65, 38, 91, 21, 251, 151, 72, 146, 25, 9, 57, 40, 37, 250, 63, 103, 229, 254, 122, 179, 41, 59, 176, 58, 124, 115]"
4,128,S10,637120,64,64,max_iter,5.540162830797693,"[11, 9, 21, 8, 5, 22, 15, 1, 7, 20, 13, 3, 31, 17, 19, 32, 2, 14, 12, 29, 18, 23, 6, 0, 30, 27, 25, 16, 39, 10, 34, 24, 57, 33, 64, 51, 38, 134, 170, 45, 41, 26, 77, 40, 4, 42, 137, 48, 207, 222, 95, 43, 247, 144, 187, 74, 119, 124, 236, 109, 126, 211, 47, 82]"
4,128,S10,659136,64,64,max_iter,5.1417530590403215,"[17, 7, 4, 26, 14, 28, 9, 22, 33, 5, 12, 13, 24, 16, 1, 21, 3, 8, 31, 15, 0, 45, 29, 27, 30, 34, 23, 19, 25, 18, 43, 35, 37, 44, 20, 42, 6, 2, 39, 10, 73, 236, 218, 58, 202, 11, 63, 124, 53, 61, 235, 83, 103, 32, 190, 38, 46, 233, 253, 176, 145, 109, 72, 41]"
4,128,S10,681152,64,64,max_iter,6.2408807362100776,"[5, 11, 18, 9, 13, 3, 8, 16, 22, 24, 14, 47, 15, 41, 40, 23, 10, 2, 35, 39, 50, 32, 21, 38, 31, 37, 44, 12, 20, 85, 27, 28, 55, 42, 30, 229, 6, 26, 135, 33, 4, 45, 43, 51, 0, 17, 25, 29, 19, 48, 7, 61, 52, 69, 68, 54, 34, 53, 59, 75, 254, 117, 60, 83]"
4,128,S11,320,64,64,max_iter,5.298914116962526,"[11, 5, 4, 13, 8, 6, 12, 9, 7, 1, 20, 21, 3, 17, 27, 19, 31, 10, 33, 38, 18, 29, 37, 2, 23, 22, 30, 26, 41, 36, 40, 28, 42, 49, 16, 32, 43, 39, 53, 127, 45, 0, 14, 61, 190, 74, 151, 131, 86, 79, 179, 216, 241, 47, 63, 77, 161, 144, 126, 193, 68, 50, 59, 111]"
4,128,S11,18880,64,64,max_iter,5.575538565197187,"[8, 16, 7, 10, 9, 11, 22, 5, 29, 14, 34, 25, 23, 15, 27, 40, 176, 39, 3, 38, 32, 182, 252, 1, 26, 45, 21, 18, 33, 19, 4, 47, 43, 12, 17, 0, 146, 31, 35, 24, 50, 28, 30, 2, 6, 36, 42, 46, 13, 48, 37, 54, 20, 61, 52, 51, 131, 59, 49, 62, 69, 58, 67, 57]"
4,128,S11,37568,64,64,max_iter,5.630348769948019,"[8, 9, 3, 24, 7, 21, 188, 18, 11, 23, 22, 5, 2, 4, 17, 1, 16, 10, 34, 31, 25, 0, 15, 12, 40, 28, 14, 44, 19, 49, 38, 29, 56, 27, 37, 46, 35, 39, 204, 13, 33, 6, 30, 41, 20, 45, 36, 54, 42, 53, 48, 32, 55, 43, 64, 187, 50, 60, 57, 221, 68, 211, 205, 75]"
4,128,S11,56256,64,64,max_iter,5.249276620344831,"[19, 20, 12, 7, 17, 5, 6, 8, 9, 11, 21, 4, 18, 15, 30, 10, 1, 3, 37, 24, 25, 26, 33, 41, 13, 22, 2, 27, 29, 36, 14, 39, 44, 45, 31, 46, 43, 0, 23, 28, 51, 40, 32, 35, 48, 53, 16, 61, 38, 47, 55, 89, 160, 34, 101, 163, 194, 59, 56, 62, 245, 190, 87, 231]"
4,128,S11,74944,64,64,max_iter,5.322373404277282,"[8, 6, 16, 19, 5, 36, 11, 14, 15, 37, 24, 9, 20, 10, 7, 30, 1, 26, 3, 31, 17, 2, 12, 22, 29, 202, 25, 59, 4, 13, 27, 35, 0, 39, 23, 204, 33, 74, 87, 61, 42, 32, 208, 21, 244, 250, 144, 172, 40, 85, 46, 135, 89, 211, 55, 251, 245, 115, 179, 77, 239, 178, 129, 203]"
4,128,S11,93504,64,64,max_iter,6.703183423023803,"[17, 12, 11, 8, 7, 10, 6, 27, 13, 23, 4, 16, 5, 19, 3, 32, 60, 29, 1, 33, 21, 116, 194, 25, 22, 42, 45, 0, 47, 2, 37, 28, 30, 38, 43, 44, 31, 52, 18, 62, 15, 223, 59, 50, 40, 36, 65, 143, 193, 136, 39, 34, 35, 46, 41, 66, 9, 53, 54, 26, 57, 68, 72, 203]"
4,128,S11,112192,64,64,max_iter,5.350334565724424,"[12, 6, 13, 16, 7, 15, 23, 5, 14, 8, 18, 22, 21, 37, 42, 1, 33, 4, 31, 28, 241, 135, 34, 159, 204, 55, 58, 10, 45, 64, 20, 250, 27, 234, 30, 205, 196, 59, 36, 38, 84, 9, 17, 44, 2, 245, 41, 143, 164, 230, 141, 146, 216, 224, 111, 73, 174, 187, 72, 46, 140, 107, 179, 131]"
4,128,S11,130880,64,64,max_iter,6.646400658771973,"[15, 4, 7, 12, 14, 3, 17, 10, 8, 19, 33, 13, 28, 1, 22, 2, 30, 21, 29, 6, 9, 45, 169, 23, 32, 31, 11, 38, 34, 48, 46, 43, 35, 44, 36, 254, 51, 52, 37, 62, 241, 70, 59, 77, 61, 25, 0, 154, 194, 50, 40, 71, 152, 42, 24, 5, 240, 16, 210, 56, 55, 187, 216, 140]"
4,128,S11,149568,64,64,max_iter,5.261412192201236,"[7, 6, 19, 15, 11, 17, 20, 12, 10, 9, 8, 23, 16, 39, 27, 2, 18, 21, 40, 3, 0, 14, 22, 31, 5, 41, 54, 59, 13, 36, 45, 28, 52, 37, 42, 38, 32, 60, 30, 50, 43, 58, 118, 48, 63, 186, 33, 67, 88, 70, 163, 71, 34, 68, 252, 242, 72, 184, 114, 206, 51, 101, 175, 201]"
4,128,S11,168128,64,64,max_iter,5.531840617800472,"[22, 7, 45, 44, 19, 43, 21, 39, 25, 10, 9, 142, 3, 23, 5, 13, 4, 30, 12, 57, 8, 6, 1, 11, 46, 28, 16, 2, 32, 37, 42, 41, 14, 15, 34, 24, 0, 36, 40, 65, 51, 20, 53, 66, 35, 18, 50, 94, 56, 68, 31, 95, 73, 49, 59, 63, 60, 228, 179, 55, 70, 26, 48, 121]"
4,128,S11,186816,64,64,max_iter,5.0499150984799925,"[10, 8, 9, 15, 11, 18, 13, 20, 21, 29, 168, 33, 14, 192, 32, 37, 19, 35, 26, 31, 16, 27, 4, 28, 17, 7, 42, 30, 6, 24, 39, 44, 23, 12, 49, 38, 5, 52, 47, 41, 50, 40, 22, 1, 2, 64, 62, 34, 25, 89, 141, 58, 63, 0, 46, 66, 53, 174, 83, 221, 175, 60, 117, 190]"
4,128,S11,205504,64,64,max_iter,5.19235568477178,"[13, 15, 14, 28, 8, 7, 17, 23, 41, 18, 3, 11, 43, 19, 21, 27, 25, 29, 12, 9, 30, 16, 24, 31, 33, 51, 2, 220, 32, 5, 40, 38, 1, 39, 4, 45, 59, 147, 10, 49, 57, 61, 48, 0, 47, 37, 53, 127, 46, 55, 52, 54, 56, 22, 34, 65, 6, 63, 67, 70, 245, 73, 36, 42]"
4,128,S11,224192,64,64,max_iter,5.097774074816599,"[12, 14, 8, 10, 25, 6, 2, 4, 26, 27, 29, 18, 15, 7, 20, 16, 0, 22, 39, 30, 38, 44, 43, 9, 31, 35, 36, 11, 42, 5, 21, 23, 1, 40, 3, 46, 17, 34, 53, 59, 32, 49, 41, 50, 33, 47, 61, 56, 19, 48, 45, 28, 24, 67, 58, 88, 115, 103, 242, 70, 184, 189, 167, 225]"
4,128,S11,242880,64,64,max_iter,5.172116910560891,"[14, 13, 12, 28, 16, 7, 33, 4, 5, 20, 18, 31, 2, 37, 35, 34, 22, 26, 21, 24, 8, 39, 32, 11, 0, 9, 38, 36, 244, 29, 15, 247, 10, 25, 42, 51, 43, 189, 17, 19, 190, 23, 44, 50, 217, 234, 56, 47, 46, 41, 45, 151, 254, 163, 49, 53, 199, 30, 171, 52, 64, 216, 117, 130]"
4,128,S11,261440,64,64,max_iter,4.973289333697537,"[15, 5, 6, 8, 18, 14, 13, 11, 28, 4, 26, 2, 32, 30, 20, 25, 9, 23, 33, 1, 29, 21, 19, 17, 12, 45, 10, 31, 43, 22, 35, 44, 47, 38, 7, 46, 51, 59, 48, 39, 24, 0, 54, 16, 41, 57, 60, 42, 61, 62, 27, 66, 186, 70, 141, 163, 190, 88, 85, 104, 101, 53, 63, 185]"
4,128,S11,280128,64,64,max_iter,5.206154537113432,"[15, 7, 17, 11, 8, 4, 16, 32, 28, 5, 9, 33, 18, 10, 19, 6, 14, 46, 21, 22, 13, 29, 12, 30, 34, 26, 43, 44, 20, 25, 31, 1, 39, 38, 0, 3, 27, 37, 48, 41, 45, 47, 36, 63, 40, 245, 79, 250, 241, 213, 143, 142, 59, 97, 254, 165, 118, 226, 154, 138, 249, 109, 64, 136]"
4,128,S11,298816,64,64,max_iter,5.731327915162676,"[14, 16, 29, 10, 15, 5, 27, 18, 25, 20, 12, 31, 8, 30, 44, 3, 2, 58, 6, 1, 9, 17, 23, 11, 26, 28, 43, 7, 24, 0, 22, 38, 32, 45, 21, 41, 34, 13, 4, 19, 47, 48, 35, 50, 49, 59, 111, 186, 60, 51, 62, 33, 46, 197, 236, 57, 74, 40, 191, 61, 95, 63, 218, 245]"
4,128,S11,317504,64,64,max_iter,6.289509694141455,"[14, 10, 12, 27, 25, 6, 2, 23, 18, 16, 221, 0, 40, 7, 1, 13, 30, 35, 29, 8, 5, 11, 38, 21, 17, 28, 20, 42, 227, 15, 235, 31, 24, 3, 39, 22, 36, 19, 37, 48, 66, 46, 56, 203, 34, 57, 115, 44, 163, 126, 174, 219, 72, 238, 104, 214, 53, 52, 241, 45, 9, 43, 41, 100]"
4,128,S11,336064,64,64,max_iter,5.263003071656766,"[6, 11, 10, 12, 5, 14, 13, 22, 4, 15, 23, 20, 8, 7, 9, 21, 25, 19, 31, 24, 42, 18, 51, 30, 27, 36, 37, 2, 43, 1, 29, 40, 35, 33, 26, 3, 0, 34, 46, 49, 47, 44, 57, 53, 169, 41, 32, 17, 59, 16, 28, 38, 50, 45, 66, 64, 65, 62, 54, 67, 61, 63, 52, 39]"
4,128,S11,354752,64,64,max_iter,5.653350164189729,"[10, 12, 9, 8, 21, 23, 14, 11, 22, 2, 16, 6, 1, 7, 31, 19, 0, 33, 93, 30, 13, 15, 36, 45, 5, 35, 4, 34, 20, 43, 3, 32, 42, 17, 40, 46, 44, 55, 48, 26, 52, 25, 65, 18, 57, 70, 63, 27, 161, 37, 51, 186, 67, 29, 244, 38, 195, 24, 59, 204, 233, 47, 28, 72]"
4,128,S11,373440,64,64,max_iter,5.445420071065148,"[12, 23, 11, 35, 24, 9, 56, 37, 13, 2, 27, 30, 17, 34, 21, 8, 36, 3, 15, 4, 10, 47, 25, 142, 26, 6, 1, 39, 69, 32, 29, 14, 48, 252, 33, 148, 129, 103, 49, 41, 38, 186, 165, 19, 5, 71, 233, 70, 45, 149, 114, 247, 18, 187, 66, 225, 125, 194, 200, 53, 140, 133, 196, 204]"
4,128,S11,392128,64,64,max_iter,5.121145357176814,"[11, 13, 4, 12, 5, 26, 3, 2, 1, 14, 8, 7, 18, 25, 30, 22, 29, 24, 0, 27, 36, 37, 23, 31, 6, 38, 45, 44, 35, 48, 17, 9, 39, 60, 62, 49, 202, 68, 15, 46, 20, 50, 129, 61, 186, 58, 10, 221, 161, 77, 119, 251, 197, 66, 187, 138, 150, 99, 181, 63, 117, 222, 249, 207]"
4,128,S11,410816,64,64,max_iter,5.2606710446077996,"[10, 14, 19, 18, 3, 9, 20, 11, 25, 26, 4, 13, 15, 7, 1, 2, 52, 23, 0, 21, 22, 6, 12, 30, 24, 16, 48, 8, 29, 5, 37, 41, 35, 46, 36, 40, 32, 31, 45, 53, 27, 33, 43, 34, 51, 42, 63, 44, 70, 64, 62, 39, 61, 28, 58, 69, 117, 47, 113, 50, 49, 103, 59, 107]"
4,128,S11,429376,64,64,max_iter,6.026664294941217,"[12, 11, 10, 22, 24, 8, 5, 13, 14, 25, 4, 3, 26, 6, 1, 49, 46, 15, 7, 21, 9, 28, 16, 55, 0, 30, 19, 2, 35, 17, 20, 34, 29, 32, 40, 38, 47, 45, 33, 36, 42, 59, 58, 52, 23, 44, 50, 39, 37, 41, 27, 60, 53, 63, 61, 18, 51, 65, 101, 179, 73, 135, 108, 131]"
4,128,S11,448064,64,64,max_iter,5.63088812447294,"[15, 30, 14, 17, 10, 13, 9, 6, 36, 8, 21, 19, 20, 7, 26, 23, 28, 31, 44, 5, 24, 37, 12, 41, 43, 29, 40, 33, 34, 55, 58, 16, 51, 27, 42, 47, 25, 49, 11, 38, 48, 1, 32, 18, 61, 60, 39, 2, 46, 45, 59, 4, 22, 67, 205, 250, 66, 99, 71, 69, 139, 113, 204, 54]"
4,128,S11,466752,64,64,max_iter,5.81503428996729,"[7, 8, 3, 4, 5, 16, 32, 21, 11, 18, 13, 22, 29, 34, 12, 1, 20, 45, 30, 9, 19, 2, 6, 35, 23, 33, 39, 47, 36, 10, 38, 43, 31, 26, 44, 49, 14, 28, 0, 25, 59, 55, 46, 52, 63, 141, 15, 41, 113, 123, 194, 67, 105, 78, 61, 27, 150, 17, 37, 120, 197, 24, 53, 134]"
4,128,S11,485440,64,64,max_iter,5.245017765750544,"[5, 8, 11, 17, 10, 18, 12, 19, 13, 3, 1, 7, 14, 9, 35, 20, 2, 30, 32, 28, 43, 143, 21, 40, 15, 6, 44, 47, 16, 4, 42, 0, 25, 31, 27, 37, 26, 41, 50, 146, 49, 22, 46, 33, 48, 29, 36, 24, 34, 45, 23, 58, 55, 104, 71, 67, 38, 51, 61, 249, 62, 59, 54, 66]"
4,128,S11,504000,64,64,max_iter,5.231934461662877,"[9, 10, 8, 27, 18, 11, 5, 7, 15, 20, 21, 17, 13, 3, 1, 22, 26, 28, 29, 36, 25, 30, 40, 31, 32, 6, 37, 46, 44, 33, 19, 12, 35, 43, 16, 53, 47, 39, 51, 45, 14, 2, 24, 0, 4, 48, 52, 54, 23, 50, 42, 55, 101, 62, 34, 58, 73, 63, 71, 179, 59, 93, 90, 79]"
4,128,S11,522688,64,64,max_iter,5.692954493808919,"[11, 10, 12, 9, 4, 22, 20, 7, 14, 3, 15, 6, 5, 18, 25, 0, 13, 19, 30, 21, 146, 8, 48, 35, 2, 34, 1, 44, 29, 26, 43, 32, 42, 31, 45, 36, 24, 23, 27, 51, 33, 50, 59, 16, 37, 47, 52, 54, 46, 39, 53, 40, 17, 41, 65, 62, 60, 101, 61, 193, 28, 73, 63, 79]"
4,128,S11,541376,64,64,max_iter,5.4968249084096685,"[9, 8, 18, 26, 11, 15, 10, 17, 19, 28, 24, 25, 29, 30, 27, 42, 86, 13, 37, 21, 68, 34, 7, 38, 36, 35, 45, 22, 6, 14, 40, 31, 5, 46, 59, 44, 4, 0, 43, 51, 54, 2, 32, 107, 70, 225, 33, 12, 53, 48, 60, 95, 160, 41, 180, 147, 23, 163, 56, 74, 55, 39, 231, 146]"
4,128,S11,560064,64,64,max_iter,5.567084889588819,"[8, 19, 4, 10, 6, 5, 3, 14, 22, 7, 1, 13, 24, 18, 34, 25, 2, 21, 26, 16, 23, 9, 12, 29, 20, 17, 36, 41, 30, 31, 35, 40, 28, 37, 0, 27, 44, 46, 51, 15, 50, 52, 53, 58, 38, 43, 48, 32, 49, 57, 63, 11, 39, 61, 69, 64, 211, 56, 54, 66, 42, 67, 33, 87]"
4,128,S11,578752,64,64,max_iter,5.920299340284694,"[16, 5, 7, 10, 9, 26, 2, 23, 19, 3, 13, 63, 21, 28, 6, 1, 15, 22, 8, 4, 17, 49, 24, 25, 39, 0, 20, 18, 31, 41, 34, 38, 30, 51, 29, 43, 58, 37, 35, 61, 102, 33, 46, 44, 115, 47, 56, 146, 129, 73, 53, 99, 242, 94, 14, 36, 52, 71, 249, 180, 223, 50, 173, 108]"
4,128,S12,320,64,64,max_iter,5.622309159226939,"[7, 15, 8, 11, 17, 10, 21, 19, 23, 13, 3, 4, 38, 37, 47, 35, 5, 31, 28, 14, 1, 25, 34, 30, 9, 32, 40, 12, 22, 26, 20, 43, 50, 44, 33, 27, 39, 41, 16, 155, 6, 0, 46, 2, 61, 54, 62, 48, 53, 136, 57, 45, 88, 58, 42, 59, 49, 24, 56, 231, 161, 74, 66, 83]"
4,128,S12,16576,64,64,max_iter,5.431534683882774,"[7, 5, 9, 14, 17, 11, 21, 19, 8, 4, 26, 22, 20, 24, 27, 13, 78, 31, 6, 15, 23, 2, 39, 25, 18, 41, 34, 12, 139, 3, 38, 33, 44, 30, 48, 16, 1, 32, 29, 40, 43, 50, 45, 54, 47, 55, 46, 51, 67, 52, 36, 146, 35, 63, 61, 58, 59, 10, 160, 147, 121, 242, 105, 42]"
4,128,S12,32832,64,64,max_iter,5.300787922113522,"[5, 3, 12, 1, 10, 17, 4, 6, 22, 2, 11, 18, 7, 23, 28, 0, 14, 8, 45, 33, 21, 25, 34, 39, 15, 16, 20, 9, 27, 31, 184, 51, 50, 24, 44, 72, 228, 254, 151, 41, 100, 180, 189, 188, 187, 174, 47, 26, 68, 53, 59, 29, 171, 137, 175, 97, 64, 63, 224, 211, 166, 229, 178, 223]"
4,128,S12,49216,64,64,max_iter,5.62953667612535,"[7, 15, 8, 14, 12, 9, 4, 13, 6, 21, 24, 5, 16, 22, 28, 0, 26, 23, 29, 11, 27, 19, 18, 31, 20, 241, 240, 32, 34, 10, 37, 36, 17, 51, 2, 33, 40, 41, 35, 254, 161, 52, 1, 48, 30, 38, 43, 66, 3, 50, 210, 42, 65, 25, 46, 71, 53, 186, 122, 228, 97, 83, 220, 47]"
4,128,S12,65472,64,64,max_iter,6.037922417196541,"[9, 7, 6, 8, 15, 13, 11, 16, 19, 4, 24, 12, 20, 21, 2, 17, 30, 1, 27, 3, 0, 169, 10, 25, 28, 26, 31, 22, 41, 38, 23, 40, 36, 18, 47, 35, 44, 83, 43, 51, 32, 42, 250, 108, 177, 49, 62, 69, 37, 171, 71, 236, 46, 45, 34, 245, 59, 76, 216, 100, 65, 120, 249, 252]"
4,128,S12,81856,64,64,max_iter,5.047111899037857,"[9, 11, 12, 15, 4, 7, 5, 23, 19, 27, 18, 2, 13, 8, 21, 16, 17, 3, 10, 31, 20, 6, 0, 25, 28, 37, 22, 38, 40, 34, 36, 26, 41, 14, 30, 52, 1, 51, 29, 24, 44, 42, 54, 35, 49, 43, 57, 50, 47, 70, 53, 46, 72, 198, 68, 83, 147, 59, 117, 66, 112, 84, 58, 92]"
4,128,S12,98112,64,64,max_iter,5.369357681700874,"[7, 8, 6, 10, 11, 15, 12, 9, 4, 1, 13, 35, 20, 2, 18, 21, 30, 33, 17, 29, 14, 36, 22, 23, 39, 26, 24, 0, 40, 5, 44, 34, 27, 31, 43, 47, 85, 25, 38, 19, 37, 45, 42, 54, 32, 50, 3, 62, 51, 59, 28, 41, 53, 63, 147, 48, 77, 148, 16, 197, 64, 244, 211, 131]"
4,128,S12,114496,64,64,max_iter,6.06757790328992,"[4, 7, 15, 9, 12, 22, 11, 21, 8, 13, 20, 5, 23, 16, 17, 14, 2, 25, 0, 6, 30, 28, 38, 19, 34, 24, 42, 27, 10, 29, 46, 32, 41, 35, 1, 43, 26, 54, 36, 45, 40, 44, 49, 62, 3, 31, 48, 37, 33, 169, 83, 50, 55, 70, 86, 89, 74, 104, 94, 56, 72, 66, 68, 71]"
4,128,S12,130752,64,64,max_iter,7.065380744612223,"[9, 4, 13, 7, 8, 2, 6, 3, 5, 12, 10, 21, 0, 29, 18, 16, 31, 23, 34, 35, 32, 14, 25, 193, 19, 43, 27, 28, 252, 11, 52, 38, 51, 147, 33, 40, 37, 111, 80, 180, 24, 41, 254, 22, 36, 17, 238, 15, 84, 191, 225, 20, 44, 57, 42, 53, 170, 71, 50, 45, 58, 1, 30, 63]"
4,128,S12,147136,64,64,max_iter,5.237174663008863,"[12, 8, 26, 14, 2, 9, 7, 4, 25, 20, 24, 18, 10, 6, 17, 19, 39, 11, 29, 3, 37, 0, 15, 22, 38, 35, 1, 16, 31, 33, 5, 27, 13, 50, 44, 41, 30, 48, 63, 46, 40, 21, 47, 61, 45, 126, 42, 221, 250, 32, 43, 178, 75, 54, 36, 235, 28, 62, 144, 236, 186, 59, 58, 98]"
4,128,S12,163392,64,64,max_iter,5.552294197526326,"[11, 15, 12, 10, 16, 13, 14, 4, 17, 20, 18, 24, 32, 1, 2, 8, 28, 30, 7, 23, 29, 25, 26, 159, 19, 39, 34, 40, 51, 33, 3, 22, 36, 31, 37, 21, 46, 27, 41, 6, 44, 0, 48, 47, 45, 42, 59, 5, 50, 63, 62, 52, 58, 9, 65, 79, 193, 66, 108, 215, 71, 101, 126, 213]"
4,128,S12,179776,64,64,max_iter,5.288441486338988,"[14, 8, 23, 18, 3, 13, 7, 19, 1, 5, 20, 4, 15, 30, 6, 16, 24, 2, 9, 25, 26, 29, 32, 34, 21, 10, 12, 154, 28, 35, 42, 27, 17, 0, 47, 39, 22, 45, 36, 44, 33, 51, 11, 46, 40, 52, 66, 49, 50, 136, 83, 61, 37, 113, 229, 155, 255, 117, 77, 251, 165, 241, 57, 53]"
4,128,S12,196032,64,64,max_iter,5.6006076895855275,"[8, 11, 9, 6, 16, 17, 18, 12, 20, 2, 4, 10, 21, 5, 3, 14, 24, 28, 15, 29, 22, 13, 32, 27, 0, 1, 26, 44, 30, 43, 34, 35, 41, 52, 38, 40, 36, 23, 33, 50, 42, 47, 7, 39, 45, 71, 48, 74, 212, 46, 61, 37, 102, 31, 59, 53, 25, 229, 210, 86, 64, 62, 65, 68]"
4,128,S12,212416,64,64,max_iter,5.441500619744794,"[7, 9, 13, 15, 11, 19, 6, 29, 3, 2, 14, 12, 18, 8, 5, 24, 17, 1, 4, 33, 27, 21, 31, 26, 30, 28, 37, 38, 0, 20, 39, 43, 10, 35, 59, 50, 52, 22, 32, 41, 45, 34, 16, 44, 48, 42, 186, 25, 201, 51, 54, 36, 23, 46, 150, 192, 234, 47, 58, 69, 49, 113, 249, 205]"
4,128,S12,228672,64,64,max_iter,5.433768244130549,"[8, 7, 9, 4, 12, 6, 10, 5, 17, 13, 3, 11, 23, 2, 24, 16, 19, 32, 18, 15, 45, 0, 28, 30, 27, 20, 35, 29, 220, 129, 1, 86, 91, 47, 41, 31, 34, 22, 36, 26, 43, 49, 33, 37, 42, 21, 38, 39, 52, 136, 25, 40, 53, 44, 50, 56, 74, 69, 48, 63, 181, 68, 206, 93]"
4,128,S12,245056,64,64,max_iter,5.642672236689282,"[13, 1, 3, 8, 10, 16, 7, 12, 18, 17, 11, 28, 15, 2, 21, 24, 5, 9, 19, 31, 29, 32, 33, 34, 26, 23, 6, 25, 0, 42, 57, 54, 38, 14, 40, 50, 39, 51, 35, 4, 36, 60, 46, 59, 45, 41, 47, 43, 55, 168, 63, 44, 22, 27, 52, 68, 20, 66, 74, 73, 53, 64, 37, 48]"
4,128,S12,261312,64,64,max_iter,5.535854626221801,"[8, 1, 3, 15, 14, 19, 6, 7, 22, 9, 4, 16, 20, 28, 21, 11, 2, 10, 41, 26, 33, 5, 0, 13, 17, 12, 34, 32, 29, 44, 31, 24, 30, 18, 42, 191, 38, 43, 46, 27, 158, 103, 54, 196, 249, 48, 253, 49, 25, 64, 40, 52, 23, 45, 39, 35, 60, 247, 122, 50, 36, 57, 47, 53]"
4,128,S12,277696,64,64,max_iter,5.598575585956515,"[9, 10, 15, 7, 17, 3, 4, 14, 1, 22, 11, 20, 13, 18, 5, 19, 32, 23, 27, 0, 6, 2, 43, 25, 40, 31, 142, 37, 28, 24, 21, 16, 12, 34, 39, 42, 45, 54, 29, 47, 48, 8, 46, 41, 33, 38, 51, 94, 61, 30, 44, 52, 50, 64, 66, 59, 71, 74, 68, 72, 103, 88, 181, 36]"
4,128,S12,293952,64,64,max_iter,5.216193678899189,"[220, 47, 12, 2, 25, 53, 8, 4, 31, 30, 169, 18, 182, 20, 28, 59, 41, 241, 100, 221, 43, 118, 54, 201, 246, 38, 160, 22, 35, 29, 57, 188, 14, 55, 40, 142, 131, 5, 120, 85, 128, 237, 81, 123, 101, 236, 159, 33, 139, 112, 92, 185, 82, 71, 74, 153, 145, 171, 130, 189, 119, 68, 24, 144]"
4,128,S12,310336,64,64,max_iter,5.507358648324512,"[10, 6, 8, 4, 11, 12, 13, 7, 9, 15, 17, 24, 19, 18, 14, 20, 16, 21, 0, 30, 25, 3, 33, 22, 44, 38, 46, 134, 31, 29, 23, 57, 71, 42, 28, 5, 50, 36, 35, 45, 40, 34, 26, 2, 39, 122, 151, 142, 54, 37, 254, 49, 53, 27, 97, 211, 79, 93, 64, 139, 32, 124, 217, 126]"
4,128,S12,326592,64,64,max_iter,5.594849848486116,"[9, 10, 5, 11, 18, 8, 20, 29, 6, 31, 7, 12, 44, 2, 47, 16, 28, 13, 27, 3, 22, 17, 14, 19, 37, 4, 33, 24, 1, 36, 0, 21, 26, 15, 25, 43, 39, 38, 23, 57, 48, 35, 155, 42, 51, 54, 46, 69, 32, 30, 135, 34, 50, 113, 161, 59, 66, 45, 49, 40, 62, 74, 150, 234]"
4,128,S12,342976,64,64,max_iter,5.8455747803481986,"[8, 17, 10, 12, 6, 26, 3, 9, 11, 18, 36, 5, 21, 27, 25, 1, 13, 20, 23, 22, 43, 15, 14, 19, 243, 223, 46, 4, 7, 35, 41, 24, 0, 45, 16, 44, 39, 28, 30, 34, 32, 33, 38, 42, 53, 40, 48, 54, 2, 50, 63, 74, 72, 31, 86, 37, 102, 237, 29, 51, 192, 174, 196, 59]"
4,128,S12,359232,64,64,max_iter,5.590057857742222,"[8, 6, 9, 10, 11, 24, 15, 4, 3, 5, 22, 31, 27, 25, 16, 23, 12, 41, 21, 20, 38, 14, 7, 19, 26, 17, 32, 1, 47, 34, 39, 40, 33, 35, 43, 44, 58, 57, 28, 51, 37, 0, 50, 46, 36, 30, 2, 83, 134, 216, 136, 55, 18, 29, 66, 100, 72, 126, 193, 215, 69, 232, 64, 45]"
4,128,S12,375616,64,64,max_iter,5.298188475186122,"[7, 8, 16, 9, 5, 26, 4, 24, 2, 21, 31, 12, 3, 11, 17, 19, 23, 13, 22, 14, 25, 15, 18, 0, 28, 30, 1, 34, 40, 43, 35, 47, 39, 27, 38, 41, 45, 54, 36, 46, 53, 44, 20, 55, 136, 32, 37, 29, 50, 56, 52, 49, 227, 69, 42, 58, 60, 72, 51, 63, 138, 64, 67, 62]"
4,128,S12,391872,64,64,max_iter,5.101748830092748,"[8, 9, 10, 21, 6, 4, 3, 16, 5, 18, 12, 29, 30, 17, 24, 23, 1, 20, 7, 43, 14, 32, 35, 19, 2, 40, 37, 0, 41, 25, 26, 34, 38, 61, 28, 51, 31, 15, 210, 36, 39, 22, 193, 13, 44, 27, 45, 164, 126, 48, 63, 253, 50, 59, 77, 46, 55, 116, 208, 117, 89, 74, 113, 188]"
4,128,S12,408256,64,64,max_iter,5.348482383030178,"[6, 8, 7, 9, 21, 2, 11, 22, 12, 4, 30, 10, 0, 32, 28, 14, 25, 34, 24, 20, 33, 31, 38, 26, 3, 40, 19, 35, 47, 16, 5, 217, 56, 84, 118, 45, 29, 17, 37, 13, 15, 36, 1, 44, 18, 49, 62, 43, 41, 184, 83, 46, 23, 125, 39, 52, 51, 147, 64, 201, 145, 210, 139, 250]"
4,128,S12,424512,64,64,max_iter,5.8050086929772124,"[9, 1, 7, 17, 18, 4, 8, 6, 14, 5, 12, 19, 24, 10, 15, 32, 27, 25, 22, 16, 21, 39, 35, 47, 40, 13, 11, 36, 34, 43, 31, 37, 45, 48, 71, 20, 0, 236, 50, 28, 23, 54, 29, 44, 42, 2, 38, 250, 234, 55, 57, 59, 193, 113, 139, 133, 53, 65, 49, 205, 148, 126, 141, 167]"
4,128,S12,440896,64,64,max_iter,5.33527052371588,"[7, 8, 9, 5, 15, 17, 3, 23, 1, 16, 11, 4, 13, 6, 25, 2, 14, 24, 31, 19, 40, 33, 39, 0, 32, 22, 27, 48, 55, 41, 12, 46, 21, 20, 43, 64, 35, 56, 10, 36, 250, 47, 28, 45, 71, 58, 38, 29, 67, 139, 228, 113, 204, 249, 53, 168, 42, 180, 125, 240, 191, 213, 253, 119]"
4,128,S12,457152,64,64,max_iter,4.822752578122236,"[12, 6, 13, 24, 5, 8, 21, 11, 3, 18, 7, 16, 22, 20, 33, 14, 4, 19, 17, 9, 32, 29, 25, 30, 28, 31, 43, 42, 116, 109, 49, 38, 236, 53, 108, 248, 134, 185, 105, 94, 214, 27, 46, 150, 232, 182, 172, 0, 190, 174, 192, 117, 37, 83, 253, 71, 149, 124, 93, 51, 180, 123, 132, 156]"
4,128,S12,473536,64,64,max_iter,5.7786050835543685,"[8, 9, 15, 16, 3, 2, 14, 7, 11, 31, 12, 23, 4, 1, 17, 10, 13, 5, 18, 0, 27, 30, 24, 26, 32, 47, 39, 21, 19, 62, 210, 29, 46, 35, 38, 64, 28, 147, 41, 161, 42, 25, 43, 6, 139, 180, 53, 37, 52, 255, 71, 236, 117, 44, 22, 51, 54, 63, 45, 219, 48, 136, 70, 20]"
4,128,S12,489792,64,64,max_iter,5.553746564177498,"[8, 14, 9, 3, 7, 4, 12, 11, 17, 15, 22, 24, 21, 26, 28, 23, 19, 33, 35, 20, 1, 5, 236, 29, 50, 6, 218, 27, 46, 0, 39, 44, 18, 36, 31, 32, 47, 40, 38, 45, 25, 122, 43, 244, 48, 142, 171, 49, 52, 57, 16, 10, 75, 70, 65, 190, 130, 97, 62, 125, 131, 185, 198, 128]"
4,128,S12,506176,64,64,max_iter,4.841621444957464,"[3, 11, 21, 8, 13, 5, 12, 6, 220, 20, 15, 14, 17, 7, 16, 30, 10, 1, 32, 29, 27, 34, 19, 26, 37, 25, 2, 42, 31, 4, 47, 35, 36, 23, 44, 33, 43, 46, 28, 237, 39, 24, 41, 9, 45, 71, 0, 55, 61, 50, 60, 94, 18, 66, 196, 215, 172, 72, 149, 224, 87, 65, 229, 191]"
5,51,S13,320,8,8,max_iter,1.875746224317972,"[9, 8, 5, 7, 96, 222, 50, 41]"
5,51,S13,19136,8,8,max_iter,1.6598825551869059,"[7, 13, 5, 12, 3, 15, 1, 9]"
5,51,S13,37952,8,8,max_iter,1.8077744055895382,"[7, 6, 21, 62, 222, 8, 46, 11]"
5,51,S13,56768,8,8,max_iter,1.8240902261667737,"[17, 13, 8, 46, 180, 33, 238, 36]"
5,51,S13,75584,8,8,max_iter,1.700620445445332,"[20, 8, 12, 27, 71, 24, 194, 58]"
5,51,S13,94400,8,8,max_iter,1.9565644048835826,"[9, 8, 31, 6, 14, 20, 4, 196]"
5,51,S13,113344,8,8,max_iter,1.817162203034743,"[6, 12, 14, 13, 230, 45, 118, 33]"
5,51,S13,132160,8,8,max_iter,1.7770271721436828,"[7, 9, 19, 8, 17, 11, 10, 219]"
5,51,S13,150976,8,8,max_iter,1.6596194190136748,"[16, 24, 12, 8, 17, 14, 18, 181]"
5,51,S13,169792,8,8,max_iter,1.6812054261949458,"[16, 33, 32, 153, 146, 8, 9, 15]"
5,51,S13,188608,8,8,max_iter,2.3731875700139256,"[1, 17, 11, 18, 8, 16, 10, 54]"
5,51,S13,207552,8,8,max_iter,1.7485016245712333,"[8, 9, 7, 10, 15, 123, 3, 6]"
5,51,S13,226368,8,8,max_iter,1.4708109668187597,"[10, 9, 20, 98, 84, 218, 153, 21]"
5,51,S13,245184,8,8,max_iter,1.7997515973254077,"[7, 8, 10, 5, 27, 16, 244, 51]"
5,51,S13,264000,8,8,max_iter,1.6852860594531072,"[5, 8, 4, 101, 217, 13, 18, 10]"
5,51,S13,282816,8,8,max_iter,1.6520603155577733,"[14, 11, 29, 47, 25, 185, 4, 3]"
5,51,S13,301760,8,8,max_iter,1.8287790945290312,"[14, 15, 13, 16, 20, 30, 9, 12]"
5,51,S13,320576,8,8,max_iter,1.7446697001293792,"[16, 26, 0, 125, 196, 13, 151, 139]"
5,51,S13,339392,8,8,max_iter,1.808178392230057,"[7, 10, 8, 9, 5, 50, 1, 227]"
5,51,S13,358208,8,8,max_iter,2.2040161992656393,"[6, 227, 10, 12, 16, 17, 22, 13]"
5,51,S13,377024,8,8,max_iter,2.117082054296244,"[7, 5, 4, 6, 125, 129, 9, 166]"
5,51,S13,395968,8,8,max_iter,1.6043261132498083,"[20, 9, 12, 15, 7, 250, 5, 27]"
5,51,S13,414784,8,8,max_iter,1.7603155528282233,"[8, 10, 4, 0, 78, 209, 194, 137]"
5,51,S13,433600,8,8,max_iter,1.7325082747472482,"[17, 13, 9, 8, 15, 31, 25, 12]"
5,51,S13,452416,8,8,max_iter,1.7258109760875084,"[15, 5, 7, 211, 12, 146, 227, 161]"
5,51,S13,471232,8,8,max_iter,1.6802461535868651,"[14, 30, 29, 137, 10, 5, 44, 233]"
5,51,S13,490176,8,8,max_iter,1.7266201967317287,"[5, 15, 10, 9, 13, 19, 14, 11]"
5,51,S13,508992,8,8,max_iter,1.6083779626136645,"[10, 7, 19, 9, 13, 52, 93, 249]"
5,51,S13,527808,8,8,max_iter,1.7737732727274353,"[10, 8, 21, 7, 2, 19, 184, 70]"
5,51,S13,546624,8,8,max_iter,1.5160329904942789,"[8, 10, 6, 17, 27, 228, 90, 118]"
5,51,S13,565440,8,8,max_iter,1.9639715365612929,"[9, 11, 168, 110, 19, 7, 143, 139]"
5,51,S13,584384,8,8,max_iter,1.6206470416558239,"[10, 21, 29, 94, 178, 179, 192, 161]"
5,51,S14,320,8,8,max_iter,1.945551353344001,"[10, 8, 21, 12, 11, 5, 3, 172]"
5,51,S14,18752,8,8,max_iter,1.7420217416299473,"[7, 8, 3, 0, 15, 186, 219, 11]"
5,51,S14,37184,8,8,max_iter,1.6196658342205374,"[8, 9, 4, 7, 6, 20, 38, 185]"
5,51,S14,55616,8,8,max_iter,1.922818788588726,"[15, 12, 14, 5, 73, 29, 19, 233]"
5,51,S14,74176,8,8,max_iter,1.9067178373810214,"[19, 17, 11, 254, 200, 1, 22, 76]"
5,51,S14,92608,8,8,max_iter,2.13755889772933,"[7, 5, 4, 3, 11, 229, 1, 171]"
5,51,S14,111040,8,8,max_iter,1.7002452679142357,"[6, 10, 11, 217, 105, 36, 98, 216]"
5,51,S14,129600,8,8,max_iter,1.8660270209079712,"[14, 6, 7, 8, 22, 15, 20, 28]"
5,51,S14,148032,8,8,max_iter,1.9051071170868696,"[4, 7, 8, 5, 16, 33, 2, 156]"
5,51,S14,166464,8,8,max_iter,2.0970308089471708,"[11, 21, 13, 7, 6, 84, 48, 20]"
5,51,S14,185024,8,8,max_iter,1.5898167029005457,"[15, 7, 9, 14, 19, 8, 227, 210]"
5,51,S14,203456,8,8,max_iter,1.844509340476668,"[13, 1, 66, 242, 177, 44, 160, 23]"
5,51,S14,221888,8,8,max_iter,1.8614639150916155,"[10, 11, 9, 20, 1, 15, 3, 30]"
5,51,S14,240448,8,8,max_iter,1.581193673879133,"[13, 11, 12, 9, 7, 15, 23, 86]"
5,51,S14,258880,8,8,max_iter,1.8462475555600388,"[11, 10, 9, 20, 6, 18, 2, 4]"
5,51,S14,277312,8,8,max_iter,1.7060453852936224,"[15, 8, 3, 13, 9, 32, 5, 2]"
5,51,S14,295872,8,8,max_iter,1.7533310801546507,"[7, 8, 14, 230, 58, 146, 60, 41]"
5,51,S14,314304,8,8,max_iter,1.6898247583714723,"[13, 5, 35, 1, 233, 61, 55, 230]"
5,51,S14,332736,8,8,max_iter,1.900157219287569,"[10, 8, 12, 3, 4, 166, 32, 190]"
5,51,S14,351296,8,8,max_iter,2.0030573614723646,"[5, 7, 6, 8, 4, 12, 3, 14]"
5,51,S14,369728,8,8,max_iter,1.7075064913223525,"[56, 192, 5, 248, 130, 197, 53, 191]"
5,51,S14,388160,8,8,max_iter,1.6520647321403785,"[8, 9, 222, 25, 17, 12, 18, 7]"
5,51,S14,406720,8,8,max_iter,1.822994969106624,"[3, 2, 8, 1, 114, 120, 36, 105]"
5,51,S14,425152,8,8,max_iter,1.8614455145759816,"[6, 222, 20, 39, 78, 4, 22, 76]"
5,51,S14,443584,8,8,max_iter,1.5584661427341697,"[11, 4, 19, 239, 123, 22, 255, 14]"
5,51,S14,462144,8,8,max_iter,1.8772403063205416,"[8, 10, 4, 6, 21, 129, 7, 5]"
5,51,S14,480576,8,8,max_iter,1.9619464998917133,"[13, 14, 6, 8, 5, 3, 9, 153]"
5,51,S14,499008,8,8,max_iter,1.7346349936322671,"[9, 11, 4, 17, 42, 14, 128, 98]"
5,51,S14,517568,8,8,max_iter,1.7510951410082467,"[9, 8, 26, 6, 4, 10, 18, 14]"
5,51,S14,536000,8,8,max_iter,1.601651836494763,"[13, 27, 250, 50, 0, 239, 232, 212]"
5,51,S14,554432,8,8,max_iter,1.7784617063494137,"[8, 208, 2, 50, 52, 154, 243, 137]"
5,51,S14,572992,8,8,max_iter,1.6694173146107871,"[7, 11, 5, 10, 9, 23, 13, 37]"
5,51,S15,320,8,8,max_iter,1.766188518704381,"[7, 11, 220, 50, 12, 6, 116, 15]"
5,51,S15,16576,8,8,max_iter,1.7099740300580673,"[7, 6, 4, 8, 14, 0, 2, 20]"
5,51,S15,32960,8,8,max_iter,1.7717908265698676,"[7, 14, 8, 5, 15, 247, 6, 110]"
5,51,S15,49344,8,8,max_iter,1.6130265249902371,"[169, 11, 8, 191, 123, 26, 124, 5]"
5,51,S15,65728,8,8,max_iter,1.6473905732516898,"[8, 15, 135, 3, 114, 150, 117, 9]"
5,51,S15,82112,8,8,max_iter,1.9375419168507562,"[4, 6, 7, 5, 250, 10, 3, 9]"
5,51,S15,98496,8,8,max_iter,1.9091681759614727,"[4, 3, 5, 6, 13, 9, 10, 20]"
5,51,S15,114880,8,8,max_iter,1.5366026756467297,"[13, 9, 15, 7, 4, 25, 3, 203]"
5,51,S15,131264,8,8,max_iter,1.9883611045012102,"[85, 227, 14, 13, 6, 87, 15, 7]"
5,51,S15,147648,8,8,max_iter,1.7780768860244744,"[15, 10, 5, 8, 7, 12, 204, 6]"
5,51,S15,164032,8,8,max_iter,1.7101342649249789,"[6, 8, 15, 17, 3, 12, 5, 0]"
5,51,S15,180288,8,8,max_iter,1.6588566262951576,"[5, 15, 12, 6, 7, 13, 8, 230]"
5,51,S15,196672,8,8,max_iter,1.7199482849408898,"[6, 10, 5, 11, 14, 163, 15, 198]"
5,51,S15,213056,8,8,max_iter,1.8224539938752269,"[9, 6, 17, 27, 157, 5, 153, 8]"
5,51,S15,229440,8,8,max_iter,1.7403822270740938,"[6, 4, 7, 2, 21, 22, 227, 10]"
5,51,S15,245824,8,8,max_iter,2.020307038755999,"[5, 12, 13, 48, 25, 9, 14, 11]"
5,51,S15,262208,8,8,max_iter,1.7950619023654306,"[15, 7, 12, 43, 114, 9, 14, 22]"
5,51,S15,278592,8,8,max_iter,1.699181715948648,"[10, 21, 29, 4, 9, 137, 120, 252]"
5,51,S15,294976,8,8,max_iter,1.5819172068124303,"[8, 10, 17, 27, 228, 5, 41, 238]"
5,51,S15,311360,8,8,max_iter,1.6467877561832929,"[11, 7, 19, 1, 28, 9, 25, 248]"
5,51,S15,327744,8,8,max_iter,1.9376652715592304,"[5, 11, 21, 3, 114, 186, 190, 60]"
5,51,S15,344000,8,8,max_iter,1.9347725779222675,"[6, 7, 15, 4, 14, 19, 9, 222]"
5,51,S15,360384,8,8,max_iter,1.6720166241027306,"[7, 6, 178, 151, 192, 203, 225, 57]"
5,51,S15,376768,8,8,max_iter,1.805647811930869,"[15, 6, 14, 31, 20, 12, 13, 24]"
5,51,S15,393152,8,8,max_iter,1.6366469425042598,"[15, 13, 12, 21, 7, 8, 25, 17]"
5,51,S15,409536,8,8,max_iter,1.7420858118777924,"[9, 3, 8, 12, 27, 2, 1, 30]"
5,51,S15,425920,8,8,max_iter,1.924320179454743,"[12, 4, 9, 6, 22, 29, 11, 5]"
5,51,S15,442304,8,8,max_iter,1.6163405071807797,"[3, 239, 2, 10, 226, 30, 21, 191]"
5,51,S15,458688,8,8,max_iter,1.8085499740189113,"[9, 7, 8, 18, 26, 11, 25, 117]"
5,51,S15,475072,8,8,max_iter,1.776530002730814,"[9, 8, 18, 73, 20, 228, 245, 69]"
5,51,S15,491456,8,8,max_iter,1.704532229218256,"[13, 135, 8, 212, 16, 10, 4, 15]"
5,51,S15,507840,8,8,max_iter,1.9445589328919908,"[8, 6, 15, 22, 4, 13, 11, 9]"
5,77,S13,320,16,16,max_iter,2.496358062843935,"[9, 8, 4, 12, 5, 7, 22, 130, 18, 44, 224, 21, 14, 16, 10, 2]"
5,77,S13,19136,16,16,max_iter,2.0553748471577804,"[7, 5, 13, 12, 9, 1, 3, 15, 26, 23, 30, 90, 204, 103, 102, 64]"
5,77,S13,37952,16,16,max_iter,2.1897394155956786,"[7, 6, 21, 8, 13, 14, 11, 10, 62, 19, 3, 26, 153, 110, 27, 172]"
5,77,S13,56768,16,16,max_iter,2.399856135224882,"[17, 13, 46, 8, 3, 14, 16, 12, 22, 1, 6, 30, 192, 15, 161, 2]"
5,77,S13,75584,16,16,max_iter,2.4302954153018512,"[20, 12, 24, 27, 13, 18, 8, 10, 207, 23, 21, 15, 30, 40, 36, 2]"
5,77,S13,94400,16,16,max_iter,2.17615627100494,"[8, 9, 4, 6, 14, 20, 15, 40, 16, 17, 11, 142, 54, 154, 0, 79]"
5,77,S13,113344,16,16,max_iter,2.273643642902843,"[12, 6, 13, 14, 9, 24, 3, 18, 5, 230, 16, 2, 26, 219, 38, 1]"
5,77,S13,132160,16,16,max_iter,2.386208414933306,"[7, 9, 17, 5, 4, 8, 24, 15, 20, 31, 91, 19, 14, 35, 227, 222]"
5,77,S13,150976,16,16,max_iter,2.1166140462324208,"[16, 24, 8, 12, 61, 46, 164, 9, 62, 213, 31, 66, 32, 18, 98, 36]"
5,77,S13,169792,16,16,max_iter,2.225156351354374,"[16, 33, 8, 15, 32, 37, 9, 31, 5, 14, 29, 12, 7, 45, 30, 10]"
5,77,S13,188608,16,16,max_iter,2.439296573790316,"[1, 17, 16, 8, 10, 7, 6, 2, 9, 0, 18, 5, 152, 158, 228, 54]"
5,77,S13,207552,16,16,max_iter,2.210995261468994,"[8, 7, 3, 9, 15, 13, 6, 10, 32, 5, 27, 19, 145, 65, 4, 164]"
5,77,S13,226368,16,16,max_iter,2.097012944625578,"[10, 9, 20, 11, 170, 27, 14, 26, 17, 246, 30, 18, 21, 16, 204, 39]"
5,77,S13,245184,16,16,max_iter,2.458241923601971,"[7, 10, 11, 5, 8, 21, 15, 16, 20, 22, 24, 19, 31, 42, 255, 158]"
5,77,S13,264000,16,16,max_iter,2.4173885811705214,"[5, 8, 4, 10, 17, 6, 2, 9, 0, 14, 21, 13, 7, 12, 19, 11]"
5,77,S13,282816,16,16,max_iter,2.218831514977824,"[11, 14, 47, 29, 25, 4, 15, 21, 3, 10, 158, 56, 185, 30, 32, 16]"
5,77,S13,301760,16,16,max_iter,2.0047157877224806,"[14, 13, 15, 16, 20, 12, 170, 174, 11, 30, 17, 27, 18, 23, 146, 10]"
5,77,S13,320576,16,16,max_iter,2.5125962976200227,"[15, 9, 11, 14, 19, 2, 3, 25, 37, 5, 29, 28, 10, 6, 4, 1]"
5,77,S13,339392,16,16,max_iter,2.612341637264052,"[7, 10, 8, 9, 5, 3, 4, 1, 18, 24, 32, 12, 20, 6, 13, 11]"
5,77,S13,358208,16,16,max_iter,2.402069323022839,"[12, 10, 6, 16, 22, 13, 17, 36, 68, 23, 8, 14, 20, 19, 5, 11]"
5,77,S13,377024,16,16,max_iter,2.4738005260295606,"[7, 5, 4, 11, 6, 10, 8, 9, 18, 13, 17, 28, 19, 12, 45, 25]"
5,77,S13,395968,16,16,max_iter,2.657778200149879,"[20, 9, 188, 253, 35, 242, 7, 139, 55, 105, 8, 11, 5, 192, 12, 15]"
5,77,S13,414784,16,16,max_iter,2.198586401457602,"[10, 8, 5, 3, 228, 12, 4, 0, 21, 9, 13, 11, 2, 7, 31, 41]"
5,77,S13,433600,16,16,max_iter,1.9380727703133367,"[13, 9, 8, 10, 12, 17, 25, 15, 28, 27, 108, 92, 34, 242, 200, 238]"
5,77,S13,452416,16,16,max_iter,2.1151045620140425,"[15, 7, 5, 12, 9, 8, 16, 13, 11, 254, 19, 21, 27, 66, 83, 94]"
5,77,S13,471232,16,16,max_iter,2.107393634275086,"[14, 30, 139, 27, 26, 255, 16, 79, 9, 31, 239, 210, 191, 151, 128, 181]"
5,77,S13,490176,16,16,max_iter,2.1440447569235115,"[5, 13, 9, 15, 10, 14, 19, 11, 8, 12, 30, 22, 100, 62, 106, 2]"
5,77,S13,508992,16,16,max_iter,2.127256383745201,"[10, 7, 19, 13, 9, 39, 30, 5, 21, 14, 6, 18, 8, 17, 0, 32]"
5,77,S13,527808,16,16,max_iter,2.360806643802747,"[10, 8, 7, 21, 19, 2, 20, 3, 1, 5, 22, 23, 101, 41, 31, 30]"
5,77,S13,546624,16,16,max_iter,2.1881681758969447,"[8, 17, 6, 27, 10, 228, 90, 11, 71, 127, 29, 78, 210, 12, 68, 14]"
5,77,S13,565440,16,16,max_iter,2.133553133534009,"[9, 11, 19, 7, 5, 30, 22, 44, 28, 189, 65, 143, 79, 186, 88, 38]"
5,77,S13,584384,16,16,max_iter,2.2116719745989504,"[10, 6, 176, 20, 202, 19, 70, 4, 47, 156, 179, 58, 43, 171, 0, 141]"
5,77,S14,320,16,16,max_iter,2.17860769202449,"[10, 8, 21, 12, 11, 5, 0, 14, 178, 155, 229, 198, 62, 30, 96, 31]"
5,77,S14,18752,16,16,max_iter,2.574919095962803,"[7, 9, 21, 11, 5, 15, 22, 3, 16, 13, 2, 1, 8, 24, 23, 28]"
5,77,S14,37184,16,16,max_iter,2.4475223348199684,"[8, 9, 6, 4, 7, 12, 5, 10, 14, 3, 20, 13, 17, 1, 24, 18]"
5,77,S14,55616,16,16,max_iter,2.038005586666374,"[15, 14, 5, 12, 11, 13, 10, 29, 19, 8, 6, 27, 17, 23, 82, 74]"
5,77,S14,74176,16,16,max_iter,2.174090964277527,"[19, 11, 17, 12, 14, 20, 6, 5, 23, 3, 125, 203, 95, 239, 18, 55]"
5,77,S14,92608,16,16,max_iter,2.355649933992457,"[7, 5, 3, 4, 13, 1, 252, 8, 6, 34, 216, 55, 66, 177, 52, 221]"
5,77,S14,111040,16,16,max_iter,2.7164579945607237,"[6, 10, 3, 20, 24, 12, 5, 1, 8, 66, 149, 177, 11, 7, 15, 40]"
5,77,S14,129600,16,16,max_iter,2.6310446272063244,"[14, 6, 8, 22, 26, 7, 20, 11, 15, 4, 28, 103, 25, 10, 19, 29]"
5,77,S14,148032,16,16,max_iter,2.2500885975542992,"[4, 5, 8, 7, 2, 33, 16, 22, 29, 142, 18, 26, 0, 234, 68, 12]"
5,77,S14,166464,16,16,max_iter,2.420907643105074,"[11, 21, 13, 7, 6, 14, 26, 5, 4, 18, 8, 23, 16, 10, 20, 110]"
5,77,S14,185024,16,16,max_iter,2.204794165246529,"[15, 14, 7, 9, 24, 19, 1, 28, 12, 30, 23, 8, 10, 102, 5, 20]"
5,77,S14,203456,16,16,max_iter,2.4426169939311118,"[13, 14, 20, 28, 16, 192, 5, 44, 15, 244, 19, 41, 186, 245, 79, 52]"
5,77,S14,221888,16,16,max_iter,2.291038881787204,"[10, 11, 9, 20, 1, 30, 3, 15, 13, 5, 19, 2, 8, 27, 22, 28]"
5,77,S14,240448,16,16,max_iter,2.3097772095111466,"[13, 11, 12, 9, 24, 7, 15, 19, 23, 17, 21, 6, 248, 170, 34, 18]"
5,77,S14,258880,16,16,max_iter,2.3019428973107767,"[11, 10, 9, 6, 20, 2, 18, 5, 12, 4, 7, 15, 8, 239, 41, 0]"
5,77,S14,277312,16,16,max_iter,2.293204547306469,"[15, 8, 13, 3, 31, 138, 2, 7, 5, 32, 9, 6, 77, 249, 244, 241]"
5,77,S14,295872,16,16,max_iter,2.2548478234837277,"[7, 8, 14, 13, 23, 110, 26, 12, 153, 41, 30, 15, 6, 199, 5, 136]"
5,77,S14,314304,16,16,max_iter,2.1994539779099798,"[13, 5, 1, 6, 7, 52, 26, 12, 28, 8, 39, 225, 38, 233, 133, 179]"
5,77,S14,332736,16,16,max_iter,2.3124627860258404,"[10, 8, 12, 3, 4, 9, 22, 11, 31, 30, 6, 19, 1, 21, 32, 17]"
5,77,S14,351296,16,16,max_iter,2.4148269236584485,"[4, 8, 7, 5, 6, 3, 12, 14, 19, 16, 15, 11, 2, 17, 173, 27]"
5,77,S14,369728,16,16,max_iter,2.5099154236536223,"[12, 10, 6, 4, 14, 11, 7, 23, 8, 21, 5, 30, 1, 230, 31, 9]"
5,77,S14,388160,16,16,max_iter,2.3451712779865432,"[8, 9, 17, 18, 10, 7, 12, 25, 5, 137, 16, 3, 14, 1, 27, 11]"
5,77,S14,406720,16,16,max_iter,2.182119067897269,"[3, 2, 8, 1, 10, 4, 11, 0, 9, 15, 5, 7, 209, 210, 142, 18]"
5,77,S14,425152,16,16,max_iter,2.5249272353363317,"[6, 13, 14, 22, 21, 23, 10, 20, 4, 2, 11, 91, 220, 215, 151, 202]"
5,77,S14,443584,16,16,max_iter,2.5814861795241995,"[7, 8, 13, 20, 14, 6, 21, 16, 4, 55, 22, 18, 28, 3, 27, 9]"
5,77,S14,462144,16,16,max_iter,2.5407431522004815,"[10, 192, 8, 5, 19, 12, 14, 22, 21, 4, 6, 23, 11, 25, 2, 33]"
5,77,S14,480576,16,16,max_iter,2.3942359589681987,"[13, 14, 8, 6, 5, 9, 3, 1, 11, 50, 30, 225, 53, 18, 4, 141]"
5,77,S14,499008,16,16,max_iter,2.5968777180762097,"[9, 11, 4, 17, 14, 19, 12, 6, 8, 7, 13, 1, 16, 29, 26, 22]"
5,77,S14,517568,16,16,max_iter,2.254361705225537,"[9, 8, 18, 10, 14, 6, 4, 26, 5, 16, 7, 0, 12, 17, 2, 3]"
5,77,S14,536000,16,16,max_iter,2.188863017181438,"[13, 12, 5, 23, 16, 3, 24, 17, 8, 9, 27, 25, 30, 101, 26, 28]"
5,77,S14,554432,16,16,max_iter,2.4144842719935267,"[8, 5, 4, 10, 11, 12, 2, 24, 9, 17, 146, 183, 13, 69, 31, 60]"
5,77,S14,572992,16,16,max_iter,2.0895115691836406,"[11, 5, 10, 7, 9, 13, 23, 37, 20, 14, 174, 243, 179, 255, 29, 12]"
5,77,S15,320,16,16,max_iter,2.587528447378773,"[12, 11, 13, 17, 15, 2, 5, 3, 28, 4, 8, 7, 1, 6, 14, 0]"
5,77,S15,16576,16,16,max_iter,2.240198044052296,"[7, 6, 4, 0, 14, 8, 2, 20, 27, 13, 9, 5, 26, 18, 90, 154]"
5,77,S15,32960,16,16,max_iter,2.627255002459786,"[7, 14, 8, 110, 6, 15, 5, 22, 10, 28, 21, 30, 32, 37, 239, 0]"
5,77,S15,49344,16,16,max_iter,2.3955226509722207,"[11, 5, 6, 17, 8, 10, 13, 9, 3, 7, 15, 4, 12, 20, 18, 21]"
5,77,S15,65728,16,16,max_iter,2.209790284290667,"[8, 15, 3, 12, 1, 9, 17, 6, 13, 5, 158, 19, 21, 110, 163, 26]"
5,77,S15,82112,16,16,max_iter,2.2747681264088415,"[5, 4, 6, 7, 3, 10, 9, 8, 2, 23, 29, 20, 0, 21, 181, 17]"
5,77,S15,98496,16,16,max_iter,2.540354347232148,"[5, 3, 4, 6, 9, 13, 1, 12, 10, 2, 7, 21, 16, 8, 29, 0]"
5,77,S15,114880,16,16,max_iter,2.1754367842910445,"[13, 9, 15, 7, 4, 25, 19, 3, 10, 5, 11, 100, 18, 104, 26, 1]"
5,77,S15,131264,16,16,max_iter,2.2978137038341795,"[13, 14, 6, 7, 23, 15, 4, 9, 3, 11, 8, 25, 5, 22, 26, 31]"
5,77,S15,147648,16,16,max_iter,2.280187132361297,"[10, 15, 5, 8, 7, 12, 30, 20, 36, 21, 19, 13, 11, 22, 48, 2]"
5,77,S15,164032,16,16,max_iter,2.38346268161172,"[8, 15, 17, 5, 3, 6, 16, 12, 7, 13, 9, 10, 25, 1, 30, 28]"
5,77,S15,180288,16,16,max_iter,2.0780302880756096,"[15, 5, 12, 7, 6, 13, 8, 9, 10, 17, 25, 22, 0, 137, 243, 44]"
5,77,S15,196672,16,16,max_iter,2.3105001592595626,"[6, 10, 5, 11, 14, 163, 12, 13, 19, 56, 15, 1, 17, 21, 22, 3]"
5,77,S15,213056,16,16,max_iter,2.269885575258036,"[9, 6, 17, 5, 8, 27, 15, 13, 11, 33, 46, 112, 223, 19, 29, 7]"
5,77,S15,229440,16,16,max_iter,2.096555729056747,"[6, 4, 10, 7, 9, 21, 2, 17, 22, 12, 157, 210, 13, 193, 5, 133]"
5,77,S15,245824,16,16,max_iter,2.4611795851215317,"[12, 5, 13, 25, 9, 14, 11, 0, 7, 17, 24, 10, 22, 27, 163, 30]"
5,77,S15,262208,16,16,max_iter,2.529176888050522,"[15, 7, 12, 9, 5, 14, 100, 38, 22, 8, 23, 227, 3, 24, 11, 142]"
5,77,S15,278592,16,16,max_iter,2.279412363335178,"[10, 21, 29, 9, 4, 30, 137, 20, 103, 120, 234, 5, 226, 123, 19, 192]"
5,77,S15,294976,16,16,max_iter,2.243055284463638,"[8, 10, 17, 27, 192, 15, 12, 103, 11, 0, 4, 158, 18, 6, 1, 9]"
5,77,S15,311360,16,16,max_iter,2.424778847197443,"[11, 7, 19, 9, 14, 25, 21, 8, 20, 4, 33, 29, 15, 10, 65, 192]"
5,77,S15,327744,16,16,max_iter,2.262280499240296,"[5, 11, 10, 2, 9, 6, 173, 4, 21, 3, 30, 0, 143, 19, 189, 1]"
5,77,S15,344000,16,16,max_iter,2.2475027583278164,"[6, 7, 15, 4, 12, 14, 10, 9, 13, 8, 5, 24, 254, 43, 154, 22]"
5,77,S15,360384,16,16,max_iter,2.159901795683799,"[6, 7, 12, 13, 11, 4, 20, 5, 9, 8, 22, 28, 89, 3, 2, 233]"
5,77,S15,376768,16,16,max_iter,2.483526991617661,"[15, 14, 6, 12, 20, 10, 4, 24, 11, 30, 2, 29, 9, 13, 16, 23]"
5,77,S15,393152,16,16,max_iter,1.9959826296951937,"[15, 13, 12, 21, 24, 7, 8, 0, 25, 16, 163, 29, 117, 171, 73, 14]"
5,77,S15,409536,16,16,max_iter,2.0976673136832695,"[9, 8, 12, 3, 4, 2, 27, 20, 5, 22, 173, 137, 220, 79, 31, 122]"
5,77,S15,425920,16,16,max_iter,2.0978196177652566,"[12, 4, 9, 6, 22, 29, 11, 5, 39, 43, 19, 60, 135, 156, 226, 14]"
5,77,S15,442304,16,16,max_iter,2.490897450158813,"[3, 5, 2, 10, 20, 9, 13, 32, 19, 11, 29, 18, 23, 15, 56, 22]"
5,77,S15,458688,16,16,max_iter,2.427673968340819,"[9, 7, 8, 18, 10, 170, 33, 11, 5, 172, 3, 25, 16, 26, 13, 22]"
5,77,S15,475072,16,16,max_iter,2.1733258443215813,"[9, 8, 18, 27, 26, 69, 17, 10, 121, 179, 243, 174, 7, 4, 5, 20]"
5,77,S15,491456,16,16,max_iter,2.5496228959045935,"[36, 8, 121, 10, 160, 239, 3, 29, 153, 26, 9, 243, 27, 4, 13, 17]"
5,77,S15,507840,16,16,max_iter,2.305085679811941,"[8, 6, 4, 22, 13, 11, 15, 9, 17, 3, 24, 32, 7, 10, 12, 137]"
5,128,S13,320,64,64,max_iter,5.4756139809337565,"[9, 8, 5, 4, 7, 12, 10, 16, 22, 21, 2, 14, 18, 17, 28, 6, 19, 20, 0, 44, 27, 30, 24, 25, 1, 48, 23, 11, 29, 33, 15, 26, 49, 3, 37, 45, 38, 43, 34, 41, 36, 35, 50, 39, 56, 51, 60, 32, 40, 146, 53, 46, 31, 88, 126, 73, 59, 174, 71, 52, 128, 231, 255, 183]"
5,128,S13,19136,64,64,max_iter,5.506863702112422,"[7, 5, 9, 13, 1, 12, 14, 3, 23, 15, 4, 17, 26, 18, 20, 21, 42, 10, 28, 29, 19, 2, 16, 24, 223, 35, 6, 22, 8, 48, 40, 159, 34, 37, 32, 36, 38, 39, 44, 0, 30, 51, 27, 46, 41, 11, 33, 47, 25, 50, 54, 31, 64, 70, 60, 73, 169, 155, 57, 115, 89, 174, 246, 113]"
5,128,S13,37952,64,64,max_iter,5.091814395234798,"[7, 6, 8, 14, 11, 21, 13, 10, 16, 26, 33, 19, 169, 38, 17, 28, 15, 18, 40, 29, 12, 23, 9, 3, 1, 39, 31, 20, 0, 5, 2, 46, 36, 54, 35, 24, 48, 42, 4, 41, 22, 50, 32, 47, 30, 27, 25, 59, 44, 61, 37, 53, 34, 170, 222, 131, 189, 137, 144, 49, 51, 135, 89, 63]"
5,128,S13,56768,64,64,max_iter,5.474378802034556,"[17, 13, 8, 3, 16, 14, 1, 12, 22, 19, 26, 15, 24, 31, 46, 2, 127, 52, 34, 18, 6, 32, 5, 9, 30, 7, 23, 21, 29, 33, 0, 27, 11, 28, 35, 44, 4, 41, 50, 42, 38, 49, 25, 45, 59, 57, 40, 67, 68, 20, 56, 39, 47, 66, 37, 92, 10, 53, 51, 60, 76, 43, 97, 119]"
5,128,S13,75584,64,64,max_iter,5.559828959207216,"[20, 12, 8, 23, 27, 13, 225, 40, 21, 15, 18, 2, 24, 30, 4, 10, 41, 19, 14, 1, 39, 22, 7, 6, 34, 43, 38, 17, 0, 42, 5, 29, 11, 35, 33, 47, 55, 51, 16, 3, 46, 36, 37, 28, 26, 45, 48, 9, 31, 49, 54, 64, 159, 62, 52, 56, 50, 70, 215, 120, 228, 179, 88, 208]"
5,128,S13,94400,64,64,max_iter,5.3768773590066035,"[8, 9, 4, 6, 14, 20, 11, 10, 15, 142, 40, 16, 17, 22, 24, 33, 32, 18, 34, 21, 3, 39, 1, 30, 42, 38, 12, 28, 25, 5, 23, 2, 51, 41, 46, 29, 19, 0, 50, 60, 53, 43, 58, 44, 27, 31, 63, 69, 48, 52, 37, 7, 45, 102, 236, 59, 100, 72, 66, 57, 47, 49, 26, 35]"
5,128,S13,113344,64,64,max_iter,6.710603213975103,"[6, 12, 13, 14, 11, 9, 2, 26, 3, 24, 5, 10, 20, 159, 16, 18, 17, 22, 25, 0, 38, 8, 21, 7, 4, 15, 48, 19, 194, 50, 60, 174, 39, 1, 41, 46, 231, 44, 75, 69, 34, 27, 115, 29, 66, 233, 222, 31, 32, 40, 51, 47, 49, 170, 157, 72, 52, 37, 57, 242, 93, 183, 145, 109]"
5,128,S13,132160,64,64,max_iter,5.721974046938057,"[7, 9, 19, 11, 8, 17, 20, 5, 15, 4, 18, 6, 10, 14, 13, 21, 24, 22, 2, 26, 27, 12, 30, 25, 29, 28, 0, 31, 38, 34, 1, 44, 57, 50, 35, 41, 39, 48, 36, 16, 107, 43, 3, 33, 23, 32, 42, 60, 58, 46, 49, 54, 47, 62, 40, 66, 74, 63, 51, 119, 37, 133, 61, 67]"
5,128,S13,150976,64,64,max_iter,5.289462224859292,"[16, 18, 14, 12, 34, 9, 8, 17, 15, 10, 20, 32, 4, 24, 62, 7, 53, 22, 2, 19, 33, 0, 25, 36, 49, 37, 30, 26, 11, 23, 42, 21, 38, 6, 51, 58, 54, 40, 5, 50, 31, 44, 48, 193, 27, 66, 28, 64, 67, 46, 47, 57, 154, 1, 60, 70, 52, 72, 125, 80, 82, 74, 120, 241]"
5,128,S13,169792,64,64,max_iter,5.80823054750027,"[16, 33, 8, 5, 32, 15, 37, 9, 31, 14, 19, 12, 21, 45, 23, 29, 49, 10, 7, 2, 30, 17, 44, 26, 94, 41, 42, 119, 121, 11, 127, 0, 48, 28, 24, 13, 40, 34, 126, 4, 36, 50, 43, 62, 46, 147, 54, 27, 65, 58, 64, 3, 87, 170, 84, 39, 69, 47, 242, 160, 168, 66, 190, 205]"
5,128,S13,188608,64,64,max_iter,5.378465949502949,"[1, 17, 8, 6, 10, 16, 7, 5, 18, 169, 34, 0, 15, 22, 2, 19, 13, 12, 9, 25, 29, 41, 3, 36, 33, 11, 32, 26, 47, 27, 24, 14, 23, 38, 21, 37, 30, 66, 61, 45, 49, 46, 50, 31, 4, 42, 39, 71, 59, 51, 65, 110, 56, 151, 179, 80, 69, 117, 134, 20, 54, 172, 233, 224]"
5,128,S13,207552,64,64,max_iter,5.360110773648449,"[8, 7, 9, 13, 5, 15, 3, 4, 2, 17, 27, 6, 10, 16, 25, 28, 240, 29, 11, 18, 35, 0, 20, 14, 30, 23, 19, 38, 43, 31, 22, 40, 47, 49, 37, 32, 39, 52, 42, 118, 45, 36, 1, 50, 46, 48, 55, 59, 33, 34, 21, 44, 24, 250, 66, 26, 57, 12, 64, 58, 72, 62, 41, 53]"
5,128,S13,226368,64,64,max_iter,5.652479427420237,"[10, 9, 11, 20, 26, 18, 14, 27, 17, 4, 30, 28, 21, 7, 12, 31, 22, 13, 24, 5, 2, 19, 47, 16, 43, 25, 8, 36, 39, 29, 84, 3, 0, 23, 59, 33, 34, 63, 45, 46, 15, 50, 38, 56, 54, 67, 252, 171, 240, 132, 160, 108, 109, 194, 193, 53, 58, 162, 227, 83, 57, 37, 55, 32]"
5,128,S13,245184,64,64,max_iter,5.800690572699064,"[10, 7, 8, 5, 21, 11, 15, 22, 20, 16, 17, 19, 24, 31, 14, 0, 192, 1, 30, 32, 2, 25, 27, 13, 6, 26, 42, 39, 41, 4, 43, 12, 3, 29, 35, 36, 50, 18, 53, 51, 37, 44, 23, 56, 66, 62, 33, 38, 46, 61, 65, 64, 119, 76, 60, 54, 34, 48, 9, 73, 201, 244, 205, 59]"
5,128,S13,264000,64,64,max_iter,5.41750672313744,"[5, 8, 4, 6, 10, 14, 17, 9, 0, 7, 18, 21, 13, 11, 2, 19, 12, 20, 26, 23, 30, 3, 27, 16, 24, 32, 41, 25, 34, 22, 31, 35, 39, 57, 47, 38, 43, 40, 48, 15, 44, 42, 36, 51, 50, 61, 29, 46, 66, 49, 59, 33, 60, 139, 147, 62, 65, 67, 28, 186, 45, 206, 54, 69]"
5,128,S13,282816,64,64,max_iter,6.024258266818323,"[11, 14, 29, 4, 25, 3, 30, 1, 15, 28, 21, 37, 10, 6, 2, 32, 55, 16, 20, 8, 9, 47, 18, 5, 0, 17, 36, 41, 42, 46, 53, 24, 7, 31, 245, 66, 254, 43, 34, 61, 142, 52, 59, 49, 35, 33, 26, 60, 45, 67, 132, 92, 85, 22, 58, 19, 209, 54, 104, 63, 128, 129, 23, 51]"
5,128,S13,301760,64,64,max_iter,4.944471474338411,"[14, 13, 15, 28, 16, 20, 18, 17, 7, 30, 11, 12, 31, 8, 10, 29, 91, 4, 41, 2, 22, 26, 21, 50, 39, 34, 5, 24, 27, 0, 40, 45, 19, 43, 1, 44, 32, 58, 46, 42, 6, 25, 9, 3, 35, 51, 57, 60, 169, 70, 193, 253, 164, 250, 144, 156, 93, 221, 168, 116, 175, 119, 149, 76]"
5,128,S13,320576,64,64,max_iter,5.745269010812474,"[16, 15, 11, 3, 19, 12, 5, 14, 2, 37, 9, 4, 28, 29, 6, 1, 10, 13, 34, 57, 30, 20, 87, 41, 96, 98, 25, 202, 17, 43, 141, 21, 35, 116, 61, 93, 192, 245, 32, 60, 146, 214, 168, 138, 182, 92, 210, 58, 107, 247, 130, 222, 171, 48, 77, 91, 204, 121, 148, 243, 27, 88, 133, 193]"
5,128,S13,339392,64,64,max_iter,5.618692360223469,"[7, 10, 8, 9, 4, 5, 3, 18, 1, 32, 24, 20, 6, 12, 11, 13, 25, 14, 44, 35, 68, 241, 29, 0, 17, 41, 39, 19, 16, 22, 27, 30, 15, 28, 51, 71, 55, 23, 36, 59, 31, 48, 26, 52, 33, 236, 2, 234, 50, 43, 53, 72, 60, 54, 63, 101, 62, 188, 186, 122, 172, 174, 38, 46]"
5,128,S13,358208,64,64,max_iter,5.600240555714366,"[10, 12, 16, 22, 6, 13, 23, 8, 20, 4, 11, 17, 14, 2, 3, 19, 1, 7, 0, 5, 24, 33, 32, 27, 44, 41, 35, 25, 37, 38, 34, 9, 29, 48, 51, 43, 71, 99, 45, 50, 21, 26, 18, 49, 63, 40, 59, 61, 15, 36, 58, 30, 53, 54, 47, 55, 39, 56, 88, 87, 60, 64, 77, 186]"
5,128,S13,377024,64,64,max_iter,5.94856638274405,"[7, 5, 4, 11, 8, 18, 10, 13, 9, 14, 17, 6, 19, 12, 22, 25, 28, 36, 45, 3, 26, 21, 0, 27, 23, 24, 37, 29, 20, 30, 16, 32, 33, 35, 31, 42, 2, 63, 44, 47, 15, 34, 54, 1, 52, 38, 46, 72, 53, 43, 210, 62, 64, 161, 56, 84, 166, 51, 41, 243, 250, 83, 67, 188]"
5,128,S13,395968,64,64,max_iter,5.73533744574898,"[9, 7, 20, 11, 5, 8, 10, 12, 2, 35, 1, 6, 15, 16, 22, 28, 3, 30, 25, 4, 34, 21, 14, 32, 0, 40, 50, 47, 24, 26, 31, 18, 182, 41, 23, 36, 33, 39, 45, 252, 27, 221, 67, 38, 13, 48, 19, 51, 43, 17, 46, 44, 56, 29, 52, 57, 58, 60, 54, 59, 65, 42, 63, 61]"
5,128,S13,414784,64,64,max_iter,5.3995511048395155,"[10, 5, 8, 4, 12, 3, 21, 11, 17, 9, 13, 2, 7, 18, 0, 1, 24, 31, 41, 20, 14, 27, 25, 35, 30, 22, 32, 29, 38, 44, 34, 28, 46, 43, 26, 52, 6, 40, 15, 37, 45, 55, 19, 48, 49, 16, 152, 53, 61, 33, 75, 202, 88, 174, 99, 140, 50, 126, 65, 175, 208, 109, 54, 36]"
5,128,S13,433600,64,64,max_iter,5.086900872652313,"[13, 9, 8, 17, 10, 14, 12, 25, 15, 27, 19, 11, 1, 28, 7, 21, 31, 24, 22, 6, 20, 5, 29, 36, 30, 26, 64, 74, 46, 47, 51, 62, 32, 18, 45, 43, 35, 41, 23, 39, 37, 53, 58, 42, 34, 56, 50, 0, 60, 48, 57, 55, 4, 44, 3, 54, 113, 228, 101, 2, 61, 122, 236, 71]"
5,128,S13,452416,64,64,max_iter,5.283064779315332,"[15, 5, 16, 13, 11, 7, 8, 12, 9, 19, 20, 21, 23, 30, 6, 14, 29, 3, 2, 18, 17, 1, 22, 37, 0, 27, 43, 10, 35, 31, 49, 48, 45, 4, 32, 39, 41, 64, 44, 42, 24, 55, 36, 57, 25, 161, 28, 76, 221, 70, 194, 56, 47, 169, 115, 243, 171, 73, 191, 210, 246, 101, 245, 187]"
5,128,S13,471232,64,64,max_iter,5.226715490632985,"[14, 29, 7, 30, 220, 9, 16, 15, 6, 2, 17, 31, 139, 27, 10, 38, 22, 37, 8, 33, 21, 18, 5, 13, 44, 23, 32, 24, 19, 0, 20, 40, 34, 4, 41, 3, 43, 241, 134, 45, 102, 84, 144, 46, 26, 226, 199, 246, 164, 152, 142, 163, 49, 232, 231, 48, 98, 156, 119, 190, 168, 101, 212, 78]"
5,128,S13,490176,64,64,max_iter,5.30897358968605,"[5, 15, 13, 9, 8, 11, 10, 19, 14, 12, 106, 16, 2, 27, 22, 17, 21, 32, 40, 34, 31, 24, 30, 20, 18, 3, 29, 28, 45, 43, 4, 57, 1, 35, 0, 56, 38, 59, 6, 46, 36, 51, 61, 23, 58, 39, 66, 67, 48, 26, 50, 47, 77, 181, 87, 163, 222, 140, 152, 80, 63, 120, 49, 179]"
5,128,S13,508992,64,64,max_iter,5.686749772248161,"[10, 7, 19, 13, 9, 8, 18, 5, 17, 30, 6, 39, 21, 28, 22, 11, 0, 29, 1, 2, 32, 3, 16, 27, 44, 26, 12, 35, 42, 47, 67, 38, 4, 25, 40, 48, 41, 46, 23, 58, 34, 31, 50, 36, 43, 24, 37, 33, 20, 14, 49, 57, 54, 63, 45, 62, 55, 52, 60, 51, 66, 77, 59, 242]"
5,128,S13,527808,64,64,max_iter,5.661115144366451,"[10, 8, 7, 19, 21, 2, 20, 3, 1, 5, 15, 30, 31, 11, 22, 90, 29, 40, 18, 16, 17, 14, 23, 41, 0, 28, 4, 24, 25, 37, 52, 48, 44, 12, 6, 35, 51, 26, 47, 54, 45, 13, 43, 34, 33, 9, 27, 36, 53, 131, 122, 146, 56, 61, 70, 167, 60, 39, 182, 190, 149, 79, 177, 234]"
5,128,S13,546624,64,64,max_iter,5.472928230173124,"[8, 10, 17, 6, 11, 27, 14, 19, 12, 18, 4, 5, 20, 2, 7, 24, 0, 16, 28, 33, 29, 9, 25, 32, 15, 21, 42, 37, 47, 13, 26, 1, 3, 23, 34, 46, 38, 31, 30, 36, 39, 41, 51, 49, 45, 40, 48, 196, 56, 44, 75, 43, 61, 64, 50, 54, 58, 131, 55, 59, 113, 60, 63, 103]"
5,128,S13,565440,64,64,max_iter,5.48076911083828,"[9, 11, 19, 7, 16, 5, 28, 20, 30, 1, 6, 13, 48, 17, 18, 15, 21, 26, 10, 3, 38, 2, 29, 22, 27, 40, 31, 0, 44, 4, 33, 37, 34, 14, 50, 41, 35, 42, 32, 45, 8, 51, 54, 24, 36, 61, 58, 23, 43, 57, 63, 46, 25, 12, 131, 83, 103, 62, 66, 56, 117, 67, 118, 52]"
5,128,S13,584384,64,64,max_iter,8.982142364078692,"[10, 6, 3, 17, 19, 20, 11, 30, 29, 18, 21, 25, 248, 194, 13, 28, 9, 26, 43, 4, 137, 148, 33, 12, 46, 200, 0, 1, 24, 45, 70, 40, 15, 77, 32, 2, 31, 35, 22, 36, 47, 92, 168, 48, 8, 5, 129, 253, 149, 7, 38, 44, 23, 27, 16, 14, 51, 37, 34, 53, 49, 63, 126, 110]"
5,128,S14,320,64,64,max_iter,5.499719304081856,"[10, 8, 21, 12, 11, 5, 14, 2, 32, 22, 4, 19, 6, 0, 18, 3, 16, 17, 28, 26, 7, 39, 29, 25, 33, 31, 37, 43, 30, 44, 13, 20, 15, 23, 42, 53, 36, 54, 51, 34, 24, 58, 9, 46, 27, 41, 1, 45, 40, 50, 65, 55, 75, 250, 63, 84, 60, 66, 64, 157, 76, 172, 234, 144]"
5,128,S14,18752,64,64,max_iter,5.327705479866615,"[7, 9, 15, 11, 5, 22, 16, 3, 8, 1, 13, 23, 24, 14, 29, 30, 32, 6, 21, 25, 26, 34, 2, 31, 17, 19, 38, 33, 12, 39, 46, 37, 48, 20, 0, 18, 47, 49, 44, 27, 41, 51, 40, 28, 35, 50, 45, 52, 60, 42, 210, 36, 185, 135, 219, 111, 86, 231, 113, 122, 234, 187, 53, 148]"
5,128,S14,37184,64,64,max_iter,6.089587623843298,"[8, 9, 4, 7, 6, 5, 14, 13, 12, 20, 3, 10, 24, 18, 11, 19, 17, 1, 0, 15, 25, 2, 29, 44, 22, 43, 21, 37, 254, 31, 30, 38, 32, 46, 26, 36, 40, 41, 23, 53, 33, 28, 47, 27, 48, 59, 63, 54, 16, 69, 57, 42, 60, 223, 45, 35, 64, 61, 65, 113, 109, 52, 34, 197]"
5,128,S14,55616,64,64,max_iter,5.292990670522888,"[15, 14, 5, 12, 29, 11, 19, 8, 10, 13, 6, 17, 23, 16, 28, 27, 25, 4, 20, 44, 21, 43, 26, 1, 47, 24, 7, 3, 18, 33, 31, 30, 45, 56, 32, 22, 38, 36, 60, 58, 157, 245, 50, 41, 2, 40, 0, 34, 190, 122, 209, 91, 206, 176, 92, 194, 177, 202, 63, 197, 162, 226, 107, 210]"
5,128,S14,74176,64,64,max_iter,5.460515706510831,"[19, 11, 17, 12, 20, 6, 5, 18, 21, 14, 13, 37, 23, 22, 9, 3, 16, 38, 32, 15, 8, 1, 36, 29, 41, 7, 39, 25, 4, 55, 31, 46, 40, 24, 42, 43, 28, 10, 2, 48, 47, 69, 49, 45, 34, 30, 33, 53, 63, 54, 70, 179, 59, 79, 93, 127, 113, 101, 188, 184, 176, 77, 227, 60]"
5,128,S14,92608,64,64,max_iter,5.4265331791865155,"[7, 5, 3, 4, 13, 1, 18, 11, 17, 6, 8, 12, 14, 27, 26, 19, 2, 25, 9, 30, 34, 20, 10, 29, 39, 47, 0, 21, 16, 23, 179, 38, 15, 32, 40, 37, 28, 35, 210, 43, 52, 117, 51, 31, 180, 255, 91, 103, 68, 172, 46, 232, 191, 64, 41, 36, 48, 72, 184, 216, 211, 57, 198, 174]"
5,128,S14,111040,64,64,max_iter,5.6539909510056585,"[6, 10, 11, 3, 7, 12, 20, 1, 15, 23, 9, 18, 29, 14, 8, 38, 30, 252, 2, 27, 21, 25, 0, 60, 24, 5, 17, 31, 35, 26, 34, 40, 16, 210, 13, 28, 193, 4, 57, 19, 32, 44, 45, 50, 36, 48, 33, 41, 46, 61, 54, 147, 37, 55, 47, 56, 71, 43, 101, 163, 67, 179, 53, 132]"
5,128,S14,129600,64,64,max_iter,5.856943976016735,"[14, 6, 8, 7, 22, 11, 20, 28, 25, 10, 4, 21, 24, 2, 26, 17, 38, 29, 19, 35, 0, 16, 13, 12, 23, 43, 5, 9, 27, 30, 41, 33, 18, 44, 39, 223, 3, 32, 42, 48, 49, 15, 40, 56, 1, 47, 34, 57, 135, 53, 102, 136, 67, 31, 46, 51, 203, 55, 83, 63, 164, 184, 59, 139]"
5,128,S14,148032,64,64,max_iter,5.155135059421947,"[4, 8, 5, 7, 16, 33, 2, 18, 1, 22, 20, 14, 0, 27, 6, 29, 12, 19, 3, 28, 25, 26, 23, 9, 30, 35, 32, 31, 11, 15, 36, 21, 44, 37, 43, 225, 45, 10, 191, 13, 42, 38, 40, 64, 41, 184, 47, 71, 59, 210, 76, 54, 63, 122, 46, 197, 168, 153, 85, 34, 218, 251, 163, 68]"
5,128,S14,166464,64,64,max_iter,5.961123783752778,"[11, 21, 13, 6, 7, 14, 18, 8, 4, 5, 23, 26, 16, 10, 20, 28, 25, 22, 12, 57, 9, 46, 35, 42, 43, 19, 30, 49, 0, 179, 81, 140, 44, 41, 27, 149, 1, 31, 15, 37, 38, 36, 17, 29, 2, 33, 51, 63, 251, 59, 32, 87, 34, 74, 55, 103, 242, 54, 167, 221, 58, 47, 252, 68]"
5,128,S14,185024,64,64,max_iter,5.31748654454125,"[14, 15, 7, 19, 28, 12, 18, 9, 31, 30, 1, 24, 8, 23, 5, 10, 20, 25, 21, 17, 6, 4, 202, 43, 16, 44, 27, 34, 2, 29, 57, 40, 0, 32, 37, 13, 11, 42, 51, 61, 126, 46, 178, 22, 41, 36, 56, 210, 45, 26, 245, 35, 38, 243, 47, 3, 113, 162, 49, 33, 141, 205, 81, 39]"
5,128,S14,203456,64,64,max_iter,5.400386460146843,"[13, 14, 28, 11, 5, 20, 15, 24, 19, 4, 32, 16, 6, 17, 8, 41, 26, 3, 12, 40, 23, 30, 9, 10, 1, 47, 21, 36, 22, 45, 42, 103, 7, 43, 31, 35, 34, 29, 48, 0, 54, 2, 190, 225, 79, 86, 69, 25, 102, 27, 141, 166, 168, 18, 82, 237, 162, 212, 208, 195, 152, 63, 121, 150]"
5,128,S14,221888,64,64,max_iter,5.452969252011624,"[10, 11, 20, 9, 15, 1, 3, 30, 13, 19, 2, 8, 4, 5, 27, 17, 41, 0, 7, 21, 39, 6, 18, 32, 221, 12, 49, 33, 22, 43, 31, 45, 50, 40, 34, 42, 148, 100, 79, 29, 102, 59, 132, 72, 99, 25, 179, 114, 66, 57, 55, 134, 48, 97, 46, 23, 51, 171, 216, 47, 254, 77, 124, 88]"
5,128,S14,240448,64,64,max_iter,5.356127528697768,"[13, 11, 12, 9, 24, 15, 7, 19, 14, 1, 21, 23, 3, 17, 20, 5, 36, 2, 18, 6, 8, 25, 16, 30, 22, 26, 29, 47, 33, 84, 45, 31, 0, 43, 50, 48, 27, 38, 41, 34, 42, 35, 44, 61, 40, 63, 46, 39, 52, 64, 60, 65, 66, 53, 67, 72, 32, 179, 51, 101, 70, 54, 135, 236]"
5,128,S14,258880,64,64,max_iter,5.506883559759814,"[11, 10, 9, 6, 20, 2, 5, 18, 4, 15, 19, 8, 7, 14, 22, 12, 16, 29, 17, 31, 21, 13, 0, 24, 30, 27, 41, 32, 1, 25, 39, 33, 26, 36, 23, 40, 35, 44, 51, 52, 45, 3, 66, 46, 38, 134, 115, 132, 233, 63, 144, 43, 70, 163, 184, 155, 126, 69, 93, 141, 74, 212, 129, 107]"
5,128,S14,277312,64,64,max_iter,5.143111052234631,"[15, 8, 9, 13, 3, 7, 5, 2, 32, 16, 129, 28, 6, 20, 159, 39, 11, 130, 0, 12, 31, 34, 38, 185, 25, 29, 216, 157, 87, 155, 231, 163, 56, 69, 176, 90, 180, 33, 146, 75, 19, 77, 4, 37, 17, 178, 124, 54, 217, 171, 107, 35, 115, 228, 113, 233, 213, 236, 40, 105, 30, 118, 252, 36]"
5,128,S14,295872,64,64,max_iter,5.085816361855884,"[14, 7, 8, 13, 23, 26, 15, 12, 24, 3, 5, 22, 16, 28, 1, 27, 9, 40, 11, 20, 10, 39, 25, 4, 31, 46, 17, 6, 18, 38, 45, 21, 41, 43, 30, 51, 48, 223, 29, 184, 201, 125, 253, 2, 34, 81, 115, 33, 35, 243, 47, 83, 162, 32, 141, 216, 147, 76, 64, 109, 61, 204, 72, 152]"
5,128,S14,314304,64,64,max_iter,5.94516806769944,"[13, 5, 7, 14, 6, 26, 1, 12, 8, 15, 27, 58, 38, 2, 193, 0, 18, 9, 19, 24, 11, 22, 16, 17, 25, 10, 44, 21, 41, 39, 23, 4, 20, 29, 31, 51, 48, 33, 46, 30, 49, 204, 160, 40, 50, 3, 102, 65, 36, 37, 63, 45, 52, 64, 159, 74, 101, 32, 42, 129, 210, 120, 103, 215]"
5,128,S14,332736,64,64,max_iter,5.560298996566522,"[10, 8, 12, 3, 4, 9, 1, 11, 19, 30, 22, 6, 32, 31, 21, 17, 7, 27, 39, 28, 15, 25, 14, 18, 16, 38, 20, 36, 43, 64, 68, 37, 33, 202, 66, 0, 154, 165, 143, 13, 117, 23, 42, 29, 223, 2, 55, 24, 198, 5, 208, 45, 50, 125, 34, 26, 56, 59, 79, 217, 182, 35, 48, 160]"
5,128,S14,351296,64,64,max_iter,5.316851458091254,"[8, 4, 7, 5, 6, 3, 12, 19, 14, 11, 2, 15, 16, 9, 27, 28, 31, 17, 29, 22, 32, 10, 26, 36, 24, 230, 21, 44, 43, 35, 18, 47, 23, 1, 41, 38, 20, 37, 33, 40, 30, 50, 34, 57, 53, 51, 56, 54, 46, 245, 58, 48, 63, 61, 49, 59, 67, 62, 65, 119, 146, 214, 142, 71]"
5,128,S14,369728,64,64,max_iter,4.952936841632241,"[10, 12, 6, 7, 14, 11, 23, 8, 5, 21, 4, 34, 25, 26, 20, 16, 1, 9, 30, 19, 18, 60, 2, 32, 36, 38, 27, 37, 33, 159, 48, 64, 22, 44, 35, 13, 42, 29, 54, 45, 209, 50, 31, 3, 39, 17, 217, 15, 41, 90, 24, 83, 184, 72, 101, 80, 40, 178, 201, 121, 112, 63, 232, 103]"
5,128,S14,388160,64,64,max_iter,6.0344588152612,"[8, 9, 18, 17, 10, 12, 5, 14, 11, 7, 27, 25, 3, 16, 1, 22, 21, 4, 34, 28, 26, 20, 33, 35, 44, 15, 29, 50, 2, 23, 19, 31, 46, 37, 32, 42, 48, 13, 52, 202, 192, 129, 111, 230, 67, 30, 60, 92, 40, 226, 170, 147, 76, 228, 56, 24, 51, 41, 175, 97, 61, 38, 6, 39]"
5,128,S14,406720,64,64,max_iter,5.380038099684452,"[3, 2, 8, 1, 10, 4, 0, 11, 7, 19, 20, 14, 28, 18, 15, 9, 5, 37, 17, 13, 29, 202, 21, 24, 12, 34, 22, 23, 39, 38, 30, 26, 25, 42, 36, 66, 40, 44, 41, 31, 49, 45, 33, 117, 51, 72, 251, 6, 229, 102, 136, 130, 56, 74, 79, 253, 88, 221, 16, 198, 57, 52, 48, 58]"
5,128,S14,425152,64,64,max_iter,5.536485433924426,"[6, 14, 13, 22, 4, 11, 8, 21, 2, 10, 20, 55, 12, 35, 26, 38, 25, 0, 19, 27, 36, 5, 28, 30, 29, 9, 40, 43, 34, 46, 83, 155, 41, 48, 59, 17, 91, 23, 15, 33, 53, 18, 3, 24, 42, 44, 31, 49, 50, 45, 37, 54, 39, 58, 70, 185, 62, 7, 65, 193, 57, 67, 179, 71]"
5,128,S14,443584,64,64,max_iter,5.060489590210988,"[7, 13, 20, 8, 28, 22, 6, 21, 14, 4, 16, 18, 3, 19, 9, 27, 40, 11, 31, 26, 23, 35, 33, 32, 29, 5, 245, 57, 17, 10, 34, 42, 2, 25, 0, 49, 15, 36, 44, 1, 51, 59, 12, 58, 53, 52, 39, 63, 37, 43, 48, 61, 38, 66, 64, 148, 88, 236, 209, 46, 234, 103, 115, 72]"
5,128,S14,462144,64,64,max_iter,5.682555249178753,"[10, 8, 5, 12, 19, 4, 22, 21, 6, 14, 23, 2, 33, 7, 24, 17, 15, 30, 29, 11, 34, 13, 32, 3, 41, 45, 0, 16, 20, 43, 1, 27, 44, 18, 28, 25, 52, 26, 63, 42, 36, 61, 57, 31, 54, 55, 56, 65, 39, 9, 49, 46, 77, 59, 99, 104, 58, 186, 38, 139, 160, 143, 130, 62]"
5,128,S14,480576,64,64,max_iter,5.75539026873852,"[13, 14, 5, 6, 8, 9, 26, 15, 0, 4, 3, 18, 11, 1, 12, 209, 145, 178, 40, 28, 17, 29, 21, 10, 31, 35, 22, 19, 2, 27, 7, 16, 44, 34, 42, 43, 24, 36, 52, 197, 38, 32, 39, 251, 49, 20, 23, 33, 46, 25, 48, 54, 51, 50, 72, 37, 61, 65, 64, 58, 56, 45, 101, 160]"
5,128,S14,499008,64,64,max_iter,5.859033105659324,"[9, 11, 17, 4, 19, 6, 14, 12, 8, 13, 7, 29, 1, 16, 27, 31, 26, 22, 23, 15, 10, 48, 5, 20, 28, 46, 34, 21, 18, 45, 56, 47, 65, 55, 41, 25, 44, 160, 162, 79, 139, 37, 194, 43, 49, 64, 24, 38, 204, 42, 2, 36, 0, 3, 59, 30, 51, 63, 53, 35, 62, 186, 178, 133]"
5,128,S14,517568,64,64,max_iter,5.240811432740437,"[9, 8, 18, 10, 26, 6, 14, 5, 7, 16, 4, 12, 0, 17, 11, 2, 1, 3, 13, 27, 35, 15, 43, 22, 28, 19, 32, 34, 21, 37, 41, 20, 44, 24, 31, 36, 52, 23, 39, 169, 40, 38, 45, 48, 54, 25, 61, 50, 29, 64, 73, 155, 250, 214, 70, 253, 115, 65, 60, 42, 55, 149, 121, 59]"
5,128,S14,536000,64,64,max_iter,5.318483694445053,"[13, 8, 5, 23, 12, 11, 10, 17, 9, 15, 26, 27, 3, 24, 14, 16, 18, 1, 30, 38, 28, 19, 25, 4, 33, 22, 20, 46, 52, 37, 254, 32, 39, 35, 36, 166, 103, 142, 190, 246, 201, 73, 243, 41, 83, 0, 40, 2, 242, 154, 217, 215, 7, 91, 75, 82, 216, 128, 44, 70, 210, 114, 232, 134]"
5,128,S14,554432,64,64,max_iter,5.098210750720629,"[8, 5, 4, 2, 12, 10, 24, 11, 9, 17, 147, 146, 0, 78, 185, 37, 15, 31, 41, 35, 33, 26, 1, 6, 65, 157, 213, 192, 19, 132, 119, 194, 205, 171, 108, 83, 32, 122, 91, 101, 202, 73, 143, 25, 190, 246, 125, 133, 216, 144, 239, 142, 45, 23, 150, 59, 193, 18, 117, 47, 197, 16, 68, 116]"
5,128,S14,572992,64,64,max_iter,5.44464649775594,"[11, 5, 10, 7, 13, 9, 23, 20, 3, 28, 12, 1, 4, 34, 26, 17, 16, 39, 29, 41, 71, 2, 18, 210, 0, 30, 40, 19, 14, 52, 47, 25, 42, 15, 43, 8, 22, 36, 48, 24, 21, 33, 45, 49, 6, 32, 37, 46, 64, 59, 31, 44, 58, 72, 51, 67, 236, 234, 174, 53, 35, 188, 192, 231]"
5,128,S15,320,64,64,max_iter,5.5037487106374146,"[12, 11, 4, 5, 17, 13, 15, 2, 3, 1, 14, 8, 7, 6, 0, 16, 18, 9, 37, 19, 22, 20, 28, 23, 38, 30, 24, 34, 35, 46, 249, 31, 32, 202, 56, 45, 159, 99, 53, 196, 55, 27, 62, 185, 89, 91, 204, 232, 29, 81, 219, 112, 10, 251, 241, 180, 39, 113, 65, 25, 156, 229, 120, 130]"
5,128,S15,16576,64,64,max_iter,5.432020757866218,"[7, 6, 14, 4, 8, 2, 0, 20, 27, 13, 5, 9, 19, 33, 16, 21, 18, 11, 1, 29, 15, 60, 24, 40, 17, 26, 39, 202, 10, 47, 12, 34, 3, 31, 22, 35, 44, 43, 46, 25, 148, 32, 48, 36, 38, 45, 41, 54, 23, 53, 59, 147, 30, 64, 118, 58, 170, 51, 67, 56, 55, 66, 49, 37]"
5,128,S15,32960,64,64,max_iter,5.646817819341694,"[7, 14, 10, 15, 22, 5, 28, 8, 6, 21, 32, 55, 3, 36, 84, 30, 24, 19, 17, 29, 26, 1, 16, 20, 43, 35, 34, 37, 18, 11, 33, 38, 44, 27, 9, 48, 12, 39, 49, 46, 50, 4, 0, 40, 23, 58, 148, 51, 63, 60, 66, 52, 62, 59, 56, 57, 67, 42, 25, 47, 41, 214, 64, 92]"
5,128,S15,49344,64,64,max_iter,5.457980425945432,"[11, 5, 6, 8, 17, 13, 7, 9, 10, 4, 3, 15, 12, 20, 21, 18, 16, 19, 2, 1, 31, 24, 0, 29, 30, 25, 28, 26, 33, 32, 27, 37, 22, 14, 40, 34, 38, 41, 44, 46, 42, 36, 47, 60, 35, 43, 39, 59, 23, 48, 57, 51, 53, 50, 65, 49, 63, 64, 218, 234, 146, 54, 66, 74]"
5,128,S15,65728,64,64,max_iter,5.448203778550843,"[8, 15, 12, 3, 5, 1, 9, 13, 19, 2, 22, 220, 11, 26, 10, 7, 17, 18, 27, 4, 6, 21, 16, 0, 40, 36, 29, 34, 20, 42, 37, 44, 33, 23, 38, 48, 41, 51, 84, 47, 202, 54, 28, 65, 49, 45, 55, 31, 58, 57, 14, 30, 39, 56, 50, 59, 70, 43, 77, 113, 136, 228, 116, 215]"
5,128,S15,82112,64,64,max_iter,5.469564260119735,"[5, 4, 6, 7, 10, 3, 8, 9, 23, 2, 20, 29, 21, 0, 1, 30, 19, 24, 11, 18, 14, 25, 27, 22, 40, 26, 35, 34, 37, 39, 38, 151, 45, 36, 28, 42, 12, 13, 59, 51, 54, 100, 72, 41, 83, 71, 43, 184, 142, 49, 61, 80, 47, 130, 58, 173, 174, 115, 244, 117, 119, 79, 226, 46]"
5,128,S15,98496,64,64,max_iter,5.356300326370459,"[5, 4, 3, 6, 9, 13, 1, 12, 7, 2, 10, 8, 21, 16, 0, 15, 29, 30, 20, 11, 26, 27, 31, 28, 22, 25, 23, 17, 33, 46, 44, 18, 34, 38, 43, 39, 47, 37, 32, 36, 41, 35, 40, 19, 63, 60, 14, 50, 66, 54, 72, 70, 64, 55, 59, 161, 236, 73, 48, 102, 101, 104, 218, 82]"
5,128,S15,114880,64,64,max_iter,4.945370865004458,"[13, 9, 15, 19, 25, 7, 5, 11, 1, 18, 17, 3, 10, 29, 0, 16, 27, 2, 26, 31, 35, 4, 40, 43, 37, 44, 6, 28, 12, 39, 24, 34, 42, 249, 49, 22, 14, 36, 38, 21, 30, 8, 33, 50, 52, 51, 64, 58, 47, 56, 63, 57, 32, 74, 62, 83, 68, 184, 70, 46, 141, 113, 101, 147]"
5,128,S15,131264,64,64,max_iter,5.58886890974588,"[13, 14, 6, 7, 4, 23, 15, 11, 9, 5, 3, 8, 24, 17, 19, 10, 26, 25, 22, 38, 1, 20, 35, 29, 43, 44, 37, 141, 2, 18, 12, 254, 202, 31, 64, 127, 172, 27, 36, 21, 0, 33, 177, 241, 137, 148, 60, 83, 109, 129, 200, 213, 91, 46, 209, 211, 40, 48, 248, 95, 16, 174, 197, 126]"
5,128,S15,147648,64,64,max_iter,5.154799607478847,"[5, 8, 15, 10, 7, 12, 30, 11, 36, 20, 13, 21, 18, 19, 22, 17, 2, 4, 26, 24, 14, 9, 25, 193, 28, 44, 27, 34, 1, 116, 43, 32, 33, 3, 65, 41, 46, 40, 50, 29, 64, 48, 245, 71, 47, 236, 58, 74, 120, 49, 31, 0, 53, 88, 70, 38, 67, 131, 51, 56, 155, 52, 63, 216]"
5,128,S15,164032,64,64,max_iter,5.486109170193514,"[8, 5, 15, 3, 16, 17, 12, 13, 7, 6, 10, 27, 9, 31, 4, 25, 1, 30, 24, 0, 28, 32, 18, 45, 182, 11, 22, 39, 14, 35, 20, 37, 29, 23, 26, 34, 33, 40, 43, 19, 63, 42, 49, 46, 21, 38, 50, 51, 41, 66, 44, 52, 54, 61, 2, 53, 83, 103, 186, 101, 72, 36, 68, 117]"
5,128,S15,180288,64,64,max_iter,5.163923828232615,"[15, 12, 5, 6, 7, 13, 8, 4, 10, 14, 9, 2, 22, 19, 25, 21, 0, 17, 23, 28, 48, 31, 18, 16, 50, 11, 3, 37, 46, 24, 36, 39, 45, 26, 34, 29, 30, 1, 42, 35, 64, 43, 20, 47, 41, 33, 59, 67, 184, 149, 40, 51, 80, 155, 70, 123, 83, 88, 57, 63, 250, 129, 61, 211]"
5,128,S15,196672,64,64,max_iter,5.131497502614513,"[6, 10, 5, 11, 1, 12, 14, 8, 4, 15, 31, 17, 13, 20, 19, 3, 22, 7, 29, 38, 21, 39, 30, 0, 37, 24, 44, 40, 26, 45, 47, 84, 60, 23, 32, 33, 16, 253, 194, 228, 64, 57, 53, 100, 46, 212, 131, 210, 168, 190, 103, 73, 163, 236, 214, 105, 54, 58, 220, 124, 76, 215, 118, 254]"
5,128,S15,213056,64,64,max_iter,6.404898728274356,"[9, 6, 17, 5, 8, 15, 27, 13, 11, 19, 12, 31, 26, 7, 33, 29, 4, 23, 35, 18, 30, 2, 1, 20, 44, 37, 34, 21, 28, 24, 22, 42, 50, 3, 48, 39, 46, 47, 10, 38, 54, 40, 51, 25, 43, 70, 32, 58, 250, 45, 59, 55, 36, 53, 165, 52, 113, 189, 153, 147, 56, 211, 155, 157]"
5,128,S15,229440,64,64,max_iter,6.328680116706772,"[4, 6, 10, 7, 9, 18, 2, 21, 11, 157, 12, 13, 19, 5, 22, 3, 14, 24, 30, 28, 31, 23, 33, 16, 32, 25, 20, 15, 17, 37, 27, 8, 44, 26, 35, 38, 40, 45, 29, 48, 56, 49, 59, 34, 166, 58, 54, 66, 213, 81, 236, 161, 217, 142, 50, 36, 0, 237, 43, 41, 39, 124, 64, 1]"
5,128,S15,245824,64,64,max_iter,5.389839711813222,"[12, 5, 13, 25, 9, 14, 11, 7, 17, 24, 36, 10, 0, 2, 22, 38, 29, 31, 46, 30, 16, 27, 159, 163, 211, 6, 49, 8, 18, 20, 44, 28, 51, 37, 21, 34, 41, 32, 23, 45, 33, 1, 63, 15, 53, 47, 58, 35, 50, 3, 52, 62, 48, 40, 68, 39, 56, 130, 179, 43, 73, 67, 66, 4]"
5,128,S15,262208,64,64,max_iter,5.81401116926631,"[15, 7, 12, 14, 11, 24, 8, 23, 22, 5, 9, 13, 3, 1, 30, 20, 6, 38, 18, 26, 21, 2, 37, 19, 4, 41, 27, 0, 10, 16, 39, 17, 53, 40, 164, 35, 31, 56, 253, 179, 61, 43, 52, 45, 33, 46, 60, 28, 29, 59, 42, 71, 34, 236, 51, 62, 25, 228, 57, 36, 64, 113, 101, 63]"
5,128,S15,278592,64,64,max_iter,5.361676587692841,"[10, 9, 4, 21, 29, 20, 19, 17, 18, 33, 14, 12, 30, 23, 5, 16, 27, 40, 31, 11, 15, 28, 25, 3, 1, 6, 7, 45, 34, 2, 44, 46, 36, 252, 22, 0, 26, 32, 47, 24, 51, 197, 43, 191, 234, 194, 236, 70, 58, 124, 100, 221, 218, 232, 231, 198, 118, 137, 241, 149, 186, 230, 185, 91]"
5,128,S15,294976,64,64,max_iter,5.789653840795703,"[8, 10, 11, 4, 12, 17, 27, 0, 18, 15, 19, 2, 6, 9, 14, 36, 28, 30, 20, 24, 21, 26, 7, 25, 1, 39, 3, 33, 38, 5, 45, 54, 23, 48, 16, 31, 155, 103, 22, 186, 43, 35, 184, 29, 83, 223, 40, 78, 107, 149, 199, 133, 67, 82, 162, 55, 80, 209, 117, 66, 32, 57, 141, 13]"
5,128,S15,311360,64,64,max_iter,5.886484215260758,"[11, 7, 19, 9, 21, 8, 20, 25, 4, 15, 10, 33, 14, 29, 192, 12, 1, 41, 38, 34, 28, 117, 13, 37, 0, 88, 17, 23, 32, 18, 2, 6, 31, 52, 22, 24, 35, 43, 42, 27, 30, 39, 3, 44, 36, 16, 48, 40, 26, 51, 49, 58, 5, 55, 59, 45, 64, 50, 47, 65, 61, 60, 72, 66]"
5,128,S15,327744,64,64,max_iter,5.610632218774198,"[5, 11, 2, 10, 9, 21, 3, 6, 4, 7, 13, 31, 30, 0, 1, 25, 19, 37, 14, 16, 35, 24, 20, 23, 42, 33, 18, 53, 91, 8, 28, 32, 41, 43, 40, 22, 52, 39, 26, 29, 36, 58, 61, 38, 54, 15, 51, 27, 17, 12, 59, 236, 71, 152, 87, 179, 108, 65, 172, 175, 44, 196, 205, 225]"
5,128,S15,344000,64,64,max_iter,6.146046036407851,"[6, 7, 15, 4, 14, 12, 10, 13, 8, 9, 22, 5, 20, 3, 24, 21, 11, 31, 18, 33, 43, 25, 41, 23, 30, 16, 29, 1, 37, 102, 40, 28, 35, 27, 208, 26, 45, 38, 207, 2, 60, 78, 17, 59, 57, 36, 192, 47, 62, 19, 58, 63, 34, 39, 69, 32, 0, 225, 55, 54, 66, 51, 67, 65]"
5,128,S15,360384,64,64,max_iter,5.237418929825743,"[6, 7, 12, 11, 13, 4, 5, 9, 15, 20, 21, 3, 1, 31, 22, 10, 32, 8, 24, 27, 19, 26, 18, 44, 14, 41, 0, 33, 16, 40, 2, 35, 38, 48, 29, 36, 34, 23, 43, 42, 30, 46, 45, 17, 49, 28, 66, 47, 58, 39, 236, 132, 206, 113, 175, 120, 233, 158, 131, 162, 94, 185, 142, 83]"
5,128,S15,376768,64,64,max_iter,6.554212897652816,"[14, 15, 6, 10, 12, 11, 24, 20, 4, 18, 2, 13, 9, 29, 30, 16, 5, 0, 19, 23, 1, 26, 37, 31, 17, 7, 27, 28, 159, 43, 47, 8, 38, 42, 36, 21, 35, 40, 25, 34, 41, 44, 53, 32, 55, 59, 63, 50, 39, 52, 22, 3, 57, 48, 68, 113, 56, 126, 211, 67, 60, 71, 46, 62]"
5,128,S15,393152,64,64,max_iter,5.177682159051761,"[15, 13, 12, 21, 7, 24, 8, 163, 0, 25, 26, 11, 14, 36, 16, 29, 2, 23, 22, 19, 27, 17, 37, 3, 40, 6, 32, 34, 33, 1, 41, 43, 20, 9, 5, 38, 42, 10, 47, 30, 48, 18, 51, 44, 54, 71, 140, 89, 61, 45, 64, 31, 202, 59, 181, 174, 129, 203, 115, 196, 117, 244, 198, 238]"
5,128,S15,409536,64,64,max_iter,5.156806725258892,"[9, 8, 12, 3, 4, 16, 30, 1, 10, 6, 14, 5, 2, 27, 22, 37, 15, 25, 26, 0, 24, 13, 11, 31, 44, 19, 21, 29, 41, 47, 43, 17, 50, 23, 20, 176, 71, 28, 38, 187, 245, 144, 181, 46, 236, 161, 34, 145, 255, 94, 182, 85, 73, 239, 108, 68, 51, 66, 52, 190, 112, 59, 93, 212]"
5,128,S15,425920,64,64,max_iter,5.055195273166498,"[12, 4, 9, 6, 11, 5, 14, 19, 29, 22, 15, 8, 156, 27, 43, 7, 16, 1, 10, 38, 0, 18, 39, 25, 33, 17, 36, 23, 40, 35, 20, 32, 24, 37, 13, 28, 26, 30, 31, 3, 47, 48, 44, 46, 64, 52, 57, 42, 218, 60, 51, 50, 56, 66, 53, 139, 155, 21, 231, 146, 73, 135, 61, 234]"
5,128,S15,442304,64,64,max_iter,5.1315496482780425,"[20, 11, 5, 10, 2, 3, 19, 9, 32, 8, 22, 18, 15, 29, 30, 13, 41, 16, 0, 12, 1, 26, 14, 28, 7, 31, 4, 23, 27, 24, 6, 39, 33, 198, 44, 50, 25, 36, 17, 34, 49, 21, 35, 59, 58, 46, 54, 61, 47, 40, 51, 48, 37, 45, 67, 52, 38, 134, 154, 62, 65, 115, 233, 57]"
5,128,S15,458688,64,64,max_iter,5.376292418258825,"[9, 8, 7, 18, 11, 5, 15, 6, 24, 16, 10, 25, 3, 22, 14, 26, 1, 33, 31, 13, 20, 2, 27, 35, 12, 19, 50, 202, 68, 49, 0, 134, 65, 4, 34, 43, 17, 21, 39, 29, 48, 23, 42, 44, 41, 32, 51, 38, 28, 58, 47, 59, 40, 67, 60, 30, 64, 45, 55, 61, 160, 74, 66, 242]"
5,128,S15,475072,64,64,max_iter,5.522909424746553,"[9, 8, 18, 21, 4, 27, 5, 7, 10, 2, 17, 69, 16, 19, 26, 24, 35, 25, 11, 1, 44, 43, 0, 20, 33, 30, 3, 15, 36, 23, 29, 13, 148, 48, 31, 87, 39, 12, 34, 254, 49, 37, 46, 113, 32, 151, 250, 163, 41, 52, 14, 64, 22, 125, 114, 218, 40, 47, 248, 73, 84, 198, 75, 179]"
5,128,S15,491456,64,64,max_iter,6.056101029983956,"[4, 8, 13, 10, 3, 15, 18, 9, 1, 21, 27, 17, 19, 29, 7, 28, 31, 25, 5, 14, 0, 16, 12, 26, 30, 20, 46, 24, 6, 43, 45, 35, 241, 23, 22, 37, 11, 41, 44, 48, 33, 58, 50, 49, 47, 34, 51, 32, 250, 60, 187, 66, 40, 56, 242, 36, 42, 177, 211, 76, 82, 157, 249, 104]"
5,128,S15,507840,64,64,max_iter,5.27119178155307,"[8, 4, 6, 22, 13, 15, 11, 9, 32, 24, 3, 10, 17, 7, 12, 21, 14, 34, 31, 23, 20, 28, 18, 38, 25, 30, 19, 40, 35, 0, 43, 46, 26, 36, 29, 16, 1, 37, 57, 56, 2, 210, 61, 103, 221, 250, 157, 49, 165, 219, 54, 163, 242, 41, 134, 238, 191, 59, 225, 83, 149, 113, 224, 67]"
